[26Feb2026 22:10:35.574] [main/INFO] [cpw.mods.modlauncher.Launcher/MODLAUNCHER]: ModLauncher running: args [--launchTarget, forgeserver, --fml.forgeVersion, 47.3.7, --fml.mcVersion, 1.20.1, --fml.forgeGroup, net.minecraftforge, --fml.mcpVersion, 20230612.114412, nogui]
[26Feb2026 22:10:35.578] [main/INFO] [cpw.mods.modlauncher.Launcher/MODLAUNCHER]: ModLauncher 10.0.9+10.0.9+main.dcd20f30 starting: java version 17.0.18 by Ubuntu; OS Linux arch amd64 version 6.8.0-1044-azure
[26Feb2026 22:10:35.623] [main/DEBUG] [cpw.mods.modlauncher.LaunchServiceHandler/MODLAUNCHER]: Found launch services [fmlclientdev,forgeclient,minecraft,forgegametestserverdev,fmlserveruserdev,fmlclient,fmldatauserdev,forgeserverdev,forgeserveruserdev,forgeclientdev,forgeclientuserdev,forgeserver,forgedatadev,fmlserver,fmlclientuserdev,fmlserverdev,forgedatauserdev,testharness,forgegametestserveruserdev]
[26Feb2026 22:10:35.642] [main/DEBUG] [cpw.mods.modlauncher.NameMappingServiceHandler/MODLAUNCHER]: Found naming services : [srgtomcp]
[26Feb2026 22:10:35.659] [main/DEBUG] [cpw.mods.modlauncher.LaunchPluginHandler/MODLAUNCHER]: Found launch plugins: [mixin,eventbus,slf4jfixer,object_holder_definalize,runtime_enum_extender,capability_token_subclass,accesstransformer,runtimedistcleaner]
[26Feb2026 22:10:35.671] [main/DEBUG] [cpw.mods.modlauncher.TransformationServicesHandler/MODLAUNCHER]: Discovering transformation services
[26Feb2026 22:10:35.677] [main/DEBUG] [net.minecraftforge.fml.loading.FMLPaths/CORE]: Path GAMEDIR is /workspaces/MI-serverXDD/servidor_minecraft
[26Feb2026 22:10:35.677] [main/DEBUG] [net.minecraftforge.fml.loading.FMLPaths/CORE]: Path MODSDIR is /workspaces/MI-serverXDD/servidor_minecraft/mods
[26Feb2026 22:10:35.678] [main/DEBUG] [net.minecraftforge.fml.loading.FMLPaths/CORE]: Path CONFIGDIR is /workspaces/MI-serverXDD/servidor_minecraft/config
[26Feb2026 22:10:35.678] [main/DEBUG] [net.minecraftforge.fml.loading.FMLPaths/CORE]: Path FMLCONFIG is /workspaces/MI-serverXDD/servidor_minecraft/config/fml.toml
[26Feb2026 22:10:36.726] [main/DEBUG] [cpw.mods.modlauncher.TransformationServicesHandler/MODLAUNCHER]: Found additional transformation services from discovery services: 
[26Feb2026 22:10:36.740] [main/INFO] [net.minecraftforge.fml.loading.ImmediateWindowHandler/]: ImmediateWindowProvider not loading because launch target is forgeserver
[26Feb2026 22:10:36.748] [main/DEBUG] [cpw.mods.modlauncher.TransformationServicesHandler/MODLAUNCHER]: Found transformer services : [mixin,fml]
[26Feb2026 22:10:36.748] [main/DEBUG] [cpw.mods.modlauncher.TransformationServicesHandler/MODLAUNCHER]: Transformation services loading
[26Feb2026 22:10:36.749] [main/DEBUG] [cpw.mods.modlauncher.TransformationServiceDecorator/MODLAUNCHER]: Loading service mixin
[26Feb2026 22:10:36.750] [main/DEBUG] [cpw.mods.modlauncher.TransformationServiceDecorator/MODLAUNCHER]: Loaded service mixin
[26Feb2026 22:10:36.750] [main/DEBUG] [cpw.mods.modlauncher.TransformationServiceDecorator/MODLAUNCHER]: Loading service fml
[26Feb2026 22:10:36.751] [main/DEBUG] [net.minecraftforge.fml.loading.LauncherVersion/CORE]: Found FMLLauncher version 1.0
[26Feb2026 22:10:36.751] [main/DEBUG] [net.minecraftforge.fml.loading.FMLLoader/CORE]: FML 1.0 loading
[26Feb2026 22:10:36.751] [main/DEBUG] [net.minecraftforge.fml.loading.FMLLoader/CORE]: FML found ModLauncher version : 10.0.9+10.0.9+main.dcd20f30
[26Feb2026 22:10:36.752] [main/DEBUG] [net.minecraftforge.fml.loading.FMLLoader/CORE]: FML found AccessTransformer version : 8.0.4+66+master.c09db6d7
[26Feb2026 22:10:36.752] [main/DEBUG] [net.minecraftforge.fml.loading.FMLLoader/CORE]: FML found EventBus version : 6.0.5+6.0.5+master.eb8e549b
[26Feb2026 22:10:36.753] [main/DEBUG] [net.minecraftforge.fml.loading.FMLLoader/CORE]: Found Runtime Dist Cleaner
[26Feb2026 22:10:36.754] [main/DEBUG] [net.minecraftforge.fml.loading.FMLLoader/CORE]: FML found CoreMod version : 5.1.6
[26Feb2026 22:10:36.755] [main/DEBUG] [net.minecraftforge.fml.loading.FMLLoader/CORE]: Found ForgeSPI package implementation version 7.0.1+7.0.1+master.d2b38bf6
[26Feb2026 22:10:36.755] [main/DEBUG] [net.minecraftforge.fml.loading.FMLLoader/CORE]: Found ForgeSPI package specification 5
[26Feb2026 22:10:36.755] [main/DEBUG] [cpw.mods.modlauncher.TransformationServiceDecorator/MODLAUNCHER]: Loaded service fml
[26Feb2026 22:10:36.756] [main/DEBUG] [cpw.mods.modlauncher.TransformationServicesHandler/MODLAUNCHER]: Configuring option handling for services
[26Feb2026 22:10:36.768] [main/DEBUG] [cpw.mods.modlauncher.TransformationServicesHandler/MODLAUNCHER]: Transformation services initializing
[26Feb2026 22:10:36.769] [main/DEBUG] [cpw.mods.modlauncher.TransformationServiceDecorator/MODLAUNCHER]: Initializing transformation service mixin
[26Feb2026 22:10:36.785] [main/DEBUG] [mixin/]: MixinService [ModLauncher] was successfully booted in cpw.mods.cl.ModuleClassLoader@7a3d45bd
[26Feb2026 22:10:36.818] [main/INFO] [mixin/]: SpongePowered MIXIN Subsystem Version=0.8.5 Source=union:/workspaces/MI-serverXDD/servidor_minecraft/libraries/org/spongepowered/mixin/0.8.5/mixin-0.8.5.jar%2365!/ Service=ModLauncher Env=SERVER
[26Feb2026 22:10:36.823] [main/DEBUG] [mixin/]: Initialising Mixin Platform Manager
[26Feb2026 22:10:36.824] [main/DEBUG] [mixin/]: Adding mixin platform agents for container ModLauncher Root Container(ModLauncher:4f56a0a2)
[26Feb2026 22:10:36.826] [main/DEBUG] [mixin/]: Instancing new MixinPlatformAgentMinecraftForge for ModLauncher Root Container(ModLauncher:4f56a0a2)
[26Feb2026 22:10:36.827] [main/DEBUG] [mixin/]: MixinPlatformAgentMinecraftForge rejected container ModLauncher Root Container(ModLauncher:4f56a0a2)
[26Feb2026 22:10:36.830] [main/DEBUG] [mixin/]: Instancing new MixinPlatformAgentDefault for ModLauncher Root Container(ModLauncher:4f56a0a2)
[26Feb2026 22:10:36.830] [main/DEBUG] [mixin/]: MixinPlatformAgentDefault accepted container ModLauncher Root Container(ModLauncher:4f56a0a2)
[26Feb2026 22:10:36.834] [main/DEBUG] [cpw.mods.modlauncher.TransformationServiceDecorator/MODLAUNCHER]: Initialized transformation service mixin
[26Feb2026 22:10:36.834] [main/DEBUG] [cpw.mods.modlauncher.TransformationServiceDecorator/MODLAUNCHER]: Initializing transformation service fml
[26Feb2026 22:10:36.834] [main/DEBUG] [net.minecraftforge.fml.loading.FMLServiceProvider/CORE]: Setting up basic FML game directories
[26Feb2026 22:10:36.835] [main/DEBUG] [net.minecraftforge.fml.loading.FMLPaths/CORE]: Path GAMEDIR is /workspaces/MI-serverXDD/servidor_minecraft
[26Feb2026 22:10:36.835] [main/DEBUG] [net.minecraftforge.fml.loading.FMLPaths/CORE]: Path MODSDIR is /workspaces/MI-serverXDD/servidor_minecraft/mods
[26Feb2026 22:10:36.835] [main/DEBUG] [net.minecraftforge.fml.loading.FMLPaths/CORE]: Path CONFIGDIR is /workspaces/MI-serverXDD/servidor_minecraft/config
[26Feb2026 22:10:36.835] [main/DEBUG] [net.minecraftforge.fml.loading.FMLPaths/CORE]: Path FMLCONFIG is /workspaces/MI-serverXDD/servidor_minecraft/config/fml.toml
[26Feb2026 22:10:36.835] [main/DEBUG] [net.minecraftforge.fml.loading.FMLServiceProvider/CORE]: Loading configuration
[26Feb2026 22:10:36.838] [main/DEBUG] [net.minecraftforge.fml.loading.FMLServiceProvider/CORE]: Preparing ModFile
[26Feb2026 22:10:36.841] [main/DEBUG] [net.minecraftforge.fml.loading.FMLServiceProvider/CORE]: Preparing launch handler
[26Feb2026 22:10:36.842] [main/DEBUG] [net.minecraftforge.fml.loading.FMLLoader/CORE]: Using forgeserver as launch service
[26Feb2026 22:10:36.855] [main/DEBUG] [net.minecraftforge.fml.loading.FMLLoader/CORE]: Received command line version data  : VersionInfo[forgeVersion=47.3.7, mcVersion=1.20.1, mcpVersion=20230612.114412, forgeGroup=net.minecraftforge]
[26Feb2026 22:10:36.857] [main/DEBUG] [cpw.mods.modlauncher.TransformationServiceDecorator/MODLAUNCHER]: Initialized transformation service fml
[26Feb2026 22:10:36.859] [main/DEBUG] [cpw.mods.modlauncher.NameMappingServiceHandler/MODLAUNCHER]: Current naming domain is 'srg'
[26Feb2026 22:10:36.860] [main/DEBUG] [cpw.mods.modlauncher.NameMappingServiceHandler/MODLAUNCHER]: Identified name mapping providers {}
[26Feb2026 22:10:36.860] [main/DEBUG] [cpw.mods.modlauncher.TransformationServicesHandler/MODLAUNCHER]: Transformation services begin scanning
[26Feb2026 22:10:36.861] [main/DEBUG] [cpw.mods.modlauncher.TransformationServiceDecorator/MODLAUNCHER]: Beginning scan trigger - transformation service mixin
[26Feb2026 22:10:36.861] [main/DEBUG] [cpw.mods.modlauncher.TransformationServiceDecorator/MODLAUNCHER]: End scan trigger - transformation service mixin
[26Feb2026 22:10:36.861] [main/DEBUG] [cpw.mods.modlauncher.TransformationServiceDecorator/MODLAUNCHER]: Beginning scan trigger - transformation service fml
[26Feb2026 22:10:36.861] [main/DEBUG] [net.minecraftforge.fml.loading.FMLServiceProvider/CORE]: Initiating mod scan
[26Feb2026 22:10:36.871] [main/DEBUG] [net.minecraftforge.fml.loading.moddiscovery.ModListHandler/CORE]: Found mod coordinates from lists: []
[26Feb2026 22:10:36.878] [main/DEBUG] [net.minecraftforge.fml.loading.moddiscovery.ModDiscoverer/CORE]: Found Mod Locators : (mods folder:null),(maven libs:null),(exploded directory:null),(minecraft:null),(userdev classpath:null)
[26Feb2026 22:10:36.880] [main/DEBUG] [net.minecraftforge.fml.loading.moddiscovery.ModDiscoverer/CORE]: Found Dependency Locators : (JarInJar:null)
[26Feb2026 22:10:36.888] [main/DEBUG] [net.minecraftforge.fml.loading.moddiscovery.ModFileParser/LOADING]: Considering mod file candidate /workspaces/MI-serverXDD/servidor_minecraft/mods/appleskin-forge-mc1.20.1-2.5.1.jar
[26Feb2026 22:10:36.940] [main/DEBUG] [net.minecraftforge.fml.loading.moddiscovery.ModFileInfo/LOADING]: Found valid mod file appleskin-forge-mc1.20.1-2.5.1.jar with {appleskin} mods - versions {2.5.1+mc1.20.1}
[26Feb2026 22:10:36.941] [main/DEBUG] [net.minecraftforge.fml.loading.moddiscovery.ModFileParser/LOADING]: Considering mod file candidate /workspaces/MI-serverXDD/servidor_minecraft/mods/architectury-9.2.14-forge.jar
[26Feb2026 22:10:36.942] [main/DEBUG] [net.minecraftforge.fml.loading.moddiscovery.ModFileInfo/LOADING]: Found valid mod file architectury-9.2.14-forge.jar with {architectury} mods - versions {9.2.14}
[26Feb2026 22:10:36.943] [main/DEBUG] [net.minecraftforge.fml.loading.moddiscovery.ModFileParser/LOADING]: Considering mod file candidate /workspaces/MI-serverXDD/servidor_minecraft/mods/balm-forge-1.20.1-7.3.38-all.jar
[26Feb2026 22:10:36.945] [main/DEBUG] [net.minecraftforge.fml.loading.moddiscovery.ModFileInfo/LOADING]: Found valid mod file balm-forge-1.20.1-7.3.38-all.jar with {balm} mods - versions {7.3.38}
[26Feb2026 22:10:36.947] [main/DEBUG] [net.minecraftforge.fml.loading.moddiscovery.ModFileParser/LOADING]: Considering mod file candidate /workspaces/MI-serverXDD/servidor_minecraft/mods/cookingforblockheads-forge-1.20.1-16.0.15.jar
[26Feb2026 22:10:36.949] [main/DEBUG] [net.minecraftforge.fml.loading.moddiscovery.ModFileInfo/LOADING]: Found valid mod file cookingforblockheads-forge-1.20.1-16.0.15.jar with {cookingforblockheads} mods - versions {16.0.15}
[26Feb2026 22:10:36.950] [main/DEBUG] [net.minecraftforge.fml.loading.moddiscovery.ModFileParser/LOADING]: Considering mod file candidate /workspaces/MI-serverXDD/servidor_minecraft/mods/culturaldelights-0.16.5.jar
[26Feb2026 22:10:36.952] [main/DEBUG] [net.minecraftforge.fml.loading.moddiscovery.ModFileInfo/LOADING]: Found valid mod file culturaldelights-0.16.5.jar with {culturaldelights} mods - versions {0.16.5}
[26Feb2026 22:10:36.955] [main/DEBUG] [net.minecraftforge.fml.loading.moddiscovery.ModFileParser/LOADING]: Considering mod file candidate /workspaces/MI-serverXDD/servidor_minecraft/mods/FallingTree-1.20.1-4.3.4.jar
[26Feb2026 22:10:36.957] [main/DEBUG] [net.minecraftforge.fml.loading.moddiscovery.ModFileInfo/LOADING]: Found valid mod file FallingTree-1.20.1-4.3.4.jar with {fallingtree} mods - versions {4.3.4}
[26Feb2026 22:10:36.959] [main/DEBUG] [net.minecraftforge.fml.loading.moddiscovery.ModFileParser/LOADING]: Considering mod file candidate /workspaces/MI-serverXDD/servidor_minecraft/mods/FarmersDelight-1.20.1-1.2.10.jar
[26Feb2026 22:10:36.960] [main/DEBUG] [net.minecraftforge.fml.loading.moddiscovery.ModFileInfo/LOADING]: Found valid mod file FarmersDelight-1.20.1-1.2.10.jar with {farmersdelight} mods - versions {1.20.1-1.2.10}
[26Feb2026 22:10:36.963] [main/DEBUG] [net.minecraftforge.fml.loading.moddiscovery.ModFileParser/LOADING]: Considering mod file candidate /workspaces/MI-serverXDD/servidor_minecraft/mods/framework-forge-1.20.1-0.8.0.jar
[26Feb2026 22:10:36.965] [main/DEBUG] [net.minecraftforge.fml.loading.moddiscovery.ModFileInfo/LOADING]: Found valid mod file framework-forge-1.20.1-0.8.0.jar with {framework} mods - versions {0.8.0}
[26Feb2026 22:10:36.967] [main/DEBUG] [net.minecraftforge.fml.loading.moddiscovery.ModFileParser/LOADING]: Considering mod file candidate /workspaces/MI-serverXDD/servidor_minecraft/mods/fruitsdelight-1.1.1.jar
[26Feb2026 22:10:36.969] [main/DEBUG] [net.minecraftforge.fml.loading.moddiscovery.ModFileInfo/LOADING]: Found valid mod file fruitsdelight-1.1.1.jar with {fruitsdelight} mods - versions {1.1.1}
[26Feb2026 22:10:36.971] [main/DEBUG] [net.minecraftforge.fml.loading.moddiscovery.ModFileParser/LOADING]: Considering mod file candidate /workspaces/MI-serverXDD/servidor_minecraft/mods/ftb-library-forge-2001.2.12.jar
[26Feb2026 22:10:36.978] [main/DEBUG] [net.minecraftforge.fml.loading.moddiscovery.ModFileInfo/LOADING]: Found valid mod file ftb-library-forge-2001.2.12.jar with {ftblibrary} mods - versions {2001.2.12}
[26Feb2026 22:10:36.979] [main/DEBUG] [net.minecraftforge.fml.loading.moddiscovery.ModFileParser/LOADING]: Considering mod file candidate /workspaces/MI-serverXDD/servidor_minecraft/mods/ftb-ultimine-forge-2001.1.7.jar
[26Feb2026 22:10:36.982] [main/DEBUG] [net.minecraftforge.fml.loading.moddiscovery.ModFileInfo/LOADING]: Found valid mod file ftb-ultimine-forge-2001.1.7.jar with {ftbultimine} mods - versions {2001.1.7}
[26Feb2026 22:10:37.000] [main/DEBUG] [net.minecraftforge.fml.loading.moddiscovery.ModFileParser/LOADING]: Considering mod file candidate /workspaces/MI-serverXDD/servidor_minecraft/mods/handcrafted-forge-1.20.1-3.0.6.jar
[26Feb2026 22:10:37.001] [main/DEBUG] [net.minecraftforge.fml.loading.moddiscovery.ModFileInfo/LOADING]: Found valid mod file handcrafted-forge-1.20.1-3.0.6.jar with {handcrafted} mods - versions {3.0.6}
[26Feb2026 22:10:37.002] [main/DEBUG] [net.minecraftforge.fml.loading.moddiscovery.ModFileParser/LOADING]: Considering mod file candidate /workspaces/MI-serverXDD/servidor_minecraft/mods/jei-1.20.1-forge-15.20.0.129.jar
[26Feb2026 22:10:37.003] [main/DEBUG] [net.minecraftforge.fml.loading.moddiscovery.ModFileInfo/LOADING]: Found valid mod file jei-1.20.1-forge-15.20.0.129.jar with {jei} mods - versions {15.20.0.129}
[26Feb2026 22:10:37.006] [main/DEBUG] [net.minecraftforge.fml.loading.moddiscovery.ModFileParser/LOADING]: Considering mod file candidate /workspaces/MI-serverXDD/servidor_minecraft/mods/journeymap-1.20.1-5.10.3-forge.jar
[26Feb2026 22:10:37.007] [main/DEBUG] [net.minecraftforge.fml.loading.moddiscovery.ModFileInfo/LOADING]: Found valid mod file journeymap-1.20.1-5.10.3-forge.jar with {journeymap} mods - versions {5.10.3}
[26Feb2026 22:10:37.049] [main/DEBUG] [net.minecraftforge.fml.loading.moddiscovery.ModFileParser/LOADING]: Considering mod file candidate /workspaces/MI-serverXDD/servidor_minecraft/mods/refurbished_furniture-forge-1.20.1-1.0.20.jar
[26Feb2026 22:10:37.051] [main/DEBUG] [net.minecraftforge.fml.loading.moddiscovery.ModFileInfo/LOADING]: Found valid mod file refurbished_furniture-forge-1.20.1-1.0.20.jar with {refurbished_furniture} mods - versions {1.0.20}
[26Feb2026 22:10:37.052] [main/DEBUG] [net.minecraftforge.fml.loading.moddiscovery.ModFileParser/LOADING]: Considering mod file candidate /workspaces/MI-serverXDD/servidor_minecraft/mods/resourcefullib-forge-1.20.1-2.1.29.jar
[26Feb2026 22:10:37.053] [main/DEBUG] [net.minecraftforge.fml.loading.moddiscovery.ModFileInfo/LOADING]: Found valid mod file resourcefullib-forge-1.20.1-2.1.29.jar with {resourcefullib} mods - versions {2.1.29}
[26Feb2026 22:10:37.054] [main/DEBUG] [net.minecraftforge.fml.loading.moddiscovery.ModFileParser/LOADING]: Considering mod file candidate /workspaces/MI-serverXDD/servidor_minecraft/mods/sophisticatedbackpacks-1.20.1-3.24.24.1538.jar
[26Feb2026 22:10:37.055] [main/DEBUG] [net.minecraftforge.fml.loading.moddiscovery.ModFileInfo/LOADING]: Found valid mod file sophisticatedbackpacks-1.20.1-3.24.24.1538.jar with {sophisticatedbackpacks} mods - versions {3.24.24.1538}
[26Feb2026 22:10:37.056] [main/DEBUG] [net.minecraftforge.fml.loading.moddiscovery.ModFileParser/LOADING]: Considering mod file candidate /workspaces/MI-serverXDD/servidor_minecraft/mods/sophisticatedcore-1.20.1-1.3.5.1505.jar
[26Feb2026 22:10:37.057] [main/DEBUG] [net.minecraftforge.fml.loading.moddiscovery.ModFileInfo/LOADING]: Found valid mod file sophisticatedcore-1.20.1-1.3.5.1505.jar with {sophisticatedcore} mods - versions {1.3.5.1505}
[26Feb2026 22:10:37.224] [main/DEBUG] [net.minecraftforge.fml.loading.moddiscovery.ModFileInfo/LOADING]: Found valid mod file server-1.20.1-20230612.114412-srg.jar with {minecraft} mods - versions {1.20.1}
[26Feb2026 22:10:37.230] [main/DEBUG] [net.minecraftforge.fml.loading.moddiscovery.ModFileParser/LOADING]: Considering mod file candidate /workspaces/MI-serverXDD/servidor_minecraft/libraries/net/minecraftforge/fmlcore/1.20.1-47.3.7/fmlcore-1.20.1-47.3.7.jar
[26Feb2026 22:10:37.230] [main/WARN] [net.minecraftforge.fml.loading.moddiscovery.ModFileParser/LOADING]: Mod file /workspaces/MI-serverXDD/servidor_minecraft/libraries/net/minecraftforge/fmlcore/1.20.1-47.3.7/fmlcore-1.20.1-47.3.7.jar is missing mods.toml file
[26Feb2026 22:10:37.231] [main/DEBUG] [net.minecraftforge.fml.loading.moddiscovery.ModFileParser/LOADING]: Considering mod file candidate /workspaces/MI-serverXDD/servidor_minecraft/libraries/net/minecraftforge/javafmllanguage/1.20.1-47.3.7/javafmllanguage-1.20.1-47.3.7.jar
[26Feb2026 22:10:37.232] [main/WARN] [net.minecraftforge.fml.loading.moddiscovery.ModFileParser/LOADING]: Mod file /workspaces/MI-serverXDD/servidor_minecraft/libraries/net/minecraftforge/javafmllanguage/1.20.1-47.3.7/javafmllanguage-1.20.1-47.3.7.jar is missing mods.toml file
[26Feb2026 22:10:37.234] [main/DEBUG] [net.minecraftforge.fml.loading.moddiscovery.ModFileParser/LOADING]: Considering mod file candidate /workspaces/MI-serverXDD/servidor_minecraft/libraries/net/minecraftforge/lowcodelanguage/1.20.1-47.3.7/lowcodelanguage-1.20.1-47.3.7.jar
[26Feb2026 22:10:37.236] [main/WARN] [net.minecraftforge.fml.loading.moddiscovery.ModFileParser/LOADING]: Mod file /workspaces/MI-serverXDD/servidor_minecraft/libraries/net/minecraftforge/lowcodelanguage/1.20.1-47.3.7/lowcodelanguage-1.20.1-47.3.7.jar is missing mods.toml file
[26Feb2026 22:10:37.238] [main/DEBUG] [net.minecraftforge.fml.loading.moddiscovery.ModFileParser/LOADING]: Considering mod file candidate /workspaces/MI-serverXDD/servidor_minecraft/libraries/net/minecraftforge/mclanguage/1.20.1-47.3.7/mclanguage-1.20.1-47.3.7.jar
[26Feb2026 22:10:37.239] [main/WARN] [net.minecraftforge.fml.loading.moddiscovery.ModFileParser/LOADING]: Mod file /workspaces/MI-serverXDD/servidor_minecraft/libraries/net/minecraftforge/mclanguage/1.20.1-47.3.7/mclanguage-1.20.1-47.3.7.jar is missing mods.toml file
[26Feb2026 22:10:37.322] [main/DEBUG] [net.minecraftforge.fml.loading.moddiscovery.ModFileParser/LOADING]: Considering mod file candidate /workspaces/MI-serverXDD/servidor_minecraft/libraries/net/minecraftforge/forge/1.20.1-47.3.7/forge-1.20.1-47.3.7-universal.jar
[26Feb2026 22:10:37.325] [main/DEBUG] [net.minecraftforge.fml.loading.moddiscovery.ModFileInfo/LOADING]: Found valid mod file forge-1.20.1-47.3.7-universal.jar with {forge} mods - versions {47.3.7}
[26Feb2026 22:10:37.360] [main/DEBUG] [net.minecraftforge.fml.loading.moddiscovery.AbstractJarFileDependencyLocator/]: Failed to load resource META-INF/jarjar/metadata.json from server-1.20.1-20230612.114412-srg.jar, it does not contain dependency information.
[26Feb2026 22:10:37.361] [main/DEBUG] [net.minecraftforge.fml.loading.moddiscovery.AbstractJarFileDependencyLocator/]: Failed to load resource META-INF/jarjar/metadata.json from FarmersDelight-1.20.1-1.2.10.jar, it does not contain dependency information.
[26Feb2026 22:10:37.362] [main/DEBUG] [net.minecraftforge.fml.loading.moddiscovery.AbstractJarFileDependencyLocator/]: Failed to load resource META-INF/jarjar/metadata.json from handcrafted-forge-1.20.1-3.0.6.jar, it does not contain dependency information.
[26Feb2026 22:10:37.362] [main/DEBUG] [net.minecraftforge.fml.loading.moddiscovery.AbstractJarFileDependencyLocator/]: Failed to load resource META-INF/jarjar/metadata.json from ftb-ultimine-forge-2001.1.7.jar, it does not contain dependency information.
[26Feb2026 22:10:37.362] [main/DEBUG] [net.minecraftforge.fml.loading.moddiscovery.AbstractJarFileDependencyLocator/]: Failed to load resource META-INF/jarjar/metadata.json from sophisticatedbackpacks-1.20.1-3.24.24.1538.jar, it does not contain dependency information.
[26Feb2026 22:10:37.362] [main/DEBUG] [net.minecraftforge.fml.loading.moddiscovery.AbstractJarFileDependencyLocator/]: Failed to load resource META-INF/jarjar/metadata.json from ftb-library-forge-2001.2.12.jar, it does not contain dependency information.
[26Feb2026 22:10:37.363] [main/DEBUG] [net.minecraftforge.fml.loading.moddiscovery.AbstractJarFileDependencyLocator/]: Failed to load resource META-INF/jarjar/metadata.json from culturaldelights-0.16.5.jar, it does not contain dependency information.
[26Feb2026 22:10:37.363] [main/DEBUG] [net.minecraftforge.fml.loading.moddiscovery.AbstractJarFileDependencyLocator/]: Failed to load resource META-INF/jarjar/metadata.json from architectury-9.2.14-forge.jar, it does not contain dependency information.
[26Feb2026 22:10:37.363] [main/DEBUG] [net.minecraftforge.fml.loading.moddiscovery.AbstractJarFileDependencyLocator/]: Failed to load resource META-INF/jarjar/metadata.json from appleskin-forge-mc1.20.1-2.5.1.jar, it does not contain dependency information.
[26Feb2026 22:10:37.364] [main/DEBUG] [net.minecraftforge.fml.loading.moddiscovery.AbstractJarFileDependencyLocator/]: Failed to load resource META-INF/jarjar/metadata.json from refurbished_furniture-forge-1.20.1-1.0.20.jar, it does not contain dependency information.
[26Feb2026 22:10:37.364] [main/DEBUG] [net.minecraftforge.fml.loading.moddiscovery.AbstractJarFileDependencyLocator/]: Failed to load resource META-INF/jarjar/metadata.json from jei-1.20.1-forge-15.20.0.129.jar, it does not contain dependency information.
[26Feb2026 22:10:37.364] [main/DEBUG] [net.minecraftforge.fml.loading.moddiscovery.AbstractJarFileDependencyLocator/]: Failed to load resource META-INF/jarjar/metadata.json from framework-forge-1.20.1-0.8.0.jar, it does not contain dependency information.
[26Feb2026 22:10:37.365] [main/DEBUG] [net.minecraftforge.fml.loading.moddiscovery.AbstractJarFileDependencyLocator/]: Failed to load resource META-INF/jarjar/metadata.json from FallingTree-1.20.1-4.3.4.jar, it does not contain dependency information.
[26Feb2026 22:10:37.365] [main/DEBUG] [net.minecraftforge.fml.loading.moddiscovery.AbstractJarFileDependencyLocator/]: Failed to load resource META-INF/jarjar/metadata.json from forge-1.20.1-47.3.7-universal.jar, it does not contain dependency information.
[26Feb2026 22:10:37.365] [main/DEBUG] [net.minecraftforge.fml.loading.moddiscovery.AbstractJarFileDependencyLocator/]: Failed to load resource META-INF/jarjar/metadata.json from sophisticatedcore-1.20.1-1.3.5.1505.jar, it does not contain dependency information.
[26Feb2026 22:10:37.366] [main/DEBUG] [net.minecraftforge.fml.loading.moddiscovery.AbstractJarFileDependencyLocator/]: Failed to load resource META-INF/jarjar/metadata.json from journeymap-1.20.1-5.10.3-forge.jar, it does not contain dependency information.
[26Feb2026 22:10:37.366] [main/DEBUG] [net.minecraftforge.fml.loading.moddiscovery.AbstractJarFileDependencyLocator/]: Failed to load resource META-INF/jarjar/metadata.json from cookingforblockheads-forge-1.20.1-16.0.15.jar, it does not contain dependency information.
[26Feb2026 22:10:37.366] [main/DEBUG] [net.minecraftforge.fml.loading.moddiscovery.AbstractJarFileDependencyLocator/]: Failed to load resource META-INF/jarjar/metadata.json from mclanguage-1.20.1-47.3.7.jar, it does not contain dependency information.
[26Feb2026 22:10:37.366] [main/DEBUG] [net.minecraftforge.fml.loading.moddiscovery.AbstractJarFileDependencyLocator/]: Failed to load resource META-INF/jarjar/metadata.json from javafmllanguage-1.20.1-47.3.7.jar, it does not contain dependency information.
[26Feb2026 22:10:37.366] [main/DEBUG] [net.minecraftforge.fml.loading.moddiscovery.AbstractJarFileDependencyLocator/]: Failed to load resource META-INF/jarjar/metadata.json from fmlcore-1.20.1-47.3.7.jar, it does not contain dependency information.
[26Feb2026 22:10:37.367] [main/DEBUG] [net.minecraftforge.fml.loading.moddiscovery.AbstractJarFileDependencyLocator/]: Failed to load resource META-INF/jarjar/metadata.json from lowcodelanguage-1.20.1-47.3.7.jar, it does not contain dependency information.
[26Feb2026 22:10:37.459] [main/DEBUG] [net.minecraftforge.fml.loading.moddiscovery.ModFileParser/LOADING]: Considering mod file candidate 
[26Feb2026 22:10:37.462] [main/DEBUG] [net.minecraftforge.fml.loading.moddiscovery.ModFileInfo/LOADING]: Found valid mod file mixinextras-forge-0.2.0-beta.8.jar with {mixinextras} mods - versions {0.2.0-beta.8}
[26Feb2026 22:10:37.475] [main/DEBUG] [net.minecraftforge.fml.loading.moddiscovery.ModFileParser/LOADING]: Considering mod file candidate 
[26Feb2026 22:10:37.476] [main/DEBUG] [net.minecraftforge.fml.loading.moddiscovery.ModFileInfo/LOADING]: Found valid mod file l2harvester-0.1.2.jar with {l2harvester} mods - versions {0.1.2}
[26Feb2026 22:10:37.487] [main/DEBUG] [net.minecraftforge.fml.loading.moddiscovery.ModFileParser/LOADING]: Considering mod file candidate 
[26Feb2026 22:10:37.488] [main/DEBUG] [net.minecraftforge.fml.loading.moddiscovery.ModFileInfo/LOADING]: Found valid mod file l2library-2.4.11-slim.jar with {l2library} mods - versions {2.4.11}
[26Feb2026 22:10:37.489] [main/DEBUG] [net.minecraftforge.fml.loading.moddiscovery.ModFileParser/LOADING]: Considering mod file candidate 
[26Feb2026 22:10:37.490] [main/DEBUG] [net.minecraftforge.fml.loading.moddiscovery.ModFileInfo/LOADING]: Found valid mod file kuma-api-forge-20.1.12+1.20.1.jar with {kuma_api} mods - versions {20.1.12}
[26Feb2026 22:10:37.490] [main/DEBUG] [net.minecraftforge.fml.loading.moddiscovery.AbstractJarFileDependencyLocator/]: Failed to load resource META-INF/jarjar/metadata.json from yabn-1.0.3.jar, it does not contain dependency information.
[26Feb2026 22:10:37.491] [main/DEBUG] [net.minecraftforge.fml.loading.moddiscovery.AbstractJarFileDependencyLocator/]: Failed to load resource META-INF/jarjar/metadata.json from bytecodecs-1.0.2.jar, it does not contain dependency information.
[26Feb2026 22:10:37.496] [main/DEBUG] [net.minecraftforge.fml.loading.moddiscovery.AbstractJarFileDependencyLocator/]: Failed to load resource META-INF/jarjar/metadata.json from Registrate-MC1.20-1.3.11.jar, it does not contain dependency information.
[26Feb2026 22:10:37.498] [main/DEBUG] [net.minecraftforge.fml.loading.moddiscovery.ModFileParser/LOADING]: Considering mod file candidate 
[26Feb2026 22:10:37.499] [main/DEBUG] [net.minecraftforge.fml.loading.moddiscovery.ModFileInfo/LOADING]: Found valid mod file l2harvester05x-0.1.2.jar with {l2harvester05x} mods - versions {0.1.2}
[26Feb2026 22:10:37.500] [main/DEBUG] [net.minecraftforge.fml.loading.moddiscovery.ModFileParser/LOADING]: Considering mod file candidate 
[26Feb2026 22:10:37.502] [main/DEBUG] [net.minecraftforge.fml.loading.moddiscovery.ModFileInfo/LOADING]: Found valid mod file l2harvester60x-0.1.2.jar with {l2harvester60x} mods - versions {0.1.2}
[26Feb2026 22:10:37.502] [main/DEBUG] [net.minecraftforge.fml.loading.moddiscovery.AbstractJarFileDependencyLocator/]: Failed to load resource META-INF/jarjar/metadata.json from l2serial-1.2.0.jar, it does not contain dependency information.
[26Feb2026 22:10:37.502] [main/DEBUG] [net.minecraftforge.fml.loading.moddiscovery.AbstractJarFileDependencyLocator/]: Failed to load resource META-INF/jarjar/metadata.json from l2library-2.4.11-slim.jar, it does not contain dependency information.
[26Feb2026 22:10:37.502] [main/DEBUG] [net.minecraftforge.fml.loading.moddiscovery.AbstractJarFileDependencyLocator/]: Failed to load resource META-INF/jarjar/metadata.json from kuma-api-forge-20.1.12+1.20.1.jar, it does not contain dependency information.
[26Feb2026 22:10:37.503] [main/DEBUG] [net.minecraftforge.fml.loading.moddiscovery.AbstractJarFileDependencyLocator/]: Failed to load resource META-INF/jarjar/metadata.json from MixinExtras-0.2.0-beta.8.jar, it does not contain dependency information.
[26Feb2026 22:10:37.503] [main/DEBUG] [net.minecraftforge.fml.loading.moddiscovery.AbstractJarFileDependencyLocator/]: Failed to load resource META-INF/jarjar/metadata.json from l2harvester05x-0.1.2.jar, it does not contain dependency information.
[26Feb2026 22:10:37.503] [main/DEBUG] [net.minecraftforge.fml.loading.moddiscovery.AbstractJarFileDependencyLocator/]: Failed to load resource META-INF/jarjar/metadata.json from l2harvester60x-0.1.2.jar, it does not contain dependency information.
[26Feb2026 22:10:37.562] [main/DEBUG] [net.minecraftforge.fml.loading.moddiscovery.ModFileParser/LOADING]: Considering mod file candidate 
[26Feb2026 22:10:37.563] [main/DEBUG] [net.minecraftforge.fml.loading.moddiscovery.ModFileInfo/LOADING]: Found valid mod file l2harvester05x-0.1.2.jar with {l2harvester05x} mods - versions {0.1.2}
[26Feb2026 22:10:37.564] [main/DEBUG] [net.minecraftforge.fml.loading.moddiscovery.ModFileParser/LOADING]: Considering mod file candidate 
[26Feb2026 22:10:37.565] [main/DEBUG] [net.minecraftforge.fml.loading.moddiscovery.ModFileInfo/LOADING]: Found valid mod file l2harvester-0.1.2.jar with {l2harvester} mods - versions {0.1.2}
[26Feb2026 22:10:37.574] [main/DEBUG] [net.minecraftforge.fml.loading.moddiscovery.ModFileParser/LOADING]: Considering mod file candidate 
[26Feb2026 22:10:37.575] [main/DEBUG] [net.minecraftforge.fml.loading.moddiscovery.ModFileInfo/LOADING]: Found valid mod file l2library-2.4.11-slim.jar with {l2library} mods - versions {2.4.11}
[26Feb2026 22:10:37.576] [main/DEBUG] [net.minecraftforge.fml.loading.moddiscovery.ModFileParser/LOADING]: Considering mod file candidate 
[26Feb2026 22:10:37.576] [main/DEBUG] [net.minecraftforge.fml.loading.moddiscovery.ModFileInfo/LOADING]: Found valid mod file mixinextras-forge-0.2.0-beta.8.jar with {mixinextras} mods - versions {0.2.0-beta.8}
[26Feb2026 22:10:37.580] [main/DEBUG] [net.minecraftforge.fml.loading.moddiscovery.ModFileParser/LOADING]: Considering mod file candidate 
[26Feb2026 22:10:37.581] [main/DEBUG] [net.minecraftforge.fml.loading.moddiscovery.ModFileInfo/LOADING]: Found valid mod file kuma-api-forge-20.1.12+1.20.1.jar with {kuma_api} mods - versions {20.1.12}
[26Feb2026 22:10:37.582] [main/DEBUG] [net.minecraftforge.fml.loading.moddiscovery.ModFileParser/LOADING]: Considering mod file candidate 
[26Feb2026 22:10:37.583] [main/DEBUG] [net.minecraftforge.fml.loading.moddiscovery.ModFileInfo/LOADING]: Found valid mod file l2harvester60x-0.1.2.jar with {l2harvester60x} mods - versions {0.1.2}
[26Feb2026 22:10:37.586] [main/INFO] [net.minecraftforge.fml.loading.moddiscovery.JarInJarDependencyLocator/]: Found 11 dependencies adding them to mods collection
[26Feb2026 22:10:37.588] [main/DEBUG] [net.minecraftforge.fml.loading.moddiscovery.ModFileParser/LOADING]: Considering mod file candidate /workspaces/MI-serverXDD/servidor_minecraft/mods/FarmersDelight-1.20.1-1.2.10.jar
[26Feb2026 22:10:37.589] [main/DEBUG] [net.minecraftforge.fml.loading.moddiscovery.ModFileInfo/LOADING]: Found valid mod file FarmersDelight-1.20.1-1.2.10.jar with {farmersdelight} mods - versions {1.20.1-1.2.10}
[26Feb2026 22:10:37.592] [main/DEBUG] [net.minecraftforge.fml.loading.moddiscovery.ModFile/LOADING]: Loading mod file /workspaces/MI-serverXDD/servidor_minecraft/mods/FarmersDelight-1.20.1-1.2.10.jar with languages [LanguageSpec[languageName=javafml, acceptedVersions=[46,)]]
[26Feb2026 22:10:37.594] [main/DEBUG] [net.minecraftforge.fml.loading.moddiscovery.ModFileInfo/LOADING]: Found valid mod file server-1.20.1-20230612.114412-srg.jar with {minecraft} mods - versions {1.20.1}
[26Feb2026 22:10:37.596] [main/DEBUG] [net.minecraftforge.fml.loading.moddiscovery.ModFile/LOADING]: Loading mod file /workspaces/MI-serverXDD/servidor_minecraft/libraries/net/minecraft/server/1.20.1-20230612.114412/server-1.20.1-20230612.114412-srg.jar with languages [LanguageSpec[languageName=minecraft, acceptedVersions=1]]
[26Feb2026 22:10:37.596] [main/DEBUG] [net.minecraftforge.fml.loading.moddiscovery.ModFileParser/LOADING]: Considering mod file candidate /workspaces/MI-serverXDD/servidor_minecraft/mods/handcrafted-forge-1.20.1-3.0.6.jar
[26Feb2026 22:10:37.597] [main/DEBUG] [net.minecraftforge.fml.loading.moddiscovery.ModFileInfo/LOADING]: Found valid mod file handcrafted-forge-1.20.1-3.0.6.jar with {handcrafted} mods - versions {3.0.6}
[26Feb2026 22:10:37.598] [main/DEBUG] [net.minecraftforge.fml.loading.moddiscovery.ModFile/LOADING]: Loading mod file /workspaces/MI-serverXDD/servidor_minecraft/mods/handcrafted-forge-1.20.1-3.0.6.jar with languages [LanguageSpec[languageName=javafml, acceptedVersions=[47,)]]
[26Feb2026 22:10:37.598] [main/DEBUG] [net.minecraftforge.fml.loading.moddiscovery.ModFileParser/LOADING]: Considering mod file candidate 
[26Feb2026 22:10:37.599] [main/DEBUG] [net.minecraftforge.fml.loading.moddiscovery.ModFileInfo/LOADING]: Found valid mod file kuma-api-forge-20.1.12+1.20.1.jar with {kuma_api} mods - versions {20.1.12}
[26Feb2026 22:10:37.599] [main/DEBUG] [net.minecraftforge.fml.loading.moddiscovery.ModFile/LOADING]: Loading mod file  with languages [LanguageSpec[languageName=javafml, acceptedVersions=[47,)]]
[26Feb2026 22:10:37.599] [main/DEBUG] [net.minecraftforge.fml.loading.moddiscovery.ModFileParser/LOADING]: Considering mod file candidate /workspaces/MI-serverXDD/servidor_minecraft/mods/ftb-library-forge-2001.2.12.jar
[26Feb2026 22:10:37.600] [main/DEBUG] [net.minecraftforge.fml.loading.moddiscovery.ModFileInfo/LOADING]: Found valid mod file ftb-library-forge-2001.2.12.jar with {ftblibrary} mods - versions {2001.2.12}
[26Feb2026 22:10:37.600] [main/DEBUG] [net.minecraftforge.fml.loading.moddiscovery.ModFile/LOADING]: Loading mod file /workspaces/MI-serverXDD/servidor_minecraft/mods/ftb-library-forge-2001.2.12.jar with languages [LanguageSpec[languageName=javafml, acceptedVersions=[47,)]]
[26Feb2026 22:10:37.600] [main/DEBUG] [net.minecraftforge.fml.loading.moddiscovery.ModFileParser/LOADING]: Considering mod file candidate /workspaces/MI-serverXDD/servidor_minecraft/mods/culturaldelights-0.16.5.jar
[26Feb2026 22:10:37.601] [main/DEBUG] [net.minecraftforge.fml.loading.moddiscovery.ModFileInfo/LOADING]: Found valid mod file culturaldelights-0.16.5.jar with {culturaldelights} mods - versions {0.16.5}
[26Feb2026 22:10:37.602] [main/DEBUG] [net.minecraftforge.fml.loading.moddiscovery.ModFile/LOADING]: Loading mod file /workspaces/MI-serverXDD/servidor_minecraft/mods/culturaldelights-0.16.5.jar with languages [LanguageSpec[languageName=javafml, acceptedVersions=[47,)]]
[26Feb2026 22:10:37.602] [main/DEBUG] [net.minecraftforge.fml.loading.moddiscovery.ModFileParser/LOADING]: Considering mod file candidate 
[26Feb2026 22:10:37.603] [main/DEBUG] [net.minecraftforge.fml.loading.moddiscovery.ModFileInfo/LOADING]: Found valid mod file l2harvester-0.1.2.jar with {l2harvester} mods - versions {0.1.2}
[26Feb2026 22:10:37.603] [main/DEBUG] [net.minecraftforge.fml.loading.moddiscovery.ModFile/LOADING]: Loading mod file  with languages [LanguageSpec[languageName=javafml, acceptedVersions=[46,)]]
[26Feb2026 22:10:37.603] [main/DEBUG] [net.minecraftforge.fml.loading.moddiscovery.ModFileParser/LOADING]: Considering mod file candidate /workspaces/MI-serverXDD/servidor_minecraft/mods/jei-1.20.1-forge-15.20.0.129.jar
[26Feb2026 22:10:37.604] [main/DEBUG] [net.minecraftforge.fml.loading.moddiscovery.ModFileInfo/LOADING]: Found valid mod file jei-1.20.1-forge-15.20.0.129.jar with {jei} mods - versions {15.20.0.129}
[26Feb2026 22:10:37.604] [main/DEBUG] [net.minecraftforge.fml.loading.moddiscovery.ModFile/LOADING]: Loading mod file /workspaces/MI-serverXDD/servidor_minecraft/mods/jei-1.20.1-forge-15.20.0.129.jar with languages [LanguageSpec[languageName=javafml, acceptedVersions=[47,)]]
[26Feb2026 22:10:37.605] [main/DEBUG] [net.minecraftforge.fml.loading.moddiscovery.ModFileParser/LOADING]: Considering mod file candidate /workspaces/MI-serverXDD/servidor_minecraft/mods/sophisticatedcore-1.20.1-1.3.5.1505.jar
[26Feb2026 22:10:37.606] [main/DEBUG] [net.minecraftforge.fml.loading.moddiscovery.ModFileInfo/LOADING]: Found valid mod file sophisticatedcore-1.20.1-1.3.5.1505.jar with {sophisticatedcore} mods - versions {1.3.5.1505}
[26Feb2026 22:10:37.606] [main/DEBUG] [net.minecraftforge.fml.loading.moddiscovery.ModFile/LOADING]: Loading mod file /workspaces/MI-serverXDD/servidor_minecraft/mods/sophisticatedcore-1.20.1-1.3.5.1505.jar with languages [LanguageSpec[languageName=javafml, acceptedVersions=[47,)]]
[26Feb2026 22:10:37.606] [main/DEBUG] [net.minecraftforge.fml.loading.moddiscovery.ModFileParser/LOADING]: Considering mod file candidate 
[26Feb2026 22:10:37.607] [main/DEBUG] [net.minecraftforge.fml.loading.moddiscovery.ModFileInfo/LOADING]: Found valid mod file l2harvester60x-0.1.2.jar with {l2harvester60x} mods - versions {0.1.2}
[26Feb2026 22:10:37.608] [main/DEBUG] [net.minecraftforge.fml.loading.moddiscovery.ModFile/LOADING]: Loading mod file  with languages [LanguageSpec[languageName=javafml, acceptedVersions=[46,)]]
[26Feb2026 22:10:37.608] [main/DEBUG] [net.minecraftforge.fml.loading.moddiscovery.ModFileParser/LOADING]: Considering mod file candidate /workspaces/MI-serverXDD/servidor_minecraft/mods/cookingforblockheads-forge-1.20.1-16.0.15.jar
[26Feb2026 22:10:37.609] [main/DEBUG] [net.minecraftforge.fml.loading.moddiscovery.ModFileInfo/LOADING]: Found valid mod file cookingforblockheads-forge-1.20.1-16.0.15.jar with {cookingforblockheads} mods - versions {16.0.15}
[26Feb2026 22:10:37.609] [main/DEBUG] [net.minecraftforge.fml.loading.moddiscovery.ModFile/LOADING]: Loading mod file /workspaces/MI-serverXDD/servidor_minecraft/mods/cookingforblockheads-forge-1.20.1-16.0.15.jar with languages [LanguageSpec[languageName=javafml, acceptedVersions=[46,)]]
[26Feb2026 22:10:37.609] [main/DEBUG] [net.minecraftforge.fml.loading.moddiscovery.ModFileParser/LOADING]: Considering mod file candidate /workspaces/MI-serverXDD/servidor_minecraft/mods/journeymap-1.20.1-5.10.3-forge.jar
[26Feb2026 22:10:37.610] [main/DEBUG] [net.minecraftforge.fml.loading.moddiscovery.ModFileInfo/LOADING]: Found valid mod file journeymap-1.20.1-5.10.3-forge.jar with {journeymap} mods - versions {5.10.3}
[26Feb2026 22:10:37.610] [main/DEBUG] [net.minecraftforge.fml.loading.moddiscovery.ModFile/LOADING]: Loading mod file /workspaces/MI-serverXDD/servidor_minecraft/mods/journeymap-1.20.1-5.10.3-forge.jar with languages [LanguageSpec[languageName=javafml, acceptedVersions=[44,)]]
[26Feb2026 22:10:37.613] [main/DEBUG] [net.minecraftforge.fml.loading.moddiscovery.ModFileParser/LOADING]: Found coremod journeymap potion effect transformer with Javascript path potion-effects-shift.js
[26Feb2026 22:10:37.613] [main/DEBUG] [net.minecraftforge.fml.loading.moddiscovery.ModFile/LOADING]: Found coremod potion-effects-shift.js
[26Feb2026 22:10:37.614] [main/DEBUG] [net.minecraftforge.fml.loading.moddiscovery.ModFileParser/LOADING]: Considering mod file candidate /workspaces/MI-serverXDD/servidor_minecraft/mods/ftb-ultimine-forge-2001.1.7.jar
[26Feb2026 22:10:37.614] [main/DEBUG] [net.minecraftforge.fml.loading.moddiscovery.ModFileInfo/LOADING]: Found valid mod file ftb-ultimine-forge-2001.1.7.jar with {ftbultimine} mods - versions {2001.1.7}
[26Feb2026 22:10:37.615] [main/DEBUG] [net.minecraftforge.fml.loading.moddiscovery.ModFile/LOADING]: Loading mod file /workspaces/MI-serverXDD/servidor_minecraft/mods/ftb-ultimine-forge-2001.1.7.jar with languages [LanguageSpec[languageName=javafml, acceptedVersions=[47,)]]
[26Feb2026 22:10:37.615] [main/DEBUG] [net.minecraftforge.fml.loading.moddiscovery.ModFileParser/LOADING]: Considering mod file candidate /workspaces/MI-serverXDD/servidor_minecraft/mods/resourcefullib-forge-1.20.1-2.1.29.jar
[26Feb2026 22:10:37.616] [main/DEBUG] [net.minecraftforge.fml.loading.moddiscovery.ModFileInfo/LOADING]: Found valid mod file resourcefullib-forge-1.20.1-2.1.29.jar with {resourcefullib} mods - versions {2.1.29}
[26Feb2026 22:10:37.616] [main/DEBUG] [net.minecraftforge.fml.loading.moddiscovery.ModFile/LOADING]: Loading mod file /workspaces/MI-serverXDD/servidor_minecraft/mods/resourcefullib-forge-1.20.1-2.1.29.jar with languages [LanguageSpec[languageName=javafml, acceptedVersions=[46,)]]
[26Feb2026 22:10:37.616] [main/DEBUG] [net.minecraftforge.fml.loading.moddiscovery.ModFileParser/LOADING]: Considering mod file candidate /workspaces/MI-serverXDD/servidor_minecraft/mods/sophisticatedbackpacks-1.20.1-3.24.24.1538.jar
[26Feb2026 22:10:37.617] [main/DEBUG] [net.minecraftforge.fml.loading.moddiscovery.ModFileInfo/LOADING]: Found valid mod file sophisticatedbackpacks-1.20.1-3.24.24.1538.jar with {sophisticatedbackpacks} mods - versions {3.24.24.1538}
[26Feb2026 22:10:37.617] [main/DEBUG] [net.minecraftforge.fml.loading.moddiscovery.ModFile/LOADING]: Loading mod file /workspaces/MI-serverXDD/servidor_minecraft/mods/sophisticatedbackpacks-1.20.1-3.24.24.1538.jar with languages [LanguageSpec[languageName=javafml, acceptedVersions=[47,)]]
[26Feb2026 22:10:37.617] [main/DEBUG] [net.minecraftforge.fml.loading.moddiscovery.ModFileParser/LOADING]: Considering mod file candidate /workspaces/MI-serverXDD/servidor_minecraft/mods/appleskin-forge-mc1.20.1-2.5.1.jar
[26Feb2026 22:10:37.618] [main/DEBUG] [net.minecraftforge.fml.loading.moddiscovery.ModFileInfo/LOADING]: Found valid mod file appleskin-forge-mc1.20.1-2.5.1.jar with {appleskin} mods - versions {2.5.1+mc1.20.1}
[26Feb2026 22:10:37.618] [main/DEBUG] [net.minecraftforge.fml.loading.moddiscovery.ModFile/LOADING]: Loading mod file /workspaces/MI-serverXDD/servidor_minecraft/mods/appleskin-forge-mc1.20.1-2.5.1.jar with languages [LanguageSpec[languageName=javafml, acceptedVersions=[47,)]]
[26Feb2026 22:10:37.618] [main/DEBUG] [net.minecraftforge.fml.loading.moddiscovery.ModFileParser/LOADING]: Considering mod file candidate /workspaces/MI-serverXDD/servidor_minecraft/mods/architectury-9.2.14-forge.jar
[26Feb2026 22:10:37.619] [main/DEBUG] [net.minecraftforge.fml.loading.moddiscovery.ModFileInfo/LOADING]: Found valid mod file architectury-9.2.14-forge.jar with {architectury} mods - versions {9.2.14}
[26Feb2026 22:10:37.621] [main/DEBUG] [net.minecraftforge.fml.loading.moddiscovery.ModFile/LOADING]: Loading mod file /workspaces/MI-serverXDD/servidor_minecraft/mods/architectury-9.2.14-forge.jar with languages [LanguageSpec[languageName=javafml, acceptedVersions=[46,)]]
[26Feb2026 22:10:37.621] [main/DEBUG] [net.minecraftforge.fml.loading.moddiscovery.ModFileParser/LOADING]: Considering mod file candidate /workspaces/MI-serverXDD/servidor_minecraft/mods/balm-forge-1.20.1-7.3.38-all.jar
[26Feb2026 22:10:37.622] [main/DEBUG] [net.minecraftforge.fml.loading.moddiscovery.ModFileInfo/LOADING]: Found valid mod file balm-forge-1.20.1-7.3.38-all.jar with {balm} mods - versions {7.3.38}
[26Feb2026 22:10:37.622] [main/DEBUG] [net.minecraftforge.fml.loading.moddiscovery.ModFile/LOADING]: Loading mod file /workspaces/MI-serverXDD/servidor_minecraft/mods/balm-forge-1.20.1-7.3.38-all.jar with languages [LanguageSpec[languageName=javafml, acceptedVersions=[46,)]]
[26Feb2026 22:10:37.622] [main/DEBUG] [net.minecraftforge.fml.loading.moddiscovery.ModFileParser/LOADING]: Considering mod file candidate /workspaces/MI-serverXDD/servidor_minecraft/mods/refurbished_furniture-forge-1.20.1-1.0.20.jar
[26Feb2026 22:10:37.623] [main/DEBUG] [net.minecraftforge.fml.loading.moddiscovery.ModFileInfo/LOADING]: Found valid mod file refurbished_furniture-forge-1.20.1-1.0.20.jar with {refurbished_furniture} mods - versions {1.0.20}
[26Feb2026 22:10:37.623] [main/DEBUG] [net.minecraftforge.fml.loading.moddiscovery.ModFile/LOADING]: Loading mod file /workspaces/MI-serverXDD/servidor_minecraft/mods/refurbished_furniture-forge-1.20.1-1.0.20.jar with languages [LanguageSpec[languageName=javafml, acceptedVersions=[39,)]]
[26Feb2026 22:10:37.623] [main/DEBUG] [net.minecraftforge.fml.loading.moddiscovery.ModFileParser/LOADING]: Considering mod file candidate /workspaces/MI-serverXDD/servidor_minecraft/mods/FallingTree-1.20.1-4.3.4.jar
[26Feb2026 22:10:37.624] [main/DEBUG] [net.minecraftforge.fml.loading.moddiscovery.ModFileInfo/LOADING]: Found valid mod file FallingTree-1.20.1-4.3.4.jar with {fallingtree} mods - versions {4.3.4}
[26Feb2026 22:10:37.624] [main/DEBUG] [net.minecraftforge.fml.loading.moddiscovery.ModFile/LOADING]: Loading mod file /workspaces/MI-serverXDD/servidor_minecraft/mods/FallingTree-1.20.1-4.3.4.jar with languages [LanguageSpec[languageName=javafml, acceptedVersions=[47,)]]
[26Feb2026 22:10:37.624] [main/DEBUG] [net.minecraftforge.fml.loading.moddiscovery.ModFileParser/LOADING]: Considering mod file candidate /workspaces/MI-serverXDD/servidor_minecraft/mods/framework-forge-1.20.1-0.8.0.jar
[26Feb2026 22:10:37.625] [main/DEBUG] [net.minecraftforge.fml.loading.moddiscovery.ModFileInfo/LOADING]: Found valid mod file framework-forge-1.20.1-0.8.0.jar with {framework} mods - versions {0.8.0}
[26Feb2026 22:10:37.625] [main/DEBUG] [net.minecraftforge.fml.loading.moddiscovery.ModFile/LOADING]: Loading mod file /workspaces/MI-serverXDD/servidor_minecraft/mods/framework-forge-1.20.1-0.8.0.jar with languages [LanguageSpec[languageName=javafml, acceptedVersions=[39,)]]
[26Feb2026 22:10:37.625] [main/DEBUG] [net.minecraftforge.fml.loading.moddiscovery.ModFileParser/LOADING]: Considering mod file candidate 
[26Feb2026 22:10:37.626] [main/DEBUG] [net.minecraftforge.fml.loading.moddiscovery.ModFileInfo/LOADING]: Found valid mod file l2library-2.4.11-slim.jar with {l2library} mods - versions {2.4.11}
[26Feb2026 22:10:37.626] [main/DEBUG] [net.minecraftforge.fml.loading.moddiscovery.ModFile/LOADING]: Loading mod file  with languages [LanguageSpec[languageName=javafml, acceptedVersions=[46,)]]
[26Feb2026 22:10:37.627] [main/DEBUG] [net.minecraftforge.fml.loading.moddiscovery.ModFileParser/LOADING]: Considering mod file candidate /workspaces/MI-serverXDD/servidor_minecraft/libraries/net/minecraftforge/forge/1.20.1-47.3.7/forge-1.20.1-47.3.7-universal.jar
[26Feb2026 22:10:37.627] [main/DEBUG] [net.minecraftforge.fml.loading.moddiscovery.ModFileInfo/LOADING]: Found valid mod file forge-1.20.1-47.3.7-universal.jar with {forge} mods - versions {47.3.7}
[26Feb2026 22:10:37.628] [main/DEBUG] [net.minecraftforge.fml.loading.moddiscovery.ModFile/LOADING]: Loading mod file /workspaces/MI-serverXDD/servidor_minecraft/libraries/net/minecraftforge/forge/1.20.1-47.3.7/forge-1.20.1-47.3.7-universal.jar with languages [LanguageSpec[languageName=javafml, acceptedVersions=[24,]]]
[26Feb2026 22:10:37.628] [main/DEBUG] [net.minecraftforge.fml.loading.moddiscovery.ModFileParser/LOADING]: Found coremod field_to_method with Javascript path coremods/field_to_method.js
[26Feb2026 22:10:37.628] [main/DEBUG] [net.minecraftforge.fml.loading.moddiscovery.ModFileParser/LOADING]: Found coremod field_to_instanceof with Javascript path coremods/field_to_instanceof.js
[26Feb2026 22:10:37.628] [main/DEBUG] [net.minecraftforge.fml.loading.moddiscovery.ModFileParser/LOADING]: Found coremod add_bouncer_method with Javascript path coremods/add_bouncer_method.js
[26Feb2026 22:10:37.629] [main/DEBUG] [net.minecraftforge.fml.loading.moddiscovery.ModFileParser/LOADING]: Found coremod method_redirector with Javascript path coremods/method_redirector.js
[26Feb2026 22:10:37.629] [main/DEBUG] [net.minecraftforge.fml.loading.moddiscovery.ModFile/LOADING]: Found coremod coremods/field_to_method.js
[26Feb2026 22:10:37.629] [main/DEBUG] [net.minecraftforge.fml.loading.moddiscovery.ModFile/LOADING]: Found coremod coremods/field_to_instanceof.js
[26Feb2026 22:10:37.629] [main/DEBUG] [net.minecraftforge.fml.loading.moddiscovery.ModFile/LOADING]: Found coremod coremods/add_bouncer_method.js
[26Feb2026 22:10:37.629] [main/DEBUG] [net.minecraftforge.fml.loading.moddiscovery.ModFile/LOADING]: Found coremod coremods/method_redirector.js
[26Feb2026 22:10:37.630] [main/DEBUG] [net.minecraftforge.fml.loading.moddiscovery.ModFileParser/LOADING]: Considering mod file candidate 
[26Feb2026 22:10:37.631] [main/DEBUG] [net.minecraftforge.fml.loading.moddiscovery.ModFileInfo/LOADING]: Found valid mod file l2harvester05x-0.1.2.jar with {l2harvester05x} mods - versions {0.1.2}
[26Feb2026 22:10:37.631] [main/DEBUG] [net.minecraftforge.fml.loading.moddiscovery.ModFile/LOADING]: Loading mod file  with languages [LanguageSpec[languageName=javafml, acceptedVersions=[46,)]]
[26Feb2026 22:10:37.631] [main/DEBUG] [net.minecraftforge.fml.loading.moddiscovery.ModFileParser/LOADING]: Considering mod file candidate /workspaces/MI-serverXDD/servidor_minecraft/mods/fruitsdelight-1.1.1.jar
[26Feb2026 22:10:37.632] [main/DEBUG] [net.minecraftforge.fml.loading.moddiscovery.ModFileInfo/LOADING]: Found valid mod file fruitsdelight-1.1.1.jar with {fruitsdelight} mods - versions {1.1.1}
[26Feb2026 22:10:37.633] [main/DEBUG] [net.minecraftforge.fml.loading.moddiscovery.ModFile/LOADING]: Loading mod file /workspaces/MI-serverXDD/servidor_minecraft/mods/fruitsdelight-1.1.1.jar with languages [LanguageSpec[languageName=javafml, acceptedVersions=[46,)]]
[26Feb2026 22:10:37.633] [main/DEBUG] [net.minecraftforge.fml.loading.moddiscovery.ModFile/LOADING]: Loading mod file  with languages []
[26Feb2026 22:10:37.635] [main/DEBUG] [net.minecraftforge.fml.loading.moddiscovery.ModFile/LOADING]: Loading mod file  with languages []
[26Feb2026 22:10:37.636] [main/DEBUG] [net.minecraftforge.fml.loading.moddiscovery.ModFile/LOADING]: Loading mod file  with languages []
[26Feb2026 22:10:37.636] [main/DEBUG] [net.minecraftforge.fml.loading.moddiscovery.ModFileParser/LOADING]: Considering mod file candidate 
[26Feb2026 22:10:37.637] [main/DEBUG] [net.minecraftforge.fml.loading.moddiscovery.ModFileInfo/LOADING]: Found valid mod file mixinextras-forge-0.2.0-beta.8.jar with {mixinextras} mods - versions {0.2.0-beta.8}
[26Feb2026 22:10:37.638] [main/DEBUG] [net.minecraftforge.fml.loading.moddiscovery.ModFile/LOADING]: Loading mod file  with languages [LanguageSpec[languageName=javafml, acceptedVersions=*]]
[26Feb2026 22:10:37.638] [main/DEBUG] [net.minecraftforge.fml.loading.moddiscovery.ModFile/LOADING]: Loading mod file  with languages []
[26Feb2026 22:10:37.638] [main/DEBUG] [net.minecraftforge.fml.loading.moddiscovery.ModFile/LOADING]: Loading mod file  with languages []
[26Feb2026 22:10:37.638] [main/DEBUG] [net.minecraftforge.fml.loading.moddiscovery.ModFile/LOADING]: Loading mod file  with languages []
[26Feb2026 22:10:37.638] [main/DEBUG] [net.minecraftforge.fml.loading.moddiscovery.ModFile/LOADING]: Loading mod file  with languages []
[26Feb2026 22:10:37.639] [main/DEBUG] [net.minecraftforge.fml.loading.moddiscovery.ModFile/LOADING]: Loading mod file  with languages []
[26Feb2026 22:10:37.639] [main/DEBUG] [net.minecraftforge.fml.loading.moddiscovery.ModFileParser/LOADING]: Considering mod file candidate 
[26Feb2026 22:10:37.639] [main/DEBUG] [net.minecraftforge.fml.loading.moddiscovery.ModFileInfo/LOADING]: Found valid mod file mixinextras-forge-0.2.0-beta.8.jar with {mixinextras} mods - versions {0.2.0-beta.8}
[26Feb2026 22:10:37.639] [main/DEBUG] [net.minecraftforge.fml.loading.moddiscovery.ModFile/LOADING]: Loading mod file  with languages [LanguageSpec[languageName=javafml, acceptedVersions=*]]
[26Feb2026 22:10:37.640] [main/DEBUG] [net.minecraftforge.fml.loading.moddiscovery.ModFile/LOADING]: Loading mod file  with languages []
[26Feb2026 22:10:37.640] [main/DEBUG] [net.minecraftforge.fml.loading.moddiscovery.ModFile/LOADING]: Loading mod file  with languages []
[26Feb2026 22:10:37.641] [main/DEBUG] [cpw.mods.modlauncher.TransformationServiceDecorator/MODLAUNCHER]: End scan trigger - transformation service fml
[26Feb2026 22:10:37.652] [main/DEBUG] [net.minecraftforge.fml.loading.LanguageLoadingProvider/CORE]: Found 3 language providers
[26Feb2026 22:10:37.653] [main/DEBUG] [net.minecraftforge.fml.loading.LanguageLoadingProvider/CORE]: Found language provider minecraft, version 1.0
[26Feb2026 22:10:37.654] [main/DEBUG] [net.minecraftforge.fml.loading.LanguageLoadingProvider/CORE]: Found language provider lowcodefml, version 47
[26Feb2026 22:10:37.656] [main/DEBUG] [net.minecraftforge.fml.loading.LanguageLoadingProvider/CORE]: Found language provider javafml, version 47
[26Feb2026 22:10:37.662] [main/DEBUG] [net.minecraftforge.fml.loading.UniqueModListBuilder/]: Found 2 mods for first modid MixinExtras.beta._8, selecting most recent based on version data
[26Feb2026 22:10:37.663] [main/DEBUG] [net.minecraftforge.fml.loading.UniqueModListBuilder/]: Selected file MixinExtras-0.2.0-beta.8.jar for modid MixinExtras.beta._8 with version 0.0NONE
[26Feb2026 22:10:37.664] [main/DEBUG] [net.minecraftforge.fml.loading.UniqueModListBuilder/]: Found 2 mods for first modid l2serial, selecting most recent based on version data
[26Feb2026 22:10:37.664] [main/DEBUG] [net.minecraftforge.fml.loading.UniqueModListBuilder/]: Selected file l2serial-1.2.0.jar for modid l2serial with version 1.2.0
[26Feb2026 22:10:37.664] [main/DEBUG] [net.minecraftforge.fml.loading.UniqueModListBuilder/]: Found 2 mods for first modid Registrate.MC1._20, selecting most recent based on version data
[26Feb2026 22:10:37.664] [main/DEBUG] [net.minecraftforge.fml.loading.UniqueModListBuilder/]: Selected file Registrate-MC1.20-1.3.11.jar for modid Registrate.MC1._20 with version 0.0NONE
[26Feb2026 22:10:37.665] [main/DEBUG] [net.minecraftforge.fml.loading.UniqueModListBuilder/]: Found 2 mods for first modid mixinextras, selecting most recent based on version data
[26Feb2026 22:10:37.665] [main/DEBUG] [net.minecraftforge.fml.loading.UniqueModListBuilder/]: Selected file mixinextras-forge-0.2.0-beta.8.jar for modid mixinextras with version 0.2.0-beta.8
[26Feb2026 22:10:37.665] [main/DEBUG] [net.minecraftforge.fml.loading.UniqueModListBuilder/]: Found 2 mods for first modid bytecodecs, selecting most recent based on version data
[26Feb2026 22:10:37.665] [main/DEBUG] [net.minecraftforge.fml.loading.UniqueModListBuilder/]: Selected file bytecodecs-1.0.2.jar for modid bytecodecs with version 0.0NONE
[26Feb2026 22:10:37.665] [main/DEBUG] [net.minecraftforge.fml.loading.UniqueModListBuilder/]: Found 2 mods for first modid yabn, selecting most recent based on version data
[26Feb2026 22:10:37.666] [main/DEBUG] [net.minecraftforge.fml.loading.UniqueModListBuilder/]: Selected file yabn-1.0.3.jar for modid yabn with version 0.0NONE
[26Feb2026 22:10:37.667] [main/DEBUG] [net.minecraftforge.fml.loading.ModSorter/]: Configured system mods: [minecraft, forge]
[26Feb2026 22:10:37.668] [main/DEBUG] [net.minecraftforge.fml.loading.ModSorter/]: Found system mod: minecraft
[26Feb2026 22:10:37.668] [main/DEBUG] [net.minecraftforge.fml.loading.ModSorter/]: Found system mod: forge
[26Feb2026 22:10:37.670] [main/DEBUG] [net.minecraftforge.fml.loading.ModSorter/LOADING]: Found 55 mod requirements (53 mandatory, 2 optional)
[26Feb2026 22:10:37.671] [main/DEBUG] [net.minecraftforge.fml.loading.ModSorter/LOADING]: Found 0 mod requirements missing (0 mandatory, 0 optional)
[26Feb2026 22:10:38.757] [main/DEBUG] [cpw.mods.modlauncher.TransformationServicesHandler/MODLAUNCHER]: Transformation services loading transformers
[26Feb2026 22:10:38.761] [main/DEBUG] [cpw.mods.modlauncher.TransformationServiceDecorator/MODLAUNCHER]: Initializing transformers for transformation service mixin
[26Feb2026 22:10:38.761] [main/DEBUG] [cpw.mods.modlauncher.TransformationServiceDecorator/MODLAUNCHER]: Initialized transformers for transformation service mixin
[26Feb2026 22:10:38.761] [main/DEBUG] [cpw.mods.modlauncher.TransformationServiceDecorator/MODLAUNCHER]: Initializing transformers for transformation service fml
[26Feb2026 22:10:38.761] [main/DEBUG] [net.minecraftforge.fml.loading.FMLServiceProvider/CORE]: Loading coremod transformers
[26Feb2026 22:10:38.762] [main/DEBUG] [net.minecraftforge.coremod.CoreModEngine/COREMOD]: Loading CoreMod from potion-effects-shift.js
[26Feb2026 22:10:39.243] [main/DEBUG] [net.minecraftforge.coremod.CoreModEngine/COREMOD]: CoreMod loaded successfully
[26Feb2026 22:10:39.244] [main/DEBUG] [net.minecraftforge.coremod.CoreModEngine/COREMOD]: Loading CoreMod from coremods/field_to_method.js
[26Feb2026 22:10:39.326] [main/DEBUG] [net.minecraftforge.coremod.CoreModEngine/COREMOD]: CoreMod loaded successfully
[26Feb2026 22:10:39.326] [main/DEBUG] [net.minecraftforge.coremod.CoreModEngine/COREMOD]: Loading CoreMod from coremods/field_to_instanceof.js
[26Feb2026 22:10:39.557] [main/DEBUG] [net.minecraftforge.coremod.CoreModEngine/COREMOD]: CoreMod loaded successfully
[26Feb2026 22:10:39.573] [main/DEBUG] [net.minecraftforge.coremod.CoreModEngine/COREMOD]: Loading CoreMod from coremods/add_bouncer_method.js
[26Feb2026 22:10:39.884] [main/DEBUG] [net.minecraftforge.coremod.CoreModEngine/COREMOD]: CoreMod loaded successfully
[26Feb2026 22:10:39.893] [main/DEBUG] [net.minecraftforge.coremod.CoreModEngine/COREMOD]: Loading CoreMod from coremods/method_redirector.js
[26Feb2026 22:10:40.091] [main/DEBUG] [net.minecraftforge.coremod.CoreModEngine/COREMOD]: CoreMod loaded successfully
[26Feb2026 22:10:40.115] [main/DEBUG] [cpw.mods.modlauncher.TransformStore/MODLAUNCHER]: Adding transformer net.minecraftforge.coremod.transformer.CoreModClassTransformer@cb39552 to Target : CLASS {Lnet/minecraft/world/level/biome/Biome;} {} {V}
[26Feb2026 22:10:40.120] [main/DEBUG] [cpw.mods.modlauncher.TransformStore/MODLAUNCHER]: Adding transformer net.minecraftforge.coremod.transformer.CoreModClassTransformer@52bf7bf6 to Target : CLASS {Lnet/minecraft/world/level/levelgen/structure/Structure;} {} {V}
[26Feb2026 22:10:40.121] [main/DEBUG] [cpw.mods.modlauncher.TransformStore/MODLAUNCHER]: Adding transformer net.minecraftforge.coremod.transformer.CoreModClassTransformer@261db982 to Target : CLASS {Lnet/minecraft/world/effect/MobEffectInstance;} {} {V}
[26Feb2026 22:10:40.121] [main/DEBUG] [cpw.mods.modlauncher.TransformStore/MODLAUNCHER]: Adding transformer net.minecraftforge.coremod.transformer.CoreModClassTransformer@ae73c80 to Target : CLASS {Lnet/minecraft/world/level/block/LiquidBlock;} {} {V}
[26Feb2026 22:10:40.122] [main/DEBUG] [cpw.mods.modlauncher.TransformStore/MODLAUNCHER]: Adding transformer net.minecraftforge.coremod.transformer.CoreModClassTransformer@22f4f8f2 to Target : CLASS {Lnet/minecraft/world/item/BucketItem;} {} {V}
[26Feb2026 22:10:40.122] [main/DEBUG] [cpw.mods.modlauncher.TransformStore/MODLAUNCHER]: Adding transformer net.minecraftforge.coremod.transformer.CoreModClassTransformer@bbd4791 to Target : CLASS {Lnet/minecraft/world/level/block/StairBlock;} {} {V}
[26Feb2026 22:10:40.122] [main/DEBUG] [cpw.mods.modlauncher.TransformStore/MODLAUNCHER]: Adding transformer net.minecraftforge.coremod.transformer.CoreModClassTransformer@40a72ecd to Target : CLASS {Lnet/minecraft/world/level/block/FlowerPotBlock;} {} {V}
[26Feb2026 22:10:40.122] [main/DEBUG] [cpw.mods.modlauncher.TransformStore/MODLAUNCHER]: Adding transformer net.minecraftforge.coremod.transformer.CoreModClassTransformer@73971965 to Target : CLASS {Lnet/minecraft/world/item/ItemStack;} {} {V}
[26Feb2026 22:10:40.123] [main/DEBUG] [cpw.mods.modlauncher.TransformStore/MODLAUNCHER]: Adding transformer net.minecraftforge.coremod.transformer.CoreModClassTransformer@76a14c8d to Target : CLASS {Lnet/minecraft/network/play/client/CClientSettingsPacket;} {} {V}
[26Feb2026 22:10:40.124] [main/DEBUG] [cpw.mods.modlauncher.TransformStore/MODLAUNCHER]: Adding transformer net.minecraftforge.coremod.transformer.CoreModClassTransformer@17410c07 to Target : CLASS {Lnet/minecraft/world/level/levelgen/structure/structures/WoodlandMansionPieces$WoodlandMansionPiece;} {} {V}
[26Feb2026 22:10:40.125] [main/DEBUG] [cpw.mods.modlauncher.TransformStore/MODLAUNCHER]: Adding transformer net.minecraftforge.coremod.transformer.CoreModClassTransformer@17410c07 to Target : CLASS {Lnet/minecraft/server/commands/SummonCommand;} {} {V}
[26Feb2026 22:10:40.125] [main/DEBUG] [cpw.mods.modlauncher.TransformStore/MODLAUNCHER]: Adding transformer net.minecraftforge.coremod.transformer.CoreModClassTransformer@17410c07 to Target : CLASS {Lnet/minecraft/world/entity/monster/Zombie;} {} {V}
[26Feb2026 22:10:40.125] [main/DEBUG] [cpw.mods.modlauncher.TransformStore/MODLAUNCHER]: Adding transformer net.minecraftforge.coremod.transformer.CoreModClassTransformer@17410c07 to Target : CLASS {Lnet/minecraft/world/entity/monster/Evoker$EvokerSummonSpellGoal;} {} {V}
[26Feb2026 22:10:40.125] [main/DEBUG] [cpw.mods.modlauncher.TransformStore/MODLAUNCHER]: Adding transformer net.minecraftforge.coremod.transformer.CoreModClassTransformer@17410c07 to Target : CLASS {Lnet/minecraft/world/entity/animal/frog/Tadpole;} {} {V}
[26Feb2026 22:10:40.126] [main/DEBUG] [cpw.mods.modlauncher.TransformStore/MODLAUNCHER]: Adding transformer net.minecraftforge.coremod.transformer.CoreModClassTransformer@17410c07 to Target : CLASS {Lnet/minecraft/world/entity/npc/CatSpawner;} {} {V}
[26Feb2026 22:10:40.126] [main/DEBUG] [cpw.mods.modlauncher.TransformStore/MODLAUNCHER]: Adding transformer net.minecraftforge.coremod.transformer.CoreModClassTransformer@17410c07 to Target : CLASS {Lnet/minecraft/world/entity/monster/Spider;} {} {V}
[26Feb2026 22:10:40.126] [main/DEBUG] [cpw.mods.modlauncher.TransformStore/MODLAUNCHER]: Adding transformer net.minecraftforge.coremod.transformer.CoreModClassTransformer@17410c07 to Target : CLASS {Lnet/minecraft/world/level/levelgen/PatrolSpawner;} {} {V}
[26Feb2026 22:10:40.126] [main/DEBUG] [cpw.mods.modlauncher.TransformStore/MODLAUNCHER]: Adding transformer net.minecraftforge.coremod.transformer.CoreModClassTransformer@17410c07 to Target : CLASS {Lnet/minecraft/world/entity/EntityType;} {} {V}
[26Feb2026 22:10:40.126] [main/DEBUG] [cpw.mods.modlauncher.TransformStore/MODLAUNCHER]: Adding transformer net.minecraftforge.coremod.transformer.CoreModClassTransformer@17410c07 to Target : CLASS {Lnet/minecraft/world/entity/npc/Villager;} {} {V}
[26Feb2026 22:10:40.127] [main/DEBUG] [cpw.mods.modlauncher.TransformStore/MODLAUNCHER]: Adding transformer net.minecraftforge.coremod.transformer.CoreModClassTransformer@17410c07 to Target : CLASS {Lnet/minecraft/world/entity/monster/ZombieVillager;} {} {V}
[26Feb2026 22:10:40.127] [main/DEBUG] [cpw.mods.modlauncher.TransformStore/MODLAUNCHER]: Adding transformer net.minecraftforge.coremod.transformer.CoreModClassTransformer@17410c07 to Target : CLASS {Lnet/minecraft/world/entity/monster/Strider;} {} {V}
[26Feb2026 22:10:40.127] [main/DEBUG] [cpw.mods.modlauncher.TransformStore/MODLAUNCHER]: Adding transformer net.minecraftforge.coremod.transformer.CoreModClassTransformer@17410c07 to Target : CLASS {Lnet/minecraft/world/entity/ai/village/VillageSiege;} {} {V}
[26Feb2026 22:10:40.129] [main/DEBUG] [cpw.mods.modlauncher.TransformStore/MODLAUNCHER]: Adding transformer net.minecraftforge.coremod.transformer.CoreModClassTransformer@17410c07 to Target : CLASS {Lnet/minecraft/world/level/levelgen/structure/templatesystem/StructureTemplate;} {} {V}
[26Feb2026 22:10:40.130] [main/DEBUG] [cpw.mods.modlauncher.TransformStore/MODLAUNCHER]: Adding transformer net.minecraftforge.coremod.transformer.CoreModClassTransformer@17410c07 to Target : CLASS {Lnet/minecraft/world/entity/raid/Raid;} {} {V}
[26Feb2026 22:10:40.130] [main/DEBUG] [cpw.mods.modlauncher.TransformStore/MODLAUNCHER]: Adding transformer net.minecraftforge.coremod.transformer.CoreModClassTransformer@17410c07 to Target : CLASS {Lnet/minecraft/world/level/levelgen/structure/structures/SwampHutPiece;} {} {V}
[26Feb2026 22:10:40.130] [main/DEBUG] [cpw.mods.modlauncher.TransformStore/MODLAUNCHER]: Adding transformer net.minecraftforge.coremod.transformer.CoreModClassTransformer@17410c07 to Target : CLASS {Lnet/minecraft/world/level/levelgen/structure/structures/OceanMonumentPieces$OceanMonumentPiece;} {} {V}
[26Feb2026 22:10:40.130] [main/DEBUG] [cpw.mods.modlauncher.TransformStore/MODLAUNCHER]: Adding transformer net.minecraftforge.coremod.transformer.CoreModClassTransformer@17410c07 to Target : CLASS {Lnet/minecraft/server/commands/RaidCommand;} {} {V}
[26Feb2026 22:10:40.130] [main/DEBUG] [cpw.mods.modlauncher.TransformStore/MODLAUNCHER]: Adding transformer net.minecraftforge.coremod.transformer.CoreModClassTransformer@17410c07 to Target : CLASS {Lnet/minecraft/world/entity/animal/horse/SkeletonTrapGoal;} {} {V}
[26Feb2026 22:10:40.131] [main/DEBUG] [cpw.mods.modlauncher.TransformStore/MODLAUNCHER]: Adding transformer net.minecraftforge.coremod.transformer.CoreModClassTransformer@17410c07 to Target : CLASS {Lnet/minecraft/world/level/NaturalSpawner;} {} {V}
[26Feb2026 22:10:40.131] [main/DEBUG] [cpw.mods.modlauncher.TransformStore/MODLAUNCHER]: Adding transformer net.minecraftforge.coremod.transformer.CoreModClassTransformer@17410c07 to Target : CLASS {Lnet/minecraft/world/level/levelgen/PhantomSpawner;} {} {V}
[26Feb2026 22:10:40.131] [main/DEBUG] [cpw.mods.modlauncher.TransformStore/MODLAUNCHER]: Adding transformer net.minecraftforge.coremod.transformer.CoreModClassTransformer@17410c07 to Target : CLASS {Lnet/minecraft/world/level/levelgen/structure/structures/OceanRuinPieces$OceanRuinPiece;} {} {V}
[26Feb2026 22:10:40.131] [main/DEBUG] [cpw.mods.modlauncher.TransformStore/MODLAUNCHER]: Adding transformer net.minecraftforge.coremod.transformer.CoreModMethodTransformer@257ef9ed to Target : METHOD {Lnet/minecraft/client/gui/Gui;} {m_93028_} {(Lcom/mojang/blaze3d/vertex/PoseStack;)V}
[26Feb2026 22:10:40.131] [main/DEBUG] [cpw.mods.modlauncher.TransformationServiceDecorator/MODLAUNCHER]: Initialized transformers for transformation service fml
[26Feb2026 22:10:42.235] [main/DEBUG] [mixin/]: Processing prepare() for PlatformAgent[MixinPlatformAgentDefault:ModLauncher Root Container(ModLauncher:4f56a0a2)]
[26Feb2026 22:10:42.237] [main/DEBUG] [mixin/]: Processing launch tasks for PlatformAgent[MixinPlatformAgentDefault:ModLauncher Root Container(ModLauncher:4f56a0a2)]
[26Feb2026 22:10:42.237] [main/DEBUG] [mixin/]: Adding mixin platform agents for container SecureJarResource(minecraft)
[26Feb2026 22:10:42.237] [main/DEBUG] [mixin/]: Instancing new MixinPlatformAgentMinecraftForge for SecureJarResource(minecraft)
[26Feb2026 22:10:42.238] [main/DEBUG] [mixin/]: MixinPlatformAgentMinecraftForge rejected container SecureJarResource(minecraft)
[26Feb2026 22:10:42.238] [main/DEBUG] [mixin/]: Instancing new MixinPlatformAgentDefault for SecureJarResource(minecraft)
[26Feb2026 22:10:42.238] [main/DEBUG] [mixin/]: MixinPlatformAgentDefault accepted container SecureJarResource(minecraft)
[26Feb2026 22:10:42.238] [main/DEBUG] [mixin/]: Processing prepare() for PlatformAgent[MixinPlatformAgentDefault:SecureJarResource(minecraft)]
[26Feb2026 22:10:42.238] [main/DEBUG] [mixin/]: Adding mixin platform agents for container SecureJarResource(farmersdelight)
[26Feb2026 22:10:42.238] [main/DEBUG] [mixin/]: Instancing new MixinPlatformAgentMinecraftForge for SecureJarResource(farmersdelight)
[26Feb2026 22:10:42.238] [main/DEBUG] [mixin/]: MixinPlatformAgentMinecraftForge rejected container SecureJarResource(farmersdelight)
[26Feb2026 22:10:42.241] [main/DEBUG] [mixin/]: Instancing new MixinPlatformAgentDefault for SecureJarResource(farmersdelight)
[26Feb2026 22:10:42.241] [main/DEBUG] [mixin/]: MixinPlatformAgentDefault accepted container SecureJarResource(farmersdelight)
[26Feb2026 22:10:42.241] [main/DEBUG] [mixin/]: Processing prepare() for PlatformAgent[MixinPlatformAgentDefault:SecureJarResource(farmersdelight)]
[26Feb2026 22:10:42.242] [main/DEBUG] [mixin/]: Registering mixin config: farmersdelight.mixins.json
[26Feb2026 22:10:42.284] [main/DEBUG] [mixin/]: Compatibility level JAVA_17 specified by farmersdelight.mixins.json is higher than the maximum level supported by this version of mixin (JAVA_13).
[26Feb2026 22:10:42.293] [main/INFO] [mixin/]: Compatibility level set to JAVA_17
[26Feb2026 22:10:42.295] [main/DEBUG] [mixin/]: Adding mixin platform agents for container SecureJarResource(handcrafted)
[26Feb2026 22:10:42.295] [main/DEBUG] [mixin/]: Instancing new MixinPlatformAgentMinecraftForge for SecureJarResource(handcrafted)
[26Feb2026 22:10:42.295] [main/DEBUG] [mixin/]: MixinPlatformAgentMinecraftForge rejected container SecureJarResource(handcrafted)
[26Feb2026 22:10:42.295] [main/DEBUG] [mixin/]: Instancing new MixinPlatformAgentDefault for SecureJarResource(handcrafted)
[26Feb2026 22:10:42.296] [main/DEBUG] [mixin/]: MixinPlatformAgentDefault accepted container SecureJarResource(handcrafted)
[26Feb2026 22:10:42.297] [main/DEBUG] [mixin/]: Processing prepare() for PlatformAgent[MixinPlatformAgentDefault:SecureJarResource(handcrafted)]
[26Feb2026 22:10:42.297] [main/DEBUG] [mixin/]: Registering mixin config: handcrafted-common.mixins.json
[26Feb2026 22:10:42.305] [main/DEBUG] [mixin/]: Registering mixin config: handcrafted.mixins.json
[26Feb2026 22:10:42.311] [main/DEBUG] [mixin/]: Adding mixin platform agents for container SecureJarResource(kuma_api)
[26Feb2026 22:10:42.311] [main/DEBUG] [mixin/]: Instancing new MixinPlatformAgentMinecraftForge for SecureJarResource(kuma_api)
[26Feb2026 22:10:42.312] [main/DEBUG] [mixin/]: MixinPlatformAgentMinecraftForge rejected container SecureJarResource(kuma_api)
[26Feb2026 22:10:42.313] [main/DEBUG] [mixin/]: Instancing new MixinPlatformAgentDefault for SecureJarResource(kuma_api)
[26Feb2026 22:10:42.313] [main/DEBUG] [mixin/]: MixinPlatformAgentDefault accepted container SecureJarResource(kuma_api)
[26Feb2026 22:10:42.313] [main/DEBUG] [mixin/]: Processing prepare() for PlatformAgent[MixinPlatformAgentDefault:SecureJarResource(kuma_api)]
[26Feb2026 22:10:42.313] [main/DEBUG] [mixin/]: Registering mixin config: kuma_api.mixins.json
[26Feb2026 22:10:42.318] [main/DEBUG] [mixin/]: Registering mixin config: kuma_api.forge.mixins.json
[26Feb2026 22:10:42.322] [main/DEBUG] [mixin/]: Adding mixin platform agents for container SecureJarResource(culturaldelights)
[26Feb2026 22:10:42.322] [main/DEBUG] [mixin/]: Instancing new MixinPlatformAgentMinecraftForge for SecureJarResource(culturaldelights)
[26Feb2026 22:10:42.322] [main/DEBUG] [mixin/]: MixinPlatformAgentMinecraftForge rejected container SecureJarResource(culturaldelights)
[26Feb2026 22:10:42.322] [main/DEBUG] [mixin/]: Instancing new MixinPlatformAgentDefault for SecureJarResource(culturaldelights)
[26Feb2026 22:10:42.323] [main/DEBUG] [mixin/]: MixinPlatformAgentDefault accepted container SecureJarResource(culturaldelights)
[26Feb2026 22:10:42.323] [main/DEBUG] [mixin/]: Processing prepare() for PlatformAgent[MixinPlatformAgentDefault:SecureJarResource(culturaldelights)]
[26Feb2026 22:10:42.323] [main/DEBUG] [mixin/]: Adding mixin platform agents for container SecureJarResource(l2harvester)
[26Feb2026 22:10:42.323] [main/DEBUG] [mixin/]: Instancing new MixinPlatformAgentMinecraftForge for SecureJarResource(l2harvester)
[26Feb2026 22:10:42.324] [main/DEBUG] [mixin/]: MixinPlatformAgentMinecraftForge rejected container SecureJarResource(l2harvester)
[26Feb2026 22:10:42.324] [main/DEBUG] [mixin/]: Instancing new MixinPlatformAgentDefault for SecureJarResource(l2harvester)
[26Feb2026 22:10:42.324] [main/DEBUG] [mixin/]: MixinPlatformAgentDefault accepted container SecureJarResource(l2harvester)
[26Feb2026 22:10:42.325] [main/DEBUG] [mixin/]: Processing prepare() for PlatformAgent[MixinPlatformAgentDefault:SecureJarResource(l2harvester)]
[26Feb2026 22:10:42.325] [main/DEBUG] [mixin/]: Adding mixin platform agents for container SecureJarResource(jei)
[26Feb2026 22:10:42.326] [main/DEBUG] [mixin/]: Instancing new MixinPlatformAgentMinecraftForge for SecureJarResource(jei)
[26Feb2026 22:10:42.326] [main/DEBUG] [mixin/]: MixinPlatformAgentMinecraftForge rejected container SecureJarResource(jei)
[26Feb2026 22:10:42.326] [main/DEBUG] [mixin/]: Instancing new MixinPlatformAgentDefault for SecureJarResource(jei)
[26Feb2026 22:10:42.326] [main/DEBUG] [mixin/]: MixinPlatformAgentDefault accepted container SecureJarResource(jei)
[26Feb2026 22:10:42.326] [main/DEBUG] [mixin/]: Processing prepare() for PlatformAgent[MixinPlatformAgentDefault:SecureJarResource(jei)]
[26Feb2026 22:10:42.326] [main/DEBUG] [mixin/]: Adding mixin platform agents for container SecureJarResource(sophisticatedcore)
[26Feb2026 22:10:42.326] [main/DEBUG] [mixin/]: Instancing new MixinPlatformAgentMinecraftForge for SecureJarResource(sophisticatedcore)
[26Feb2026 22:10:42.326] [main/DEBUG] [mixin/]: MixinPlatformAgentMinecraftForge rejected container SecureJarResource(sophisticatedcore)
[26Feb2026 22:10:42.326] [main/DEBUG] [mixin/]: Instancing new MixinPlatformAgentDefault for SecureJarResource(sophisticatedcore)
[26Feb2026 22:10:42.327] [main/DEBUG] [mixin/]: MixinPlatformAgentDefault accepted container SecureJarResource(sophisticatedcore)
[26Feb2026 22:10:42.327] [main/DEBUG] [mixin/]: Processing prepare() for PlatformAgent[MixinPlatformAgentDefault:SecureJarResource(sophisticatedcore)]
[26Feb2026 22:10:42.327] [main/DEBUG] [mixin/]: Registering mixin config: sophisticatedcore.mixins.json
[26Feb2026 22:10:42.329] [main/DEBUG] [mixin/]: Adding mixin platform agents for container SecureJarResource(l2harvester60x)
[26Feb2026 22:10:42.332] [main/DEBUG] [mixin/]: Instancing new MixinPlatformAgentMinecraftForge for SecureJarResource(l2harvester60x)
[26Feb2026 22:10:42.332] [main/DEBUG] [mixin/]: MixinPlatformAgentMinecraftForge rejected container SecureJarResource(l2harvester60x)
[26Feb2026 22:10:42.332] [main/DEBUG] [mixin/]: Instancing new MixinPlatformAgentDefault for SecureJarResource(l2harvester60x)
[26Feb2026 22:10:42.332] [main/DEBUG] [mixin/]: MixinPlatformAgentDefault accepted container SecureJarResource(l2harvester60x)
[26Feb2026 22:10:42.332] [main/DEBUG] [mixin/]: Processing prepare() for PlatformAgent[MixinPlatformAgentDefault:SecureJarResource(l2harvester60x)]
[26Feb2026 22:10:42.332] [main/DEBUG] [mixin/]: Registering mixin config: l2harvester60x.mixins.json
[26Feb2026 22:10:42.334] [main/DEBUG] [mixin/]: Adding mixin platform agents for container SecureJarResource(journeymap)
[26Feb2026 22:10:42.335] [main/DEBUG] [mixin/]: Instancing new MixinPlatformAgentMinecraftForge for SecureJarResource(journeymap)
[26Feb2026 22:10:42.335] [main/DEBUG] [mixin/]: MixinPlatformAgentMinecraftForge rejected container SecureJarResource(journeymap)
[26Feb2026 22:10:42.336] [main/DEBUG] [mixin/]: Instancing new MixinPlatformAgentDefault for SecureJarResource(journeymap)
[26Feb2026 22:10:42.336] [main/DEBUG] [mixin/]: MixinPlatformAgentDefault accepted container SecureJarResource(journeymap)
[26Feb2026 22:10:42.336] [main/DEBUG] [mixin/]: Processing prepare() for PlatformAgent[MixinPlatformAgentDefault:SecureJarResource(journeymap)]
[26Feb2026 22:10:42.336] [main/DEBUG] [mixin/]: Registering mixin config: journeymap.mixins.json
[26Feb2026 22:10:42.345] [main/DEBUG] [mixin/]: Adding mixin platform agents for container SecureJarResource(cookingforblockheads)
[26Feb2026 22:10:42.346] [main/DEBUG] [mixin/]: Instancing new MixinPlatformAgentMinecraftForge for SecureJarResource(cookingforblockheads)
[26Feb2026 22:10:42.346] [main/DEBUG] [mixin/]: MixinPlatformAgentMinecraftForge rejected container SecureJarResource(cookingforblockheads)
[26Feb2026 22:10:42.346] [main/DEBUG] [mixin/]: Instancing new MixinPlatformAgentDefault for SecureJarResource(cookingforblockheads)
[26Feb2026 22:10:42.346] [main/DEBUG] [mixin/]: MixinPlatformAgentDefault accepted container SecureJarResource(cookingforblockheads)
[26Feb2026 22:10:42.346] [main/DEBUG] [mixin/]: Processing prepare() for PlatformAgent[MixinPlatformAgentDefault:SecureJarResource(cookingforblockheads)]
[26Feb2026 22:10:42.346] [main/DEBUG] [mixin/]: Registering mixin config: cookingforblockheads.mixins.json
[26Feb2026 22:10:42.349] [main/DEBUG] [mixin/]: Adding mixin platform agents for container SecureJarResource(mixinextras)
[26Feb2026 22:10:42.349] [main/DEBUG] [mixin/]: Instancing new MixinPlatformAgentMinecraftForge for SecureJarResource(mixinextras)
[26Feb2026 22:10:42.349] [main/DEBUG] [mixin/]: MixinPlatformAgentMinecraftForge rejected container SecureJarResource(mixinextras)
[26Feb2026 22:10:42.350] [main/DEBUG] [mixin/]: Instancing new MixinPlatformAgentDefault for SecureJarResource(mixinextras)
[26Feb2026 22:10:42.350] [main/DEBUG] [mixin/]: MixinPlatformAgentDefault accepted container SecureJarResource(mixinextras)
[26Feb2026 22:10:42.351] [main/DEBUG] [mixin/]: Processing prepare() for PlatformAgent[MixinPlatformAgentDefault:SecureJarResource(mixinextras)]
[26Feb2026 22:10:42.351] [main/DEBUG] [mixin/]: Registering mixin config: mixinextras.init.mixins.json
[26Feb2026 22:10:42.353] [main/DEBUG] [mixin/]: Adding mixin platform agents for container SecureJarResource(ftbultimine)
[26Feb2026 22:10:42.354] [main/DEBUG] [mixin/]: Instancing new MixinPlatformAgentMinecraftForge for SecureJarResource(ftbultimine)
[26Feb2026 22:10:42.355] [main/DEBUG] [mixin/]: MixinPlatformAgentMinecraftForge rejected container SecureJarResource(ftbultimine)
[26Feb2026 22:10:42.355] [main/DEBUG] [mixin/]: Instancing new MixinPlatformAgentDefault for SecureJarResource(ftbultimine)
[26Feb2026 22:10:42.355] [main/DEBUG] [mixin/]: MixinPlatformAgentDefault accepted container SecureJarResource(ftbultimine)
[26Feb2026 22:10:42.355] [main/DEBUG] [mixin/]: Processing prepare() for PlatformAgent[MixinPlatformAgentDefault:SecureJarResource(ftbultimine)]
[26Feb2026 22:10:42.355] [main/DEBUG] [mixin/]: Registering mixin config: ftbultimine-common.mixins.json
[26Feb2026 22:10:42.358] [main/DEBUG] [mixin/]: Compatibility level JAVA_8 specified by ftbultimine-common.mixins.json is lower than the default level supported by the current mixin service (JAVA_16).
[26Feb2026 22:10:42.359] [main/DEBUG] [mixin/]: Adding mixin platform agents for container SecureJarResource(sophisticatedbackpacks)
[26Feb2026 22:10:42.360] [main/DEBUG] [mixin/]: Instancing new MixinPlatformAgentMinecraftForge for SecureJarResource(sophisticatedbackpacks)
[26Feb2026 22:10:42.361] [main/DEBUG] [mixin/]: MixinPlatformAgentMinecraftForge rejected container SecureJarResource(sophisticatedbackpacks)
[26Feb2026 22:10:42.361] [main/DEBUG] [mixin/]: Instancing new MixinPlatformAgentDefault for SecureJarResource(sophisticatedbackpacks)
[26Feb2026 22:10:42.361] [main/DEBUG] [mixin/]: MixinPlatformAgentDefault accepted container SecureJarResource(sophisticatedbackpacks)
[26Feb2026 22:10:42.361] [main/DEBUG] [mixin/]: Processing prepare() for PlatformAgent[MixinPlatformAgentDefault:SecureJarResource(sophisticatedbackpacks)]
[26Feb2026 22:10:42.361] [main/DEBUG] [mixin/]: Adding mixin platform agents for container SecureJarResource(resourcefullib)
[26Feb2026 22:10:42.361] [main/DEBUG] [mixin/]: Instancing new MixinPlatformAgentMinecraftForge for SecureJarResource(resourcefullib)
[26Feb2026 22:10:42.361] [main/DEBUG] [mixin/]: MixinPlatformAgentMinecraftForge rejected container SecureJarResource(resourcefullib)
[26Feb2026 22:10:42.363] [main/DEBUG] [mixin/]: Instancing new MixinPlatformAgentDefault for SecureJarResource(resourcefullib)
[26Feb2026 22:10:42.364] [main/DEBUG] [mixin/]: MixinPlatformAgentDefault accepted container SecureJarResource(resourcefullib)
[26Feb2026 22:10:42.364] [main/DEBUG] [mixin/]: Processing prepare() for PlatformAgent[MixinPlatformAgentDefault:SecureJarResource(resourcefullib)]
[26Feb2026 22:10:42.365] [main/DEBUG] [mixin/]: Adding mixin platform agents for container SecureJarResource(architectury)
[26Feb2026 22:10:42.365] [main/DEBUG] [mixin/]: Instancing new MixinPlatformAgentMinecraftForge for SecureJarResource(architectury)
[26Feb2026 22:10:42.365] [main/DEBUG] [mixin/]: MixinPlatformAgentMinecraftForge rejected container SecureJarResource(architectury)
[26Feb2026 22:10:42.365] [main/DEBUG] [mixin/]: Instancing new MixinPlatformAgentDefault for SecureJarResource(architectury)
[26Feb2026 22:10:42.365] [main/DEBUG] [mixin/]: MixinPlatformAgentDefault accepted container SecureJarResource(architectury)
[26Feb2026 22:10:42.366] [main/DEBUG] [mixin/]: Processing prepare() for PlatformAgent[MixinPlatformAgentDefault:SecureJarResource(architectury)]
[26Feb2026 22:10:42.367] [main/DEBUG] [mixin/]: Registering mixin config: architectury.mixins.json
[26Feb2026 22:10:42.376] [main/DEBUG] [mixin/]: Compatibility level JAVA_16 specified by architectury.mixins.json is higher than the maximum level supported by this version of mixin (JAVA_13).
[26Feb2026 22:10:42.380] [main/DEBUG] [mixin/]: Registering mixin config: architectury-common.mixins.json
[26Feb2026 22:10:42.382] [main/DEBUG] [mixin/]: Compatibility level JAVA_16 specified by architectury-common.mixins.json is higher than the maximum level supported by this version of mixin (JAVA_13).
[26Feb2026 22:10:42.383] [main/DEBUG] [mixin/]: Adding mixin platform agents for container SecureJarResource(ftblibrary)
[26Feb2026 22:10:42.383] [main/DEBUG] [mixin/]: Instancing new MixinPlatformAgentMinecraftForge for SecureJarResource(ftblibrary)
[26Feb2026 22:10:42.383] [main/DEBUG] [mixin/]: MixinPlatformAgentMinecraftForge rejected container SecureJarResource(ftblibrary)
[26Feb2026 22:10:42.383] [main/DEBUG] [mixin/]: Instancing new MixinPlatformAgentDefault for SecureJarResource(ftblibrary)
[26Feb2026 22:10:42.383] [main/DEBUG] [mixin/]: MixinPlatformAgentDefault accepted container SecureJarResource(ftblibrary)
[26Feb2026 22:10:42.383] [main/DEBUG] [mixin/]: Processing prepare() for PlatformAgent[MixinPlatformAgentDefault:SecureJarResource(ftblibrary)]
[26Feb2026 22:10:42.383] [main/DEBUG] [mixin/]: Registering mixin config: ftblibrary-common.mixins.json
[26Feb2026 22:10:42.390] [main/DEBUG] [mixin/]: Compatibility level JAVA_8 specified by ftblibrary-common.mixins.json is lower than the default level supported by the current mixin service (JAVA_16).
[26Feb2026 22:10:42.390] [main/DEBUG] [mixin/]: Adding mixin platform agents for container SecureJarResource(balm)
[26Feb2026 22:10:42.391] [main/DEBUG] [mixin/]: Instancing new MixinPlatformAgentMinecraftForge for SecureJarResource(balm)
[26Feb2026 22:10:42.391] [main/DEBUG] [mixin/]: MixinPlatformAgentMinecraftForge rejected container SecureJarResource(balm)
[26Feb2026 22:10:42.391] [main/DEBUG] [mixin/]: Instancing new MixinPlatformAgentDefault for SecureJarResource(balm)
[26Feb2026 22:10:42.392] [main/DEBUG] [mixin/]: MixinPlatformAgentDefault accepted container SecureJarResource(balm)
[26Feb2026 22:10:42.393] [main/DEBUG] [mixin/]: Processing prepare() for PlatformAgent[MixinPlatformAgentDefault:SecureJarResource(balm)]
[26Feb2026 22:10:42.394] [main/DEBUG] [mixin/]: Registering mixin config: balm.mixins.json
[26Feb2026 22:10:42.398] [main/DEBUG] [mixin/]: Adding mixin platform agents for container SecureJarResource(refurbished_furniture)
[26Feb2026 22:10:42.399] [main/DEBUG] [mixin/]: Instancing new MixinPlatformAgentMinecraftForge for SecureJarResource(refurbished_furniture)
[26Feb2026 22:10:42.400] [main/DEBUG] [mixin/]: MixinPlatformAgentMinecraftForge rejected container SecureJarResource(refurbished_furniture)
[26Feb2026 22:10:42.400] [main/DEBUG] [mixin/]: Instancing new MixinPlatformAgentDefault for SecureJarResource(refurbished_furniture)
[26Feb2026 22:10:42.400] [main/DEBUG] [mixin/]: MixinPlatformAgentDefault accepted container SecureJarResource(refurbished_furniture)
[26Feb2026 22:10:42.400] [main/DEBUG] [mixin/]: Processing prepare() for PlatformAgent[MixinPlatformAgentDefault:SecureJarResource(refurbished_furniture)]
[26Feb2026 22:10:42.400] [main/DEBUG] [mixin/]: Registering mixin config: refurbished_furniture.common.mixins.json
[26Feb2026 22:10:42.412] [main/DEBUG] [mixin/]: Adding mixin platform agents for container SecureJarResource(framework)
[26Feb2026 22:10:42.416] [main/DEBUG] [mixin/]: Instancing new MixinPlatformAgentMinecraftForge for SecureJarResource(framework)
[26Feb2026 22:10:42.417] [main/DEBUG] [mixin/]: MixinPlatformAgentMinecraftForge rejected container SecureJarResource(framework)
[26Feb2026 22:10:42.417] [main/DEBUG] [mixin/]: Instancing new MixinPlatformAgentDefault for SecureJarResource(framework)
[26Feb2026 22:10:42.417] [main/DEBUG] [mixin/]: MixinPlatformAgentDefault accepted container SecureJarResource(framework)
[26Feb2026 22:10:42.417] [main/DEBUG] [mixin/]: Processing prepare() for PlatformAgent[MixinPlatformAgentDefault:SecureJarResource(framework)]
[26Feb2026 22:10:42.417] [main/DEBUG] [mixin/]: Adding mixin platform agents for container SecureJarResource(fallingtree)
[26Feb2026 22:10:42.417] [main/DEBUG] [mixin/]: Instancing new MixinPlatformAgentMinecraftForge for SecureJarResource(fallingtree)
[26Feb2026 22:10:42.417] [main/DEBUG] [mixin/]: MixinPlatformAgentMinecraftForge rejected container SecureJarResource(fallingtree)
[26Feb2026 22:10:42.418] [main/DEBUG] [mixin/]: Instancing new MixinPlatformAgentDefault for SecureJarResource(fallingtree)
[26Feb2026 22:10:42.418] [main/DEBUG] [mixin/]: MixinPlatformAgentDefault accepted container SecureJarResource(fallingtree)
[26Feb2026 22:10:42.418] [main/DEBUG] [mixin/]: Processing prepare() for PlatformAgent[MixinPlatformAgentDefault:SecureJarResource(fallingtree)]
[26Feb2026 22:10:42.418] [main/DEBUG] [mixin/]: Adding mixin platform agents for container SecureJarResource(l2library)
[26Feb2026 22:10:42.418] [main/DEBUG] [mixin/]: Instancing new MixinPlatformAgentMinecraftForge for SecureJarResource(l2library)
[26Feb2026 22:10:42.418] [main/DEBUG] [mixin/]: MixinPlatformAgentMinecraftForge rejected container SecureJarResource(l2library)
[26Feb2026 22:10:42.418] [main/DEBUG] [mixin/]: Instancing new MixinPlatformAgentDefault for SecureJarResource(l2library)
[26Feb2026 22:10:42.418] [main/DEBUG] [mixin/]: MixinPlatformAgentDefault accepted container SecureJarResource(l2library)
[26Feb2026 22:10:42.418] [main/DEBUG] [mixin/]: Processing prepare() for PlatformAgent[MixinPlatformAgentDefault:SecureJarResource(l2library)]
[26Feb2026 22:10:42.418] [main/DEBUG] [mixin/]: Registering mixin config: l2library.mixins.json
[26Feb2026 22:10:42.425] [main/DEBUG] [mixin/]: Compatibility level JAVA_16 specified by l2library.mixins.json is higher than the maximum level supported by this version of mixin (JAVA_13).
[26Feb2026 22:10:42.427] [main/DEBUG] [mixin/]: Adding mixin platform agents for container SecureJarResource(forge)
[26Feb2026 22:10:42.427] [main/DEBUG] [mixin/]: Instancing new MixinPlatformAgentMinecraftForge for SecureJarResource(forge)
[26Feb2026 22:10:42.427] [main/DEBUG] [mixin/]: MixinPlatformAgentMinecraftForge rejected container SecureJarResource(forge)
[26Feb2026 22:10:42.428] [main/DEBUG] [mixin/]: Instancing new MixinPlatformAgentDefault for SecureJarResource(forge)
[26Feb2026 22:10:42.428] [main/DEBUG] [mixin/]: MixinPlatformAgentDefault accepted container SecureJarResource(forge)
[26Feb2026 22:10:42.428] [main/DEBUG] [mixin/]: Processing prepare() for PlatformAgent[MixinPlatformAgentDefault:SecureJarResource(forge)]
[26Feb2026 22:10:42.428] [main/DEBUG] [mixin/]: Adding mixin platform agents for container SecureJarResource(appleskin)
[26Feb2026 22:10:42.428] [main/DEBUG] [mixin/]: Instancing new MixinPlatformAgentMinecraftForge for SecureJarResource(appleskin)
[26Feb2026 22:10:42.429] [main/DEBUG] [mixin/]: MixinPlatformAgentMinecraftForge rejected container SecureJarResource(appleskin)
[26Feb2026 22:10:42.429] [main/DEBUG] [mixin/]: Instancing new MixinPlatformAgentDefault for SecureJarResource(appleskin)
[26Feb2026 22:10:42.429] [main/DEBUG] [mixin/]: MixinPlatformAgentDefault accepted container SecureJarResource(appleskin)
[26Feb2026 22:10:42.430] [main/DEBUG] [mixin/]: Processing prepare() for PlatformAgent[MixinPlatformAgentDefault:SecureJarResource(appleskin)]
[26Feb2026 22:10:42.431] [main/DEBUG] [mixin/]: Adding mixin platform agents for container SecureJarResource(l2harvester05x)
[26Feb2026 22:10:42.431] [main/DEBUG] [mixin/]: Instancing new MixinPlatformAgentMinecraftForge for SecureJarResource(l2harvester05x)
[26Feb2026 22:10:42.431] [main/DEBUG] [mixin/]: MixinPlatformAgentMinecraftForge rejected container SecureJarResource(l2harvester05x)
[26Feb2026 22:10:42.431] [main/DEBUG] [mixin/]: Instancing new MixinPlatformAgentDefault for SecureJarResource(l2harvester05x)
[26Feb2026 22:10:42.431] [main/DEBUG] [mixin/]: MixinPlatformAgentDefault accepted container SecureJarResource(l2harvester05x)
[26Feb2026 22:10:42.431] [main/DEBUG] [mixin/]: Processing prepare() for PlatformAgent[MixinPlatformAgentDefault:SecureJarResource(l2harvester05x)]
[26Feb2026 22:10:42.431] [main/DEBUG] [mixin/]: Registering mixin config: l2harvester05x.mixins.json
[26Feb2026 22:10:42.436] [main/DEBUG] [mixin/]: Adding mixin platform agents for container SecureJarResource(fruitsdelight)
[26Feb2026 22:10:42.436] [main/DEBUG] [mixin/]: Instancing new MixinPlatformAgentMinecraftForge for SecureJarResource(fruitsdelight)
[26Feb2026 22:10:42.436] [main/DEBUG] [mixin/]: MixinPlatformAgentMinecraftForge rejected container SecureJarResource(fruitsdelight)
[26Feb2026 22:10:42.437] [main/DEBUG] [mixin/]: Instancing new MixinPlatformAgentDefault for SecureJarResource(fruitsdelight)
[26Feb2026 22:10:42.437] [main/DEBUG] [mixin/]: MixinPlatformAgentDefault accepted container SecureJarResource(fruitsdelight)
[26Feb2026 22:10:42.437] [main/DEBUG] [mixin/]: Processing prepare() for PlatformAgent[MixinPlatformAgentDefault:SecureJarResource(fruitsdelight)]
[26Feb2026 22:10:42.437] [main/DEBUG] [mixin/]: Registering mixin config: fruitsdelight.mixins.json
[26Feb2026 22:10:42.441] [main/DEBUG] [mixin/]: Adding mixin platform agents for container SecureJarResource(MixinExtras.beta._8)
[26Feb2026 22:10:42.443] [main/DEBUG] [mixin/]: Instancing new MixinPlatformAgentMinecraftForge for SecureJarResource(MixinExtras.beta._8)
[26Feb2026 22:10:42.444] [main/DEBUG] [mixin/]: MixinPlatformAgentMinecraftForge rejected container SecureJarResource(MixinExtras.beta._8)
[26Feb2026 22:10:42.444] [main/DEBUG] [mixin/]: Instancing new MixinPlatformAgentDefault for SecureJarResource(MixinExtras.beta._8)
[26Feb2026 22:10:42.444] [main/DEBUG] [mixin/]: MixinPlatformAgentDefault accepted container SecureJarResource(MixinExtras.beta._8)
[26Feb2026 22:10:42.444] [main/DEBUG] [mixin/]: Processing prepare() for PlatformAgent[MixinPlatformAgentDefault:SecureJarResource(MixinExtras.beta._8)]
[26Feb2026 22:10:42.444] [main/DEBUG] [mixin/]: Adding mixin platform agents for container SecureJarResource(l2serial)
[26Feb2026 22:10:42.444] [main/DEBUG] [mixin/]: Instancing new MixinPlatformAgentMinecraftForge for SecureJarResource(l2serial)
[26Feb2026 22:10:42.444] [main/DEBUG] [mixin/]: MixinPlatformAgentMinecraftForge rejected container SecureJarResource(l2serial)
[26Feb2026 22:10:42.444] [main/DEBUG] [mixin/]: Instancing new MixinPlatformAgentDefault for SecureJarResource(l2serial)
[26Feb2026 22:10:42.444] [main/DEBUG] [mixin/]: MixinPlatformAgentDefault accepted container SecureJarResource(l2serial)
[26Feb2026 22:10:42.444] [main/DEBUG] [mixin/]: Processing prepare() for PlatformAgent[MixinPlatformAgentDefault:SecureJarResource(l2serial)]
[26Feb2026 22:10:42.444] [main/DEBUG] [mixin/]: Adding mixin platform agents for container SecureJarResource(Registrate.MC1._20)
[26Feb2026 22:10:42.446] [main/DEBUG] [mixin/]: Instancing new MixinPlatformAgentMinecraftForge for SecureJarResource(Registrate.MC1._20)
[26Feb2026 22:10:42.446] [main/DEBUG] [mixin/]: MixinPlatformAgentMinecraftForge rejected container SecureJarResource(Registrate.MC1._20)
[26Feb2026 22:10:42.446] [main/DEBUG] [mixin/]: Instancing new MixinPlatformAgentDefault for SecureJarResource(Registrate.MC1._20)
[26Feb2026 22:10:42.446] [main/DEBUG] [mixin/]: MixinPlatformAgentDefault accepted container SecureJarResource(Registrate.MC1._20)
[26Feb2026 22:10:42.446] [main/DEBUG] [mixin/]: Processing prepare() for PlatformAgent[MixinPlatformAgentDefault:SecureJarResource(Registrate.MC1._20)]
[26Feb2026 22:10:42.446] [main/DEBUG] [mixin/]: Adding mixin platform agents for container SecureJarResource(bytecodecs)
[26Feb2026 22:10:42.446] [main/DEBUG] [mixin/]: Instancing new MixinPlatformAgentMinecraftForge for SecureJarResource(bytecodecs)
[26Feb2026 22:10:42.449] [main/DEBUG] [mixin/]: MixinPlatformAgentMinecraftForge rejected container SecureJarResource(bytecodecs)
[26Feb2026 22:10:42.450] [main/DEBUG] [mixin/]: Instancing new MixinPlatformAgentDefault for SecureJarResource(bytecodecs)
[26Feb2026 22:10:42.450] [main/DEBUG] [mixin/]: MixinPlatformAgentDefault accepted container SecureJarResource(bytecodecs)
[26Feb2026 22:10:42.450] [main/DEBUG] [mixin/]: Processing prepare() for PlatformAgent[MixinPlatformAgentDefault:SecureJarResource(bytecodecs)]
[26Feb2026 22:10:42.450] [main/DEBUG] [mixin/]: Adding mixin platform agents for container SecureJarResource(yabn)
[26Feb2026 22:10:42.450] [main/DEBUG] [mixin/]: Instancing new MixinPlatformAgentMinecraftForge for SecureJarResource(yabn)
[26Feb2026 22:10:42.450] [main/DEBUG] [mixin/]: MixinPlatformAgentMinecraftForge rejected container SecureJarResource(yabn)
[26Feb2026 22:10:42.450] [main/DEBUG] [mixin/]: Instancing new MixinPlatformAgentDefault for SecureJarResource(yabn)
[26Feb2026 22:10:42.450] [main/DEBUG] [mixin/]: MixinPlatformAgentDefault accepted container SecureJarResource(yabn)
[26Feb2026 22:10:42.450] [main/DEBUG] [mixin/]: Processing prepare() for PlatformAgent[MixinPlatformAgentDefault:SecureJarResource(yabn)]
[26Feb2026 22:10:42.450] [main/DEBUG] [mixin/]: inject() running with 32 agents
[26Feb2026 22:10:42.451] [main/DEBUG] [mixin/]: Processing inject() for PlatformAgent[MixinPlatformAgentDefault:ModLauncher Root Container(ModLauncher:4f56a0a2)]
[26Feb2026 22:10:42.452] [main/DEBUG] [mixin/]: Processing inject() for PlatformAgent[MixinPlatformAgentDefault:SecureJarResource(minecraft)]
[26Feb2026 22:10:42.453] [main/DEBUG] [mixin/]: Processing inject() for PlatformAgent[MixinPlatformAgentDefault:SecureJarResource(farmersdelight)]
[26Feb2026 22:10:42.453] [main/DEBUG] [mixin/]: Processing inject() for PlatformAgent[MixinPlatformAgentDefault:SecureJarResource(handcrafted)]
[26Feb2026 22:10:42.453] [main/DEBUG] [mixin/]: Processing inject() for PlatformAgent[MixinPlatformAgentDefault:SecureJarResource(kuma_api)]
[26Feb2026 22:10:42.453] [main/DEBUG] [mixin/]: Processing inject() for PlatformAgent[MixinPlatformAgentDefault:SecureJarResource(culturaldelights)]
[26Feb2026 22:10:42.453] [main/DEBUG] [mixin/]: Processing inject() for PlatformAgent[MixinPlatformAgentDefault:SecureJarResource(l2harvester)]
[26Feb2026 22:10:42.453] [main/DEBUG] [mixin/]: Processing inject() for PlatformAgent[MixinPlatformAgentDefault:SecureJarResource(jei)]
[26Feb2026 22:10:42.454] [main/DEBUG] [mixin/]: Processing inject() for PlatformAgent[MixinPlatformAgentDefault:SecureJarResource(sophisticatedcore)]
[26Feb2026 22:10:42.454] [main/DEBUG] [mixin/]: Processing inject() for PlatformAgent[MixinPlatformAgentDefault:SecureJarResource(l2harvester60x)]
[26Feb2026 22:10:42.454] [main/DEBUG] [mixin/]: Processing inject() for PlatformAgent[MixinPlatformAgentDefault:SecureJarResource(journeymap)]
[26Feb2026 22:10:42.454] [main/DEBUG] [mixin/]: Processing inject() for PlatformAgent[MixinPlatformAgentDefault:SecureJarResource(cookingforblockheads)]
[26Feb2026 22:10:42.454] [main/DEBUG] [mixin/]: Processing inject() for PlatformAgent[MixinPlatformAgentDefault:SecureJarResource(mixinextras)]
[26Feb2026 22:10:42.454] [main/DEBUG] [mixin/]: Processing inject() for PlatformAgent[MixinPlatformAgentDefault:SecureJarResource(ftbultimine)]
[26Feb2026 22:10:42.454] [main/DEBUG] [mixin/]: Processing inject() for PlatformAgent[MixinPlatformAgentDefault:SecureJarResource(sophisticatedbackpacks)]
[26Feb2026 22:10:42.454] [main/DEBUG] [mixin/]: Processing inject() for PlatformAgent[MixinPlatformAgentDefault:SecureJarResource(resourcefullib)]
[26Feb2026 22:10:42.454] [main/DEBUG] [mixin/]: Processing inject() for PlatformAgent[MixinPlatformAgentDefault:SecureJarResource(architectury)]
[26Feb2026 22:10:42.454] [main/DEBUG] [mixin/]: Processing inject() for PlatformAgent[MixinPlatformAgentDefault:SecureJarResource(ftblibrary)]
[26Feb2026 22:10:42.454] [main/DEBUG] [mixin/]: Processing inject() for PlatformAgent[MixinPlatformAgentDefault:SecureJarResource(balm)]
[26Feb2026 22:10:42.457] [main/DEBUG] [mixin/]: Processing inject() for PlatformAgent[MixinPlatformAgentDefault:SecureJarResource(refurbished_furniture)]
[26Feb2026 22:10:42.457] [main/DEBUG] [mixin/]: Processing inject() for PlatformAgent[MixinPlatformAgentDefault:SecureJarResource(framework)]
[26Feb2026 22:10:42.457] [main/DEBUG] [mixin/]: Processing inject() for PlatformAgent[MixinPlatformAgentDefault:SecureJarResource(fallingtree)]
[26Feb2026 22:10:42.458] [main/DEBUG] [mixin/]: Processing inject() for PlatformAgent[MixinPlatformAgentDefault:SecureJarResource(l2library)]
[26Feb2026 22:10:42.458] [main/DEBUG] [mixin/]: Processing inject() for PlatformAgent[MixinPlatformAgentDefault:SecureJarResource(forge)]
[26Feb2026 22:10:42.458] [main/DEBUG] [mixin/]: Processing inject() for PlatformAgent[MixinPlatformAgentDefault:SecureJarResource(appleskin)]
[26Feb2026 22:10:42.458] [main/DEBUG] [mixin/]: Processing inject() for PlatformAgent[MixinPlatformAgentDefault:SecureJarResource(l2harvester05x)]
[26Feb2026 22:10:42.459] [main/DEBUG] [mixin/]: Processing inject() for PlatformAgent[MixinPlatformAgentDefault:SecureJarResource(fruitsdelight)]
[26Feb2026 22:10:42.459] [main/DEBUG] [mixin/]: Processing inject() for PlatformAgent[MixinPlatformAgentDefault:SecureJarResource(MixinExtras.beta._8)]
[26Feb2026 22:10:42.459] [main/DEBUG] [mixin/]: Processing inject() for PlatformAgent[MixinPlatformAgentDefault:SecureJarResource(l2serial)]
[26Feb2026 22:10:42.460] [main/DEBUG] [mixin/]: Processing inject() for PlatformAgent[MixinPlatformAgentDefault:SecureJarResource(Registrate.MC1._20)]
[26Feb2026 22:10:42.461] [main/DEBUG] [mixin/]: Processing inject() for PlatformAgent[MixinPlatformAgentDefault:SecureJarResource(bytecodecs)]
[26Feb2026 22:10:42.461] [main/DEBUG] [mixin/]: Processing inject() for PlatformAgent[MixinPlatformAgentDefault:SecureJarResource(yabn)]
[26Feb2026 22:10:42.462] [main/INFO] [cpw.mods.modlauncher.LaunchServiceHandler/MODLAUNCHER]: Launching target 'forgeserver' with arguments [nogui]
[26Feb2026 22:10:42.592] [main/DEBUG] [mixin/]: Error cleaning class output directory: .mixin.out
[26Feb2026 22:10:42.595] [main/DEBUG] [mixin/]: Preparing mixins for MixinEnvironment[DEFAULT]
[26Feb2026 22:10:42.598] [main/DEBUG] [mixin/]: Selecting config farmersdelight.mixins.json
[26Feb2026 22:10:42.610] [main/DEBUG] [mixin/]: Selecting config handcrafted-common.mixins.json
[26Feb2026 22:10:42.613] [main/DEBUG] [mixin/]: Selecting config handcrafted.mixins.json
[26Feb2026 22:10:42.617] [main/WARN] [mixin/]: Reference map 'handcrafted-forge-1.20.1-forge-refmap.json' for handcrafted.mixins.json could not be read. If this is a development environment you can ignore this message
[26Feb2026 22:10:42.620] [main/DEBUG] [mixin/]: Selecting config kuma_api.mixins.json
[26Feb2026 22:10:42.625] [main/DEBUG] [mixin/]: Selecting config kuma_api.forge.mixins.json
[26Feb2026 22:10:42.627] [main/DEBUG] [mixin/]: Selecting config sophisticatedcore.mixins.json
[26Feb2026 22:10:42.631] [main/DEBUG] [mixin/]: Selecting config l2harvester60x.mixins.json
[26Feb2026 22:10:42.653] [main/DEBUG] [mixin/]: Selecting config journeymap.mixins.json
[26Feb2026 22:10:42.656] [main/DEBUG] [mixin/]: Selecting config cookingforblockheads.mixins.json
[26Feb2026 22:10:42.659] [main/WARN] [mixin/]: Reference map 'cookingforblockheads.refmap.json' for cookingforblockheads.mixins.json could not be read. If this is a development environment you can ignore this message
[26Feb2026 22:10:42.660] [main/DEBUG] [mixin/]: Selecting config mixinextras.init.mixins.json
[26Feb2026 22:10:42.691] [main/DEBUG] [mixin/]: Registering new injector for @Inject with org.spongepowered.asm.mixin.injection.struct.CallbackInjectionInfo
[26Feb2026 22:10:42.697] [main/DEBUG] [mixin/]: Registering new injector for @ModifyArg with org.spongepowered.asm.mixin.injection.struct.ModifyArgInjectionInfo
[26Feb2026 22:10:42.699] [main/DEBUG] [mixin/]: Registering new injector for @ModifyArgs with org.spongepowered.asm.mixin.injection.struct.ModifyArgsInjectionInfo
[26Feb2026 22:10:42.710] [main/DEBUG] [mixin/]: Registering new injector for @Redirect with org.spongepowered.asm.mixin.injection.struct.RedirectInjectionInfo
[26Feb2026 22:10:42.720] [main/DEBUG] [mixin/]: Registering new injector for @ModifyVariable with org.spongepowered.asm.mixin.injection.struct.ModifyVariableInjectionInfo
[26Feb2026 22:10:42.721] [main/DEBUG] [mixin/]: Registering new injector for @ModifyConstant with org.spongepowered.asm.mixin.injection.struct.ModifyConstantInjectionInfo
[26Feb2026 22:10:42.728] [main/DEBUG] [mixin/]: Registering new injector for @ModifyExpressionValue with com.llamalad7.mixinextras.injector.ModifyExpressionValueInjectionInfo
[26Feb2026 22:10:42.743] [main/DEBUG] [mixin/]: Registering new injector for @ModifyReceiver with com.llamalad7.mixinextras.injector.ModifyReceiverInjectionInfo
[26Feb2026 22:10:42.771] [main/DEBUG] [mixin/]: Registering new injector for @ModifyReturnValue with com.llamalad7.mixinextras.injector.ModifyReturnValueInjectionInfo
[26Feb2026 22:10:42.782] [main/DEBUG] [mixin/]: Registering new injector for @WrapOperation with com.llamalad7.mixinextras.injector.wrapoperation.WrapOperationInjectionInfo
[26Feb2026 22:10:42.786] [main/DEBUG] [mixin/]: Registering new injector for @WrapWithCondition with com.llamalad7.mixinextras.injector.WrapWithConditionInjectionInfo
[26Feb2026 22:10:42.792] [main/DEBUG] [mixin/]: Registering new injector for @SugarWrapper with com.llamalad7.mixinextras.sugar.impl.SugarWrapperInjectionInfo
[26Feb2026 22:10:42.835] [main/DEBUG] [mixin/]: Selecting config ftbultimine-common.mixins.json
[26Feb2026 22:10:42.889] [main/DEBUG] [mixin/]: Selecting config architectury.mixins.json
[26Feb2026 22:10:42.896] [main/DEBUG] [mixin/]: Selecting config architectury-common.mixins.json
[26Feb2026 22:10:42.898] [main/DEBUG] [mixin/]: Selecting config ftblibrary-common.mixins.json
[26Feb2026 22:10:42.899] [main/DEBUG] [mixin/]: Selecting config balm.mixins.json
[26Feb2026 22:10:42.900] [main/DEBUG] [mixin/]: Selecting config refurbished_furniture.common.mixins.json
[26Feb2026 22:10:42.908] [main/DEBUG] [mixin/]: Selecting config l2library.mixins.json
[26Feb2026 22:10:42.915] [main/DEBUG] [mixin/]: Selecting config l2harvester05x.mixins.json
[26Feb2026 22:10:42.931] [main/DEBUG] [mixin/]: Selecting config fruitsdelight.mixins.json
[26Feb2026 22:10:42.933] [main/DEBUG] [mixin/]: Preparing farmersdelight.mixins.json (10)
[26Feb2026 22:10:43.143] [main/DEBUG] [mixin/]: Preparing handcrafted-common.mixins.json (1)
[26Feb2026 22:10:43.143] [main/DEBUG] [mixin/]: Preparing handcrafted.mixins.json (0)
[26Feb2026 22:10:43.143] [main/DEBUG] [mixin/]: Preparing kuma_api.mixins.json (1)
[26Feb2026 22:10:43.143] [main/DEBUG] [mixin/]: Preparing kuma_api.forge.mixins.json (0)
[26Feb2026 22:10:43.143] [main/DEBUG] [mixin/]: Preparing sophisticatedcore.mixins.json (1)
[26Feb2026 22:10:43.154] [main/DEBUG] [mixin/]: Preparing l2harvester60x.mixins.json (1)
[26Feb2026 22:10:43.155] [main/DEBUG] [mixin/]: Preparing journeymap.mixins.json (3)
[26Feb2026 22:10:43.155] [main/DEBUG] [mixin/]: Preparing cookingforblockheads.mixins.json (0)
[26Feb2026 22:10:43.155] [main/DEBUG] [mixin/]: Preparing mixinextras.init.mixins.json (0)
[26Feb2026 22:10:43.155] [main/DEBUG] [mixin/]: Preparing ftbultimine-common.mixins.json (2)
[26Feb2026 22:10:43.272] [main/DEBUG] [mixin/]: Preparing architectury.mixins.json (9)
[26Feb2026 22:10:43.332] [main/DEBUG] [mixin/]: Preparing architectury-common.mixins.json (10)
[26Feb2026 22:10:43.372] [main/DEBUG] [net.minecraftforge.coremod.transformer.CoreModBaseTransformer/COREMOD]: Transforming net/minecraft/world/item/BucketItem
[26Feb2026 22:10:43.411] [main/DEBUG] [net.minecraftforge.coremod.transformer.CoreModBaseTransformer/COREMOD]: Transforming net/minecraft/world/entity/EntityType
[26Feb2026 22:10:43.894] [main/DEBUG] [net.minecraftforge.coremod.transformer.CoreModBaseTransformer/COREMOD]: Transforming net/minecraft/world/level/block/LiquidBlock
[26Feb2026 22:10:43.913] [main/DEBUG] [mixin/]: Preparing ftblibrary-common.mixins.json (5)
[26Feb2026 22:10:43.933] [main/DEBUG] [mixin/]: Preparing balm.mixins.json (16)
[26Feb2026 22:10:44.046] [main/DEBUG] [mixin/]: Preparing refurbished_furniture.common.mixins.json (12)
[26Feb2026 22:10:44.133] [main/DEBUG] [mixin/]: Preparing l2library.mixins.json (3)
[26Feb2026 22:10:44.142] [main/DEBUG] [mixin/]: Preparing l2harvester05x.mixins.json (1)
[26Feb2026 22:10:44.144] [main/DEBUG] [mixin/]: Preparing fruitsdelight.mixins.json (10)
[26Feb2026 22:10:44.287] [main/DEBUG] [mixin/]: Prepared 58 mixins in 1.686 sec (29.1ms avg) (0ms load, 0ms transform, 0ms plugin)
[26Feb2026 22:10:44.318] [main/DEBUG] [mixin/]: Mixing MinecraftServerMixin from balm.mixins.json into net.minecraft.server.MinecraftServer
[26Feb2026 22:10:44.334] [main/DEBUG] [mixin/]: Renaming synthetic method lambda$reloadResources$0(Ljava/lang/Void;)V to mdd85953$lambda$reloadResources$0$0 in balm.mixins.json:MinecraftServerMixin
[26Feb2026 22:10:44.505] [main/DEBUG] [io.netty.util.internal.logging.InternalLoggerFactory/]: Using SLF4J as the default logging framework
[26Feb2026 22:10:44.530] [main/DEBUG] [io.netty.util.ResourceLeakDetector/]: -Dio.netty.leakDetection.level: simple
[26Feb2026 22:10:44.530] [main/DEBUG] [io.netty.util.ResourceLeakDetector/]: -Dio.netty.leakDetection.targetRecords: 4
[26Feb2026 22:10:44.798] [main/DEBUG] [mixin/]: Mixing ResourceLocationMixin from ftblibrary-common.mixins.json into net.minecraft.resources.ResourceLocation
[26Feb2026 22:10:44.798] [main/DEBUG] [mixin/]: ftblibrary-common.mixins.json:ResourceLocationMixin: Class version 61 required is higher than the class version supported by the current version of Mixin (JAVA_8 supports class version 52)
[26Feb2026 22:10:44.961] [main/DEBUG] [oshi.util.FileUtil/]: No oshi.properties file found from ClassLoader cpw.mods.modlauncher.TransformingClassLoader@1a47a1e8
[26Feb2026 22:10:44.961] [main/DEBUG] [oshi.util.FileUtil/]: No oshi.properties file found from ClassLoader jdk.internal.loader.ClassLoaders$AppClassLoader@76ed5528
[26Feb2026 22:10:45.313] [main/DEBUG] [oshi.util.FileUtil/]: Reading file /proc/self/auxv
[26Feb2026 22:10:45.315] [main/DEBUG] [oshi.util.FileUtil/]: Reading file /proc/self/auxv
[26Feb2026 22:10:45.339] [main/DEBUG] [oshi.util.FileUtil/]: Reading file /proc/stat
[26Feb2026 22:10:45.374] [main/DEBUG] [oshi.util.FileUtil/]: Reading file /sys/devices/system/cpu/cpu0/topology/core_id
[26Feb2026 22:10:45.376] [main/DEBUG] [oshi.util.FileUtil/]: Reading file /sys/devices/system/cpu/cpu0/topology/core_id
[26Feb2026 22:10:45.376] [main/DEBUG] [oshi.util.FileUtil/]: Reading file /sys/devices/system/cpu/cpu0/topology/physical_package_id
[26Feb2026 22:10:45.377] [main/DEBUG] [oshi.util.FileUtil/]: Reading file /sys/devices/system/cpu/cpu0/topology/physical_package_id
[26Feb2026 22:10:45.377] [main/DEBUG] [oshi.util.FileUtil/]: Reading file /sys/devices/system/cpu/cpu0/cpu_capacity
[26Feb2026 22:10:45.387] [main/DEBUG] [oshi.util.FileUtil/]: Reading file /sys/devices/system/cpu/cpu1/topology/core_id
[26Feb2026 22:10:45.387] [main/DEBUG] [oshi.util.FileUtil/]: Reading file /sys/devices/system/cpu/cpu1/topology/core_id
[26Feb2026 22:10:45.387] [main/DEBUG] [oshi.util.FileUtil/]: Reading file /sys/devices/system/cpu/cpu1/topology/physical_package_id
[26Feb2026 22:10:45.387] [main/DEBUG] [oshi.util.FileUtil/]: Reading file /sys/devices/system/cpu/cpu1/topology/physical_package_id
[26Feb2026 22:10:45.388] [main/DEBUG] [oshi.util.FileUtil/]: Reading file /sys/devices/system/cpu/cpu1/cpu_capacity
[26Feb2026 22:10:45.396] [main/DEBUG] [oshi.util.FileUtil/]: Reading file /proc/cpuinfo
[26Feb2026 22:10:45.448] [main/DEBUG] [oshi.util.FileUtil/]: Reading file /proc/self/auxv
[26Feb2026 22:10:45.458] [main/DEBUG] [oshi.util.FileUtil/]: No oshi.architecture.properties file found from ClassLoader cpw.mods.modlauncher.TransformingClassLoader@1a47a1e8
[26Feb2026 22:10:45.461] [main/DEBUG] [oshi.util.FileUtil/]: No oshi.architecture.properties file found from ClassLoader jdk.internal.loader.ClassLoaders$AppClassLoader@76ed5528
[26Feb2026 22:10:45.523] [main/DEBUG] [oshi.util.FileUtil/]: Reading file /proc/meminfo
[26Feb2026 22:10:45.525] [main/DEBUG] [oshi.util.FileUtil/]: Reading file /proc/meminfo
[26Feb2026 22:10:45.781] [main/DEBUG] [mixin/]: Mixing inject.MixinGameEvent from architectury-common.mixins.json into net.minecraft.world.level.gameevent.GameEvent
[26Feb2026 22:10:45.991] [main/DEBUG] [mixin/]: Mixing inject.MixinBlock from architectury-common.mixins.json into net.minecraft.world.level.block.Block
[26Feb2026 22:10:46.093] [main/DEBUG] [mixin/]: Mixing BlockStateBaseMixin from fruitsdelight.mixins.json into net.minecraft.world.level.block.state.BlockBehaviour$BlockStateBase
[26Feb2026 22:10:46.250] [main/DEBUG] [mixin/]: Mixing EntityMixin from balm.mixins.json into net.minecraft.world.entity.Entity
[26Feb2026 22:10:46.287] [main/DEBUG] [mixin/]: Mixing EntityAccessor from refurbished_furniture.common.mixins.json into net.minecraft.world.entity.Entity
[26Feb2026 22:10:46.309] [main/DEBUG] [mixin/]: Mixing EntityMixin from refurbished_furniture.common.mixins.json into net.minecraft.world.entity.Entity
[26Feb2026 22:10:46.328] [main/DEBUG] [mixin/]: Mixing EntityMixin from l2library.mixins.json into net.minecraft.world.entity.Entity
[26Feb2026 22:10:46.331] [main/DEBUG] [mixin/]: l2library.mixins.json:EntityMixin: Class version 61 required is higher than the class version supported by the current version of Mixin (JAVA_16 supports class version 60)
[26Feb2026 22:10:46.659] [main/DEBUG] [mixin/]: Mixing LivingEntityMixin from refurbished_furniture.common.mixins.json into net.minecraft.world.entity.LivingEntity
[26Feb2026 22:10:46.672] [main/DEBUG] [mixin/]: Mixing LivingEntityMixin from fruitsdelight.mixins.json into net.minecraft.world.entity.LivingEntity
[26Feb2026 22:10:46.951] [main/DEBUG] [mixin/]: Mixing LevelMixin from refurbished_furniture.common.mixins.json into net.minecraft.world.level.Level
[26Feb2026 22:10:47.029] [main/DEBUG] [mixin/]: Mixing ServerLevelMixin from refurbished_furniture.common.mixins.json into net.minecraft.server.level.ServerLevel
[26Feb2026 22:10:47.096] [main/DEBUG] [mixin/]: Mixing PlayerMixin from fruitsdelight.mixins.json into net.minecraft.world.entity.player.Player
[26Feb2026 22:10:47.243] [main/DEBUG] [mixin/]: Mixing inject.MixinFluid from architectury-common.mixins.json into net.minecraft.world.level.material.Fluid
[26Feb2026 22:10:47.255] [main/DEBUG] [mixin/]: Mixing inject.MixinItem from architectury-common.mixins.json into net.minecraft.world.item.Item
[26Feb2026 22:10:47.262] [main/DEBUG] [mixin/]: Mixing ItemMixin from ftblibrary-common.mixins.json into net.minecraft.world.item.Item
[26Feb2026 22:10:47.263] [main/DEBUG] [mixin/]: ftblibrary-common.mixins.json:ItemMixin: Class version 61 required is higher than the class version supported by the current version of Mixin (JAVA_8 supports class version 52)
[26Feb2026 22:10:47.342] [main/DEBUG] [net.minecraftforge.coremod.transformer.CoreModBaseTransformer/COREMOD]: Transforming net/minecraft/world/entity/EntityType
[26Feb2026 22:10:47.631] [main/DEBUG] [mixin/]: Mixing inject.MixinEntityType from architectury-common.mixins.json into net.minecraft.world.entity.EntityType
[26Feb2026 22:10:47.777] [main/DEBUG] [mixin/]: Mixing KeepRichSoilGiantTreeMixin from farmersdelight.mixins.json into net.minecraft.world.level.levelgen.feature.Feature
[26Feb2026 22:10:47.783] [main/DEBUG] [mixin/]: Renaming synthetic method lambda$keepRichSoil$0(Lnet/minecraft/world/level/block/state/BlockState;)Z to mdd85953$lambda$keepRichSoil$0$0 in farmersdelight.mixins.json:KeepRichSoilGiantTreeMixin
[26Feb2026 22:10:48.552] [main/DEBUG] [net.minecraftforge.coremod.transformer.CoreModBaseTransformer/COREMOD]: Transforming net/minecraft/world/level/block/LiquidBlock
[26Feb2026 22:10:48.553] [main/DEBUG] [mixin/]: Mixing inject.MixinLiquidBlock from architectury-common.mixins.json into net.minecraft.world.level.block.LiquidBlock
[26Feb2026 22:10:48.569] [main/DEBUG] [mixin/]: Mixing BrushableBlockMixin from fruitsdelight.mixins.json into net.minecraft.world.level.block.BrushableBlock
[26Feb2026 22:10:48.620] [main/DEBUG] [mixin/]: Mixing CuttingBoardDispenserMixin from farmersdelight.mixins.json into net.minecraft.world.level.block.DispenserBlock
[26Feb2026 22:10:48.657] [main/DEBUG] [net.minecraftforge.coremod.transformer.CoreModBaseTransformer/COREMOD]: Transforming net/minecraft/world/item/ItemStack
[26Feb2026 22:10:48.785] [main/DEBUG] [net.minecraftforge.coremod.transformer.CoreModBaseTransformer/COREMOD]: Transforming net/minecraft/world/level/block/StairBlock
[26Feb2026 22:10:48.814] [main/DEBUG] [mixin/]: Mixing CropBlockMixin from balm.mixins.json into net.minecraft.world.level.block.CropBlock
[26Feb2026 22:10:48.828] [main/DEBUG] [mixin/]: Mixing KeepRichSoilUntrampledMixin from farmersdelight.mixins.json into net.minecraft.world.level.block.FarmBlock
[26Feb2026 22:10:48.928] [main/DEBUG] [mixin/]: Mixing StemBlockMixin from balm.mixins.json into net.minecraft.world.level.block.StemBlock
[26Feb2026 22:10:48.958] [main/DEBUG] [mixin/]: Mixing AbstractCauldronBlockAccessor from fruitsdelight.mixins.json into net.minecraft.world.level.block.AbstractCauldronBlock
[26Feb2026 22:10:49.005] [main/DEBUG] [net.minecraftforge.coremod.transformer.CoreModBaseTransformer/COREMOD]: Transforming net/minecraft/world/level/block/FlowerPotBlock
[26Feb2026 22:10:49.174] [main/DEBUG] [mixin/]: Mixing CampfireBaleMixin from farmersdelight.mixins.json into net.minecraft.world.level.block.CampfireBlock
[26Feb2026 22:10:49.199] [main/DEBUG] [mixin/]: Mixing HoneyBlockMixin from fruitsdelight.mixins.json into net.minecraft.world.level.block.HoneyBlock
[26Feb2026 22:10:49.544] [main/DEBUG] [mixin/]: Mixing MixinFallingBlockEntity from architectury.mixins.json into net.minecraft.world.entity.item.FallingBlockEntity
[26Feb2026 22:10:49.634] [main/DEBUG] [mixin/]: Mixing BlockEntityMixin from refurbished_furniture.common.mixins.json into net.minecraft.world.level.block.entity.BlockEntity
[26Feb2026 22:10:50.463] [main/DEBUG] [mixin/]: Mixing KeepRichSoilTreeMixin from farmersdelight.mixins.json into net.minecraft.world.level.levelgen.feature.trunkplacers.TrunkPlacer
[26Feb2026 22:10:50.463] [main/DEBUG] [mixin/]: Renaming synthetic method lambda$cancelSetDirtIfRichSoil$0(Lnet/minecraft/world/level/block/state/BlockState;)Z to mdd85953$lambda$cancelSetDirtIfRichSoil$0$0 in farmersdelight.mixins.json:KeepRichSoilTreeMixin
[26Feb2026 22:10:51.921] [main/DEBUG] [mixin/]: Mixing AbstractArrowMixin from l2library.mixins.json into net.minecraft.world.entity.projectile.AbstractArrow
[26Feb2026 22:10:51.922] [main/DEBUG] [mixin/]: l2library.mixins.json:AbstractArrowMixin: Class version 61 required is higher than the class version supported by the current version of Mixin (JAVA_16 supports class version 60)
[26Feb2026 22:10:51.930] [main/DEBUG] [mixin/]: Mixing AbstractArrowMixin from fruitsdelight.mixins.json into net.minecraft.world.entity.projectile.AbstractArrow
[26Feb2026 22:10:52.334] [main/DEBUG] [net.minecraftforge.coremod.transformer.CoreModBaseTransformer/COREMOD]: Transforming net/minecraft/world/item/ItemStack
[26Feb2026 22:10:53.029] [main/DEBUG] [mixin/]: Mixing AnimalMixin from fruitsdelight.mixins.json into net.minecraft.world.entity.animal.Animal
[26Feb2026 22:10:54.421] [main/DEBUG] [mixin/]: Mixing MixinLightningBolt from architectury-common.mixins.json into net.minecraft.world.entity.LightningBolt
[26Feb2026 22:10:54.690] [main/DEBUG] [net.minecraftforge.coremod.transformer.CoreModBaseTransformer/COREMOD]: Transforming net/minecraft/world/entity/animal/frog/Tadpole
[26Feb2026 22:10:54.751] [main/DEBUG] [mixin/]: Mixing ShovelItemAccess from ftbultimine-common.mixins.json into net.minecraft.world.item.ShovelItem
[26Feb2026 22:10:54.753] [main/DEBUG] [mixin/]: ftbultimine-common.mixins.json:ShovelItemAccess: Class version 61 required is higher than the class version supported by the current version of Mixin (JAVA_8 supports class version 52)
[26Feb2026 22:10:54.753] [main/DEBUG] [mixin/]: Renaming @Accessor method getFlattenables()Ljava/util/Map; to getFlattenables_$md$d85953$0 in ftbultimine-common.mixins.json:ShovelItemAccess
[26Feb2026 22:10:54.757] [main/DEBUG] [mixin/]: Mixing AxeItemAccess from ftbultimine-common.mixins.json into net.minecraft.world.item.AxeItem
[26Feb2026 22:10:54.757] [main/DEBUG] [mixin/]: ftbultimine-common.mixins.json:AxeItemAccess: Class version 61 required is higher than the class version supported by the current version of Mixin (JAVA_8 supports class version 52)
[26Feb2026 22:10:54.760] [main/DEBUG] [mixin/]: Mixing SoupItemMixin from farmersdelight.mixins.json into net.minecraft.world.item.BowlFoodItem
[26Feb2026 22:10:54.805] [main/DEBUG] [net.minecraftforge.coremod.transformer.CoreModBaseTransformer/COREMOD]: Transforming net/minecraft/world/item/BucketItem
[26Feb2026 22:10:54.808] [main/DEBUG] [mixin/]: Mixing inject.MixinBucketItem from architectury-common.mixins.json into net.minecraft.world.item.BucketItem
[26Feb2026 22:10:54.865] [main/DEBUG] [mixin/]: Mixing inject.MixinItemProperties from architectury-common.mixins.json into net.minecraft.world.item.Item$Properties
[26Feb2026 22:10:55.940] [main/DEBUG] [mixin/]: Mixing BoatMixin from fruitsdelight.mixins.json into net.minecraft.world.entity.vehicle.Boat
[26Feb2026 22:10:55.974] [main/DEBUG] [net.minecraftforge.coremod.transformer.CoreModBaseTransformer/COREMOD]: Transforming net/minecraft/world/entity/monster/Spider
[26Feb2026 22:10:56.081] [main/DEBUG] [net.minecraftforge.coremod.transformer.CoreModBaseTransformer/COREMOD]: Transforming net/minecraft/world/entity/monster/Zombie
[26Feb2026 22:10:56.189] [main/DEBUG] [net.minecraftforge.coremod.transformer.CoreModBaseTransformer/COREMOD]: Transforming net/minecraft/world/entity/monster/ZombieVillager
[26Feb2026 22:10:56.325] [main/DEBUG] [net.minecraftforge.coremod.transformer.CoreModBaseTransformer/COREMOD]: Transforming net/minecraft/world/entity/monster/Evoker$EvokerSummonSpellGoal
[26Feb2026 22:10:56.473] [main/DEBUG] [mixin/]: Mixing RabbitsEatCabbageMixin from farmersdelight.mixins.json into net.minecraft.world.entity.animal.Rabbit
[26Feb2026 22:10:56.512] [main/DEBUG] [net.minecraftforge.coremod.transformer.CoreModBaseTransformer/COREMOD]: Transforming net/minecraft/world/entity/animal/horse/SkeletonTrapGoal
[26Feb2026 22:10:56.545] [main/DEBUG] [net.minecraftforge.coremod.transformer.CoreModBaseTransformer/COREMOD]: Transforming net/minecraft/world/entity/monster/Strider
[26Feb2026 22:10:56.741] [main/DEBUG] [mixin/]: Mixing LevelChunkMixin from refurbished_furniture.common.mixins.json into net.minecraft.world.level.chunk.LevelChunk
[26Feb2026 22:10:56.746] [main/WARN] [mixin/]: @Inject(@At("INVOKE_ASSIGN")) Shift.BY=2 on refurbished_furniture.common.mixins.json:LevelChunkMixin::handler$zbh000$refurbishedFurniture$AfterRemoveBlockEntity exceeds the maximum allowed value: 0. Increase the value of maxShiftBy to suppress this warning.
[26Feb2026 22:10:56.805] [main/DEBUG] [net.minecraftforge.coremod.transformer.CoreModBaseTransformer/COREMOD]: Transforming net/minecraft/world/entity/npc/Villager
[26Feb2026 22:10:56.998] [main/DEBUG] [mixin/]: Mixing inject.MixinFoodPropertiesBuilder from architectury-common.mixins.json into net.minecraft.world.food.FoodProperties$Builder
[26Feb2026 22:10:57.001] [main/DEBUG] [net.minecraftforge.coremod.transformer.CoreModBaseTransformer/COREMOD]: Transforming net/minecraft/world/effect/MobEffectInstance
[26Feb2026 22:10:57.401] [main/DEBUG] [mixin/]: Mixing SlotAccessor from balm.mixins.json into net.minecraft.world.inventory.Slot
[26Feb2026 22:10:58.098] [main/DEBUG] [net.minecraftforge.coremod.transformer.CoreModBaseTransformer/COREMOD]: Transforming net/minecraft/world/level/levelgen/structure/Structure
[26Feb2026 22:10:58.151] [main/DEBUG] [net.minecraftforge.coremod.transformer.CoreModBaseTransformer/COREMOD]: Transforming net/minecraft/world/level/levelgen/structure/structures/OceanRuinPieces$OceanRuinPiece
[26Feb2026 22:10:58.235] [main/DEBUG] [net.minecraftforge.coremod.transformer.CoreModBaseTransformer/COREMOD]: Transforming net/minecraft/world/level/levelgen/structure/structures/SwampHutPiece
[26Feb2026 22:10:58.271] [main/DEBUG] [net.minecraftforge.coremod.transformer.CoreModBaseTransformer/COREMOD]: Transforming net/minecraft/world/level/levelgen/structure/structures/OceanMonumentPieces$OceanMonumentPiece
[26Feb2026 22:10:58.326] [main/DEBUG] [net.minecraftforge.coremod.transformer.CoreModBaseTransformer/COREMOD]: Transforming net/minecraft/world/level/levelgen/structure/structures/WoodlandMansionPieces$WoodlandMansionPiece
[26Feb2026 22:10:58.549] [main/DEBUG] [net.minecraftforge.coremod.transformer.CoreModBaseTransformer/COREMOD]: Transforming net/minecraft/world/level/biome/Biome
[26Feb2026 22:10:59.327] [main/DEBUG] [net.minecraftforge.common.ForgeI18n/CORE]: Loading I18N data entries: 6430
[26Feb2026 22:10:59.349] [main/DEBUG] [net.minecraftforge.fml.ModWorkManager/LOADING]: Using 2 threads for parallel mod-loading
[26Feb2026 22:10:59.363] [main/DEBUG] [net.minecraftforge.fml.javafmlmod.FMLJavaModLanguageProvider/LOADING]: Loading FMLModContainer from classloader cpw.mods.modlauncher.TransformingClassLoader@1a47a1e8 - got cpw.mods.cl.ModuleClassLoader@6579c3d9
[26Feb2026 22:10:59.366] [main/DEBUG] [net.minecraftforge.fml.javafmlmod.FMLModContainer/LOADING]: Creating FMLModContainer instance for vectorwing.farmersdelight.FarmersDelight
[26Feb2026 22:10:59.372] [main/DEBUG] [net.minecraftforge.fml.javafmlmod.FMLJavaModLanguageProvider/LOADING]: Loading FMLModContainer from classloader cpw.mods.modlauncher.TransformingClassLoader@1a47a1e8 - got cpw.mods.cl.ModuleClassLoader@6579c3d9
[26Feb2026 22:10:59.372] [main/DEBUG] [net.minecraftforge.fml.javafmlmod.FMLModContainer/LOADING]: Creating FMLModContainer instance for earth.terrarium.handcrafted.forge.HandcraftedForge
[26Feb2026 22:10:59.373] [main/DEBUG] [net.minecraftforge.fml.javafmlmod.FMLJavaModLanguageProvider/LOADING]: Loading FMLModContainer from classloader cpw.mods.modlauncher.TransformingClassLoader@1a47a1e8 - got cpw.mods.cl.ModuleClassLoader@6579c3d9
[26Feb2026 22:10:59.373] [main/DEBUG] [net.minecraftforge.fml.javafmlmod.FMLModContainer/LOADING]: Creating FMLModContainer instance for net.blay09.mods.kuma.forge.ForgeKumaAPI
[26Feb2026 22:10:59.374] [main/DEBUG] [net.minecraftforge.fml.javafmlmod.FMLJavaModLanguageProvider/LOADING]: Loading FMLModContainer from classloader cpw.mods.modlauncher.TransformingClassLoader@1a47a1e8 - got cpw.mods.cl.ModuleClassLoader@6579c3d9
[26Feb2026 22:10:59.374] [main/DEBUG] [net.minecraftforge.fml.javafmlmod.FMLModContainer/LOADING]: Creating FMLModContainer instance for com.baisylia.culturaldelights.CulturalDelights
[26Feb2026 22:10:59.375] [main/DEBUG] [net.minecraftforge.fml.javafmlmod.FMLJavaModLanguageProvider/LOADING]: Loading FMLModContainer from classloader cpw.mods.modlauncher.TransformingClassLoader@1a47a1e8 - got cpw.mods.cl.ModuleClassLoader@6579c3d9
[26Feb2026 22:10:59.375] [main/DEBUG] [net.minecraftforge.fml.javafmlmod.FMLModContainer/LOADING]: Creating FMLModContainer instance for dev.xkmc.l2harvester.init.L2Harvester
[26Feb2026 22:10:59.376] [main/DEBUG] [net.minecraftforge.fml.javafmlmod.FMLJavaModLanguageProvider/LOADING]: Loading FMLModContainer from classloader cpw.mods.modlauncher.TransformingClassLoader@1a47a1e8 - got cpw.mods.cl.ModuleClassLoader@6579c3d9
[26Feb2026 22:10:59.376] [main/DEBUG] [net.minecraftforge.fml.javafmlmod.FMLModContainer/LOADING]: Creating FMLModContainer instance for mezz.jei.forge.JustEnoughItems
[26Feb2026 22:10:59.377] [main/DEBUG] [net.minecraftforge.fml.javafmlmod.FMLJavaModLanguageProvider/LOADING]: Loading FMLModContainer from classloader cpw.mods.modlauncher.TransformingClassLoader@1a47a1e8 - got cpw.mods.cl.ModuleClassLoader@6579c3d9
[26Feb2026 22:10:59.378] [main/DEBUG] [net.minecraftforge.fml.javafmlmod.FMLModContainer/LOADING]: Creating FMLModContainer instance for net.p3pp3rf1y.sophisticatedcore.SophisticatedCore
[26Feb2026 22:10:59.378] [main/DEBUG] [net.minecraftforge.fml.javafmlmod.FMLJavaModLanguageProvider/LOADING]: Loading FMLModContainer from classloader cpw.mods.modlauncher.TransformingClassLoader@1a47a1e8 - got cpw.mods.cl.ModuleClassLoader@6579c3d9
[26Feb2026 22:10:59.379] [main/DEBUG] [net.minecraftforge.fml.javafmlmod.FMLModContainer/LOADING]: Creating FMLModContainer instance for dev.xkmc.l2harvester60x.init.L2Harvester60x
[26Feb2026 22:10:59.379] [main/DEBUG] [net.minecraftforge.fml.javafmlmod.FMLJavaModLanguageProvider/LOADING]: Loading FMLModContainer from classloader cpw.mods.modlauncher.TransformingClassLoader@1a47a1e8 - got cpw.mods.cl.ModuleClassLoader@6579c3d9
[26Feb2026 22:10:59.379] [main/DEBUG] [net.minecraftforge.fml.javafmlmod.FMLModContainer/LOADING]: Creating FMLModContainer instance for journeymap.common.Journeymap
[26Feb2026 22:10:59.380] [main/DEBUG] [net.minecraftforge.fml.javafmlmod.FMLJavaModLanguageProvider/LOADING]: Loading FMLModContainer from classloader cpw.mods.modlauncher.TransformingClassLoader@1a47a1e8 - got cpw.mods.cl.ModuleClassLoader@6579c3d9
[26Feb2026 22:10:59.380] [main/DEBUG] [net.minecraftforge.fml.javafmlmod.FMLModContainer/LOADING]: Creating FMLModContainer instance for net.blay09.mods.cookingforblockheads.ForgeCookingForBlockheads
[26Feb2026 22:10:59.382] [main/DEBUG] [net.minecraftforge.fml.javafmlmod.FMLJavaModLanguageProvider/LOADING]: Loading FMLModContainer from classloader cpw.mods.modlauncher.TransformingClassLoader@1a47a1e8 - got cpw.mods.cl.ModuleClassLoader@6579c3d9
[26Feb2026 22:10:59.382] [main/DEBUG] [net.minecraftforge.fml.javafmlmod.FMLModContainer/LOADING]: Creating FMLModContainer instance for com.llamalad7.mixinextras.platform.forge.MixinExtrasMod
[26Feb2026 22:10:59.383] [main/DEBUG] [net.minecraftforge.fml.javafmlmod.FMLJavaModLanguageProvider/LOADING]: Loading FMLModContainer from classloader cpw.mods.modlauncher.TransformingClassLoader@1a47a1e8 - got cpw.mods.cl.ModuleClassLoader@6579c3d9
[26Feb2026 22:10:59.383] [main/DEBUG] [net.minecraftforge.fml.javafmlmod.FMLModContainer/LOADING]: Creating FMLModContainer instance for dev.ftb.mods.ftbultimine.forge.FTBUltimineForge
[26Feb2026 22:10:59.383] [main/DEBUG] [net.minecraftforge.fml.javafmlmod.FMLJavaModLanguageProvider/LOADING]: Loading FMLModContainer from classloader cpw.mods.modlauncher.TransformingClassLoader@1a47a1e8 - got cpw.mods.cl.ModuleClassLoader@6579c3d9
[26Feb2026 22:10:59.384] [main/DEBUG] [net.minecraftforge.fml.javafmlmod.FMLModContainer/LOADING]: Creating FMLModContainer instance for net.p3pp3rf1y.sophisticatedbackpacks.SophisticatedBackpacks
[26Feb2026 22:10:59.385] [main/DEBUG] [net.minecraftforge.fml.javafmlmod.FMLJavaModLanguageProvider/LOADING]: Loading FMLModContainer from classloader cpw.mods.modlauncher.TransformingClassLoader@1a47a1e8 - got cpw.mods.cl.ModuleClassLoader@6579c3d9
[26Feb2026 22:10:59.385] [main/DEBUG] [net.minecraftforge.fml.javafmlmod.FMLModContainer/LOADING]: Creating FMLModContainer instance for com.teamresourceful.resourcefullib.forge.ResourcefulLibForge
[26Feb2026 22:10:59.386] [main/DEBUG] [net.minecraftforge.fml.javafmlmod.FMLJavaModLanguageProvider/LOADING]: Loading FMLModContainer from classloader cpw.mods.modlauncher.TransformingClassLoader@1a47a1e8 - got cpw.mods.cl.ModuleClassLoader@6579c3d9
[26Feb2026 22:10:59.386] [main/DEBUG] [net.minecraftforge.fml.javafmlmod.FMLModContainer/LOADING]: Creating FMLModContainer instance for dev.architectury.forge.ArchitecturyForge
[26Feb2026 22:10:59.387] [main/DEBUG] [net.minecraftforge.fml.javafmlmod.FMLJavaModLanguageProvider/LOADING]: Loading FMLModContainer from classloader cpw.mods.modlauncher.TransformingClassLoader@1a47a1e8 - got cpw.mods.cl.ModuleClassLoader@6579c3d9
[26Feb2026 22:10:59.387] [main/DEBUG] [net.minecraftforge.fml.javafmlmod.FMLModContainer/LOADING]: Creating FMLModContainer instance for dev.ftb.mods.ftblibrary.forge.FTBLibraryForge
[26Feb2026 22:10:59.388] [main/DEBUG] [net.minecraftforge.fml.javafmlmod.FMLJavaModLanguageProvider/LOADING]: Loading FMLModContainer from classloader cpw.mods.modlauncher.TransformingClassLoader@1a47a1e8 - got cpw.mods.cl.ModuleClassLoader@6579c3d9
[26Feb2026 22:10:59.388] [main/DEBUG] [net.minecraftforge.fml.javafmlmod.FMLModContainer/LOADING]: Creating FMLModContainer instance for net.blay09.mods.balm.forge.ForgeBalm
[26Feb2026 22:10:59.388] [main/DEBUG] [net.minecraftforge.fml.javafmlmod.FMLJavaModLanguageProvider/LOADING]: Loading FMLModContainer from classloader cpw.mods.modlauncher.TransformingClassLoader@1a47a1e8 - got cpw.mods.cl.ModuleClassLoader@6579c3d9
[26Feb2026 22:10:59.389] [main/DEBUG] [net.minecraftforge.fml.javafmlmod.FMLModContainer/LOADING]: Creating FMLModContainer instance for com.mrcrayfish.furniture.refurbished.FurnitureMod
[26Feb2026 22:10:59.390] [main/DEBUG] [net.minecraftforge.fml.javafmlmod.FMLJavaModLanguageProvider/LOADING]: Loading FMLModContainer from classloader cpw.mods.modlauncher.TransformingClassLoader@1a47a1e8 - got cpw.mods.cl.ModuleClassLoader@6579c3d9
[26Feb2026 22:10:59.390] [main/DEBUG] [net.minecraftforge.fml.javafmlmod.FMLModContainer/LOADING]: Creating FMLModContainer instance for com.mrcrayfish.framework.FrameworkForge
[26Feb2026 22:10:59.391] [main/DEBUG] [net.minecraftforge.fml.javafmlmod.FMLJavaModLanguageProvider/LOADING]: Loading FMLModContainer from classloader cpw.mods.modlauncher.TransformingClassLoader@1a47a1e8 - got cpw.mods.cl.ModuleClassLoader@6579c3d9
[26Feb2026 22:10:59.391] [main/DEBUG] [net.minecraftforge.fml.javafmlmod.FMLModContainer/LOADING]: Creating FMLModContainer instance for fr.rakambda.fallingtree.forge.FallingTree
[26Feb2026 22:10:59.391] [main/DEBUG] [net.minecraftforge.fml.javafmlmod.FMLJavaModLanguageProvider/LOADING]: Loading FMLModContainer from classloader cpw.mods.modlauncher.TransformingClassLoader@1a47a1e8 - got cpw.mods.cl.ModuleClassLoader@6579c3d9
[26Feb2026 22:10:59.392] [main/DEBUG] [net.minecraftforge.fml.javafmlmod.FMLModContainer/LOADING]: Creating FMLModContainer instance for dev.xkmc.l2library.init.L2Library
[26Feb2026 22:10:59.393] [main/DEBUG] [net.minecraftforge.fml.javafmlmod.FMLJavaModLanguageProvider/LOADING]: Loading FMLModContainer from classloader cpw.mods.modlauncher.TransformingClassLoader@1a47a1e8 - got cpw.mods.cl.ModuleClassLoader@6579c3d9
[26Feb2026 22:10:59.393] [main/DEBUG] [net.minecraftforge.fml.javafmlmod.FMLModContainer/LOADING]: Creating FMLModContainer instance for net.minecraftforge.common.ForgeMod
[26Feb2026 22:10:59.395] [main/DEBUG] [net.minecraftforge.fml.javafmlmod.FMLJavaModLanguageProvider/LOADING]: Loading FMLModContainer from classloader cpw.mods.modlauncher.TransformingClassLoader@1a47a1e8 - got cpw.mods.cl.ModuleClassLoader@6579c3d9
[26Feb2026 22:10:59.395] [main/DEBUG] [net.minecraftforge.fml.javafmlmod.FMLModContainer/LOADING]: Creating FMLModContainer instance for squeek.appleskin.AppleSkin
[26Feb2026 22:10:59.396] [main/DEBUG] [net.minecraftforge.fml.javafmlmod.FMLJavaModLanguageProvider/LOADING]: Loading FMLModContainer from classloader cpw.mods.modlauncher.TransformingClassLoader@1a47a1e8 - got cpw.mods.cl.ModuleClassLoader@6579c3d9
[26Feb2026 22:10:59.396] [main/DEBUG] [net.minecraftforge.fml.javafmlmod.FMLModContainer/LOADING]: Creating FMLModContainer instance for dev.xkmc.l2harvester05x.init.L2Harvester05x
[26Feb2026 22:10:59.397] [main/DEBUG] [net.minecraftforge.fml.javafmlmod.FMLJavaModLanguageProvider/LOADING]: Loading FMLModContainer from classloader cpw.mods.modlauncher.TransformingClassLoader@1a47a1e8 - got cpw.mods.cl.ModuleClassLoader@6579c3d9
[26Feb2026 22:10:59.397] [main/DEBUG] [net.minecraftforge.fml.javafmlmod.FMLModContainer/LOADING]: Creating FMLModContainer instance for dev.xkmc.fruitsdelight.init.FruitsDelight
[26Feb2026 22:10:59.506] [modloading-worker-0/DEBUG] [net.minecraftforge.fml.config.ConfigTracker/CONFIG]: Config file farmersdelight-common.toml for farmersdelight tracking
[26Feb2026 22:10:59.512] [modloading-worker-0/DEBUG] [net.minecraftforge.fml.config.ConfigTracker/CONFIG]: Config file farmersdelight-client.toml for farmersdelight tracking
[26Feb2026 22:10:59.737] [modloading-worker-0/DEBUG] [net.minecraftforge.fml.javafmlmod.AutomaticEventSubscriber/LOADING]: Attempting to inject @EventBusSubscriber classes into the eventbus for handcrafted
[26Feb2026 22:10:59.745] [modloading-worker-0/DEBUG] [net.minecraftforge.fml.javafmlmod.AutomaticEventSubscriber/LOADING]: Attempting to inject @EventBusSubscriber classes into the eventbus for kuma_api
[26Feb2026 22:10:59.802] [modloading-worker-0/DEBUG] [net.minecraftforge.fml.javafmlmod.AutomaticEventSubscriber/LOADING]: Attempting to inject @EventBusSubscriber classes into the eventbus for culturaldelights
[26Feb2026 22:10:59.808] [modloading-worker-0/DEBUG] [net.minecraftforge.fml.javafmlmod.AutomaticEventSubscriber/LOADING]: Auto-subscribing com.baisylia.culturaldelights.event.ModEvents to FORGE
[26Feb2026 22:10:59.815] [modloading-worker-0/DEBUG] [net.minecraftforge.fml.javafmlmod.AutomaticEventSubscriber/LOADING]: Auto-subscribing com.baisylia.culturaldelights.event.ModEventBusEvents to MOD
[26Feb2026 22:10:59.816] [modloading-worker-0/DEBUG] [net.minecraftforge.fml.javafmlmod.AutomaticEventSubscriber/LOADING]: Auto-subscribing com.baisylia.culturaldelights.data.DataGen to MOD
[26Feb2026 22:10:59.819] [modloading-worker-0/DEBUG] [net.minecraftforge.fml.javafmlmod.AutomaticEventSubscriber/LOADING]: Attempting to inject @EventBusSubscriber classes into the eventbus for farmersdelight
[26Feb2026 22:10:59.821] [modloading-worker-0/DEBUG] [net.minecraftforge.fml.javafmlmod.AutomaticEventSubscriber/LOADING]: Auto-subscribing vectorwing.farmersdelight.data.DataGenerators to MOD
[26Feb2026 22:10:59.824] [modloading-worker-0/DEBUG] [net.minecraftforge.fml.javafmlmod.AutomaticEventSubscriber/LOADING]: Attempting to inject @EventBusSubscriber classes into the eventbus for l2harvester
[26Feb2026 22:10:59.824] [modloading-worker-0/DEBUG] [net.minecraftforge.fml.javafmlmod.AutomaticEventSubscriber/LOADING]: Auto-subscribing dev.xkmc.l2harvester.init.L2Harvester to MOD
[26Feb2026 22:10:59.824] [modloading-worker-0/DEBUG] [net.minecraftforge.fml.javafmlmod.AutomaticEventSubscriber/LOADING]: Auto-subscribing vectorwing.farmersdelight.common.item.SkilletItem$SkilletEvents to FORGE
[26Feb2026 22:10:59.829] [modloading-worker-0/DEBUG] [net.minecraftforge.fml.config.ConfigTracker/CONFIG]: Config file jei-server.toml for jei tracking
[26Feb2026 22:10:59.830] [modloading-worker-0/DEBUG] [net.minecraftforge.fml.javafmlmod.AutomaticEventSubscriber/LOADING]: Auto-subscribing vectorwing.farmersdelight.common.item.KnifeItem$KnifeEvents to FORGE
[26Feb2026 22:10:59.838] [modloading-worker-0/DEBUG] [net.minecraftforge.fml.javafmlmod.AutomaticEventSubscriber/LOADING]: Auto-subscribing vectorwing.farmersdelight.common.item.HorseFeedItem$HorseFeedEvent to FORGE
[26Feb2026 22:10:59.842] [modloading-worker-0/DEBUG] [net.minecraftforge.fml.javafmlmod.AutomaticEventSubscriber/LOADING]: Auto-subscribing vectorwing.farmersdelight.common.item.enchantment.BackstabbingEnchantment$BackstabbingEvent to FORGE
[26Feb2026 22:10:59.846] [modloading-worker-0/DEBUG] [net.minecraftforge.fml.javafmlmod.AutomaticEventSubscriber/LOADING]: Auto-subscribing vectorwing.farmersdelight.common.item.DogFoodItem$DogFoodEvent to FORGE
[26Feb2026 22:10:59.847] [modloading-worker-0/DEBUG] [net.minecraftforge.fml.javafmlmod.AutomaticEventSubscriber/LOADING]: Auto-subscribing vectorwing.farmersdelight.common.event.VillagerEvents to FORGE
[26Feb2026 22:10:59.919] [modloading-worker-0/DEBUG] [net.minecraftforge.fml.javafmlmod.AutomaticEventSubscriber/LOADING]: Auto-subscribing vectorwing.farmersdelight.common.event.SetupEvents to MOD
[26Feb2026 22:10:59.922] [modloading-worker-0/DEBUG] [net.minecraftforge.fml.javafmlmod.AutomaticEventSubscriber/LOADING]: Attempting to inject @EventBusSubscriber classes into the eventbus for jei
[26Feb2026 22:10:59.923] [modloading-worker-0/DEBUG] [net.minecraftforge.fml.javafmlmod.AutomaticEventSubscriber/LOADING]: Auto-subscribing vectorwing.farmersdelight.common.event.MappingEvents to FORGE
[26Feb2026 22:10:59.926] [modloading-worker-0/DEBUG] [net.minecraftforge.fml.javafmlmod.AutomaticEventSubscriber/LOADING]: Auto-subscribing vectorwing.farmersdelight.common.event.CommonEvents to FORGE
[26Feb2026 22:10:59.932] [modloading-worker-0/DEBUG] [net.minecraftforge.fml.javafmlmod.AutomaticEventSubscriber/LOADING]: Auto-subscribing vectorwing.farmersdelight.common.block.CuttingBoardBlock$ToolCarvingEvent to FORGE
[26Feb2026 22:10:59.938] [modloading-worker-0/DEBUG] [net.minecraftforge.fml.javafmlmod.AutomaticEventSubscriber/LOADING]: Attempting to inject @EventBusSubscriber classes into the eventbus for l2harvester60x
[26Feb2026 22:10:59.939] [modloading-worker-0/DEBUG] [net.minecraftforge.fml.config.ConfigTracker/CONFIG]: Config file sophisticatedcore-common.toml for sophisticatedcore tracking
[26Feb2026 22:10:59.939] [modloading-worker-0/DEBUG] [net.minecraftforge.fml.config.ConfigTracker/CONFIG]: Config file sophisticatedcore-client.toml for sophisticatedcore tracking
[26Feb2026 22:10:59.950] [modloading-worker-0/DEBUG] [net.minecraftforge.fml.config.ConfigTracker/CONFIG]: Config file journeymap-server.toml for journeymap tracking
[26Feb2026 22:10:59.958] [modloading-worker-0/DEBUG] [mixin/]: Mixing ReloadableServerResourcesMixin from balm.mixins.json into net.minecraft.server.ReloadableServerResources
[26Feb2026 22:10:59.960] [modloading-worker-0/DEBUG] [mixin/]: Renaming synthetic method lambda$loadResources$0(Lnet/minecraft/server/ReloadableServerResources;)V to mdd85953$lambda$loadResources$0$0 in balm.mixins.json:ReloadableServerResourcesMixin
[26Feb2026 22:10:59.959] [modloading-worker-0/DEBUG] [net.minecraftforge.fml.javafmlmod.AutomaticEventSubscriber/LOADING]: Attempting to inject @EventBusSubscriber classes into the eventbus for journeymap
[26Feb2026 22:10:59.965] [modloading-worker-0/DEBUG] [net.minecraftforge.fml.javafmlmod.AutomaticEventSubscriber/LOADING]: Auto-subscribing journeymap.common.config.forge.ForgeConfig to MOD
[26Feb2026 22:10:59.966] [modloading-worker-0/DEBUG] [net.minecraftforge.fml.javafmlmod.AutomaticEventSubscriber/LOADING]: Auto-subscribing journeymap.common.Journeymap to FORGE
[26Feb2026 22:10:59.985] [modloading-worker-0/DEBUG] [mixin/]: Mixing PlayerListMixin from balm.mixins.json into net.minecraft.server.players.PlayerList
[26Feb2026 22:11:00.002] [modloading-worker-0/DEBUG] [mixin/]: Mixing accessor.RecipeManagerAccessor from farmersdelight.mixins.json into net.minecraft.world.item.crafting.RecipeManager
[26Feb2026 22:11:00.028] [modloading-worker-0/DEBUG] [mixin/]: Mixing MixinLevelEvent from architectury.mixins.json into net.minecraftforge.event.level.LevelEvent
[26Feb2026 22:11:00.070] [modloading-worker-0/DEBUG] [net.minecraftforge.fml.javafmlmod.AutomaticEventSubscriber/LOADING]: Attempting to inject @EventBusSubscriber classes into the eventbus for sophisticatedcore
[26Feb2026 22:11:00.071] [modloading-worker-0/DEBUG] [net.minecraftforge.fml.javafmlmod.AutomaticEventSubscriber/LOADING]: Attempting to inject @EventBusSubscriber classes into the eventbus for mixinextras
[26Feb2026 22:11:00.100] [modloading-worker-0/INFO] [dev.architectury.networking.forge.NetworkManagerImpl/]: Registering C2S receiver with id architectury:sync_ids
[26Feb2026 22:11:00.105] [modloading-worker-0/INFO] [dev.architectury.networking.forge.NetworkManagerImpl/]: Registering C2S receiver with id ftbultimine:key_pressed
[26Feb2026 22:11:00.106] [modloading-worker-0/INFO] [dev.architectury.networking.forge.NetworkManagerImpl/]: Registering C2S receiver with id ftbultimine:mode_changed
[26Feb2026 22:11:00.112] [modloading-worker-0/INFO] [dev.architectury.networking.forge.NetworkManagerImpl/]: Registering C2S receiver with id ftbultimine:sync_config_to_server
[26Feb2026 22:11:00.196] [modloading-worker-0/DEBUG] [net.minecraftforge.fml.javafmlmod.AutomaticEventSubscriber/LOADING]: Attempting to inject @EventBusSubscriber classes into the eventbus for ftbultimine
[26Feb2026 22:11:00.219] [modloading-worker-0/INFO] [net.blay09.mods.balm.forge.config.ForgeBalmConfig/]: Registering config for cookingforblockheads:common (COMMON) with 11 properties.
[26Feb2026 22:11:00.219] [modloading-worker-0/DEBUG] [net.minecraftforge.fml.config.ConfigTracker/CONFIG]: Config file cookingforblockheads-common.toml for cookingforblockheads tracking
[26Feb2026 22:11:00.305] [modloading-worker-0/DEBUG] [net.minecraftforge.fml.config.ConfigTracker/CONFIG]: Config file sophisticatedbackpacks-server.toml for sophisticatedbackpacks tracking
[26Feb2026 22:11:00.310] [modloading-worker-0/DEBUG] [net.minecraftforge.fml.config.ConfigTracker/CONFIG]: Config file sophisticatedbackpacks-common.toml for sophisticatedbackpacks tracking
[26Feb2026 22:11:00.444] [modloading-worker-0/DEBUG] [net.minecraftforge.fml.javafmlmod.AutomaticEventSubscriber/LOADING]: Attempting to inject @EventBusSubscriber classes into the eventbus for cookingforblockheads
[26Feb2026 22:11:00.446] [modloading-worker-0/DEBUG] [net.minecraftforge.fml.javafmlmod.AutomaticEventSubscriber/LOADING]: Auto-subscribing net.blay09.mods.cookingforblockheads.compat.CompatCapabilityLoader to FORGE
[26Feb2026 22:11:00.458] [modloading-worker-0/DEBUG] [net.minecraftforge.fml.javafmlmod.AutomaticEventSubscriber/LOADING]: Attempting to inject @EventBusSubscriber classes into the eventbus for resourcefullib
[26Feb2026 22:11:00.541] [modloading-worker-0/DEBUG] [mixin/]: Mixing LootTableMixin from balm.mixins.json into net.minecraft.world.level.storage.loot.LootTable
[26Feb2026 22:11:00.586] [modloading-worker-0/DEBUG] [net.minecraftforge.fml.javafmlmod.AutomaticEventSubscriber/LOADING]: Attempting to inject @EventBusSubscriber classes into the eventbus for sophisticatedbackpacks
[26Feb2026 22:11:00.597] [modloading-worker-0/DEBUG] [net.minecraftforge.fml.javafmlmod.AutomaticEventSubscriber/LOADING]: Attempting to inject @EventBusSubscriber classes into the eventbus for architectury
[26Feb2026 22:11:00.598] [modloading-worker-0/DEBUG] [net.minecraftforge.fml.javafmlmod.AutomaticEventSubscriber/LOADING]: Auto-subscribing dev.architectury.registry.level.entity.trade.forge.TradeRegistryImpl to FORGE
[26Feb2026 22:11:00.599] [modloading-worker-0/DEBUG] [net.minecraftforge.fml.javafmlmod.AutomaticEventSubscriber/LOADING]: Auto-subscribing dev.architectury.registry.forge.ReloadListenerRegistryImpl to FORGE
[26Feb2026 22:11:00.599] [modloading-worker-0/INFO] [dev.architectury.networking.forge.NetworkManagerImpl/]: Registering C2S receiver with id ftblibrary:edit_nbt_response
[26Feb2026 22:11:00.599] [modloading-worker-0/DEBUG] [net.minecraftforge.fml.javafmlmod.AutomaticEventSubscriber/LOADING]: Auto-subscribing dev.architectury.networking.forge.NetworkManagerImpl to FORGE
[26Feb2026 22:11:00.602] [modloading-worker-0/DEBUG] [net.minecraftforge.fml.javafmlmod.AutomaticEventSubscriber/LOADING]: Attempting to inject @EventBusSubscriber classes into the eventbus for ftblibrary
[26Feb2026 22:11:00.618] [modloading-worker-0/DEBUG] [net.minecraftforge.fml.javafmlmod.AutomaticEventSubscriber/LOADING]: Attempting to inject @EventBusSubscriber classes into the eventbus for refurbished_furniture
[26Feb2026 22:11:00.619] [modloading-worker-0/DEBUG] [net.minecraftforge.fml.javafmlmod.AutomaticEventSubscriber/LOADING]: Auto-subscribing com.mrcrayfish.furniture.refurbished.ForgeEvents to FORGE
[26Feb2026 22:11:00.635] [modloading-worker-0/DEBUG] [Framework/]: Loaded com.mrcrayfish.framework.platform.ForgePlatformHelper@377f05fa for service interface com.mrcrayfish.framework.platform.services.IPlatformHelper
[26Feb2026 22:11:00.637] [modloading-worker-0/DEBUG] [Framework/]: Loaded com.mrcrayfish.framework.platform.ForgeNetworkHelper@89dde1b for service interface com.mrcrayfish.framework.platform.services.INetworkHelper
[26Feb2026 22:11:00.642] [modloading-worker-0/DEBUG] [net.minecraftforge.fml.javafmlmod.AutomaticEventSubscriber/LOADING]: Attempting to inject @EventBusSubscriber classes into the eventbus for balm
[26Feb2026 22:11:00.643] [modloading-worker-0/DEBUG] [Framework/]: Loaded com.mrcrayfish.framework.platform.ForgeRegistrationHelper@85df550 for service interface com.mrcrayfish.framework.platform.services.IRegistrationHelper
[26Feb2026 22:11:00.645] [modloading-worker-0/DEBUG] [Framework/]: Loaded com.mrcrayfish.framework.platform.ForgeEntityHelper@4bacfdb0 for service interface com.mrcrayfish.framework.platform.services.IEntityHelper
[26Feb2026 22:11:00.646] [modloading-worker-0/DEBUG] [Framework/]: Loaded com.mrcrayfish.framework.platform.ForgeItemHelper@b1ceb40 for service interface com.mrcrayfish.framework.platform.services.IItemHelper
[26Feb2026 22:11:00.649] [modloading-worker-0/DEBUG] [Framework/]: Loaded com.mrcrayfish.framework.platform.ForgeConfigHelper@3cb0d42a for service interface com.mrcrayfish.framework.platform.services.IConfigHelper
[26Feb2026 22:11:00.736] [modloading-worker-0/DEBUG] [MrCrayfish's Furniture Mod: Refurbished/]: Loaded com.mrcrayfish.furniture.refurbished.platform.ForgePlatformHelper@302499eb for service interface com.mrcrayfish.furniture.refurbished.platform.services.IPlatformHelper
[26Feb2026 22:11:00.743] [modloading-worker-0/DEBUG] [MrCrayfish's Furniture Mod: Refurbished/]: Loaded com.mrcrayfish.furniture.refurbished.platform.ForgeBlockHelper@6675f45a for service interface com.mrcrayfish.furniture.refurbished.platform.services.IBlockHelper
[26Feb2026 22:11:00.768] [modloading-worker-0/DEBUG] [net.minecraftforge.fml.javafmlmod.AutomaticEventSubscriber/LOADING]: Attempting to inject @EventBusSubscriber classes into the eventbus for fallingtree
[26Feb2026 22:11:00.780] [modloading-worker-0/DEBUG] [MrCrayfish's Furniture Mod: Refurbished/]: Loaded com.mrcrayfish.furniture.refurbished.platform.ForgeBlockEntityHelper@2e3b67d4 for service interface com.mrcrayfish.furniture.refurbished.platform.services.IBlockEntityHelper
[26Feb2026 22:11:00.800] [modloading-worker-0/DEBUG] [MrCrayfish's Furniture Mod: Refurbished/]: Loaded com.mrcrayfish.furniture.refurbished.platform.ForgeItemHelper@30a63f72 for service interface com.mrcrayfish.furniture.refurbished.platform.services.IItemHelper
[26Feb2026 22:11:00.805] [modloading-worker-0/DEBUG] [MrCrayfish's Furniture Mod: Refurbished/]: Loaded com.mrcrayfish.furniture.refurbished.platform.ForgeEntityHelper@55ef478b for service interface com.mrcrayfish.furniture.refurbished.platform.services.IEntityHelper
[26Feb2026 22:11:00.821] [modloading-worker-0/DEBUG] [MrCrayfish's Furniture Mod: Refurbished/]: Loaded com.mrcrayfish.furniture.refurbished.platform.ForgeRecipeHelper@4c5ad2b2 for service interface com.mrcrayfish.furniture.refurbished.platform.services.IRecipeHelper
[26Feb2026 22:11:00.823] [modloading-worker-0/DEBUG] [MrCrayfish's Furniture Mod: Refurbished/]: Loaded com.mrcrayfish.furniture.refurbished.platform.ForgeFluidHelper@1ab0f9e3 for service interface com.mrcrayfish.furniture.refurbished.platform.services.IFluidHelper
[26Feb2026 22:11:00.826] [modloading-worker-0/DEBUG] [MrCrayfish's Furniture Mod: Refurbished/]: Loaded com.mrcrayfish.furniture.refurbished.platform.ForgeTagHelper@e6e321d for service interface com.mrcrayfish.furniture.refurbished.platform.services.ITagHelper
[26Feb2026 22:11:00.839] [modloading-worker-0/DEBUG] [MrCrayfish's Furniture Mod: Refurbished/]: Loaded com.mrcrayfish.furniture.refurbished.platform.ForgeMenuHelper@2c9b9746 for service interface com.mrcrayfish.furniture.refurbished.platform.services.IMenuHelper
[26Feb2026 22:11:00.980] [modloading-worker-0/DEBUG] [net.minecraftforge.fml.config.ConfigTracker/CONFIG]: Config file l2_configs/l2library-client.toml for l2library tracking
[26Feb2026 22:11:00.982] [modloading-worker-0/DEBUG] [net.minecraftforge.fml.config.ConfigTracker/CONFIG]: Config file l2_configs/l2library-common.toml for l2library tracking
[26Feb2026 22:11:00.999] [modloading-worker-0/DEBUG] [net.minecraftforge.fml.javafmlmod.AutomaticEventSubscriber/LOADING]: Attempting to inject @EventBusSubscriber classes into the eventbus for l2library
[26Feb2026 22:11:01.000] [modloading-worker-0/DEBUG] [net.minecraftforge.fml.javafmlmod.AutomaticEventSubscriber/LOADING]: Auto-subscribing dev.xkmc.l2library.init.events.GeneralEventHandler to FORGE
[26Feb2026 22:11:01.000] [modloading-worker-0/DEBUG] [net.minecraftforge.fml.javafmlmod.AutomaticEventSubscriber/LOADING]: Auto-subscribing dev.xkmc.l2library.init.events.EffectSyncEvents to FORGE
[26Feb2026 22:11:01.019] [modloading-worker-0/DEBUG] [net.minecraftforge.fml.javafmlmod.AutomaticEventSubscriber/LOADING]: Auto-subscribing dev.xkmc.l2library.init.events.BaseCapabilityEvents to FORGE
[26Feb2026 22:11:01.026] [modloading-worker-0/DEBUG] [net.minecraftforge.fml.javafmlmod.AutomaticEventSubscriber/LOADING]: Auto-subscribing dev.xkmc.l2library.init.L2Library to MOD
[26Feb2026 22:11:01.036] [modloading-worker-0/DEBUG] [net.minecraftforge.versions.forge.ForgeVersion/CORE]: Forge Version package package net.minecraftforge.versions.forge, Forge, version 47.3 from cpw.mods.modlauncher.TransformingClassLoader@1a47a1e8
[26Feb2026 22:11:01.036] [modloading-worker-0/DEBUG] [net.minecraftforge.versions.forge.ForgeVersion/CORE]: Found Forge version 47.3.7
[26Feb2026 22:11:01.036] [modloading-worker-0/DEBUG] [net.minecraftforge.versions.forge.ForgeVersion/CORE]: Found Forge spec 47.3
[26Feb2026 22:11:01.036] [modloading-worker-0/DEBUG] [net.minecraftforge.versions.forge.ForgeVersion/CORE]: Found Forge group net.minecraftforge
[26Feb2026 22:11:01.037] [modloading-worker-0/DEBUG] [net.minecraftforge.versions.mcp.MCPVersion/CORE]: MCP Version package package net.minecraftforge.versions.mcp, Minecraft, version 1.20.1 from cpw.mods.modlauncher.TransformingClassLoader@1a47a1e8
[26Feb2026 22:11:01.037] [modloading-worker-0/DEBUG] [net.minecraftforge.versions.mcp.MCPVersion/CORE]: Found MC version information 1.20.1
[26Feb2026 22:11:01.037] [modloading-worker-0/DEBUG] [net.minecraftforge.versions.mcp.MCPVersion/CORE]: Found MCP version information 20230612.114412
[26Feb2026 22:11:01.037] [modloading-worker-0/INFO] [net.minecraftforge.common.ForgeMod/FORGEMOD]: Forge mod loading, version 47.3.7, for MC 1.20.1 with MCP 20230612.114412
[26Feb2026 22:11:01.040] [modloading-worker-0/INFO] [net.minecraftforge.common.MinecraftForge/FORGE]: MinecraftForge v47.3.7 Initialized
[26Feb2026 22:11:01.175] [modloading-worker-0/DEBUG] [io.netty.util.internal.PlatformDependent0/]: -Dio.netty.noUnsafe: false
[26Feb2026 22:11:01.178] [modloading-worker-0/DEBUG] [io.netty.util.internal.PlatformDependent0/]: Java version: 17
[26Feb2026 22:11:01.180] [modloading-worker-0/DEBUG] [io.netty.util.internal.PlatformDependent0/]: sun.misc.Unsafe.theUnsafe: available
[26Feb2026 22:11:01.181] [modloading-worker-0/DEBUG] [io.netty.util.internal.PlatformDependent0/]: sun.misc.Unsafe.copyMemory: available
[26Feb2026 22:11:01.182] [modloading-worker-0/DEBUG] [io.netty.util.internal.PlatformDependent0/]: sun.misc.Unsafe.storeFence: available
[26Feb2026 22:11:01.183] [modloading-worker-0/DEBUG] [io.netty.util.internal.PlatformDependent0/]: java.nio.Buffer.address: available
[26Feb2026 22:11:01.184] [modloading-worker-0/DEBUG] [io.netty.util.internal.PlatformDependent0/]: direct buffer constructor: unavailable
java.lang.UnsupportedOperationException: Reflective setAccessible(true) disabled
	at io.netty.util.internal.ReflectionUtil.trySetAccessible(ReflectionUtil.java:31) ~[netty-common-4.1.82.Final.jar%2382!/:4.1.82.Final]
	at io.netty.util.internal.PlatformDependent0$5.run(PlatformDependent0.java:288) ~[netty-common-4.1.82.Final.jar%2382!/:4.1.82.Final]
	at java.security.AccessController.doPrivileged(AccessController.java:318) ~[?:?]
	at io.netty.util.internal.PlatformDependent0.<clinit>(PlatformDependent0.java:282) ~[netty-common-4.1.82.Final.jar%2382!/:4.1.82.Final]
	at io.netty.util.internal.PlatformDependent.isAndroid(PlatformDependent.java:333) ~[netty-common-4.1.82.Final.jar%2382!/:4.1.82.Final]
	at io.netty.util.internal.PlatformDependent.<clinit>(PlatformDependent.java:88) ~[netty-common-4.1.82.Final.jar%2382!/:4.1.82.Final]
	at io.netty.util.ConstantPool.<init>(ConstantPool.java:34) ~[netty-common-4.1.82.Final.jar%2382!/:4.1.82.Final]
	at io.netty.util.AttributeKey$1.<init>(AttributeKey.java:27) ~[netty-common-4.1.82.Final.jar%2382!/:4.1.82.Final]
	at io.netty.util.AttributeKey.<clinit>(AttributeKey.java:27) ~[netty-common-4.1.82.Final.jar%2382!/:4.1.82.Final]
	at net.minecraftforge.network.NetworkConstants.<clinit>(NetworkConstants.java:34) ~[forge-1.20.1-47.3.7-universal.jar%23142!/:?]
	at net.minecraftforge.common.ForgeMod.<init>(ForgeMod.java:429) ~[forge-1.20.1-47.3.7-universal.jar%23142!/:?]
	at jdk.internal.reflect.NativeConstructorAccessorImpl.newInstance0(Native Method) ~[?:?]
	at jdk.internal.reflect.NativeConstructorAccessorImpl.newInstance(NativeConstructorAccessorImpl.java:77) ~[?:?]
	at jdk.internal.reflect.DelegatingConstructorAccessorImpl.newInstance(DelegatingConstructorAccessorImpl.java:45) ~[?:?]
	at java.lang.reflect.Constructor.newInstanceWithCaller(Constructor.java:500) ~[?:?]
	at java.lang.reflect.Constructor.newInstance(Constructor.java:481) ~[?:?]
	at net.minecraftforge.fml.javafmlmod.FMLModContainer.constructMod(FMLModContainer.java:70) ~[javafmllanguage-1.20.1-47.3.7.jar%23139!/:?]
	at net.minecraftforge.fml.ModContainer.lambda$buildTransitionHandler$4(ModContainer.java:124) ~[fmlcore-1.20.1-47.3.7.jar%23138!/:?]
	at java.util.concurrent.CompletableFuture$AsyncRun.run(CompletableFuture.java:1804) ~[?:?]
	at java.util.concurrent.CompletableFuture$AsyncRun.exec(CompletableFuture.java:1796) ~[?:?]
	at java.util.concurrent.ForkJoinTask.doExec(ForkJoinTask.java:373) ~[?:?]
	at java.util.concurrent.ForkJoinPool$WorkQueue.topLevelExec(ForkJoinPool.java:1182) ~[?:?]
	at java.util.concurrent.ForkJoinPool.scan(ForkJoinPool.java:1655) ~[?:?]
	at java.util.concurrent.ForkJoinPool.runWorker(ForkJoinPool.java:1622) ~[?:?]
	at java.util.concurrent.ForkJoinWorkerThread.run(ForkJoinWorkerThread.java:165) ~[?:?]
[26Feb2026 22:11:01.191] [modloading-worker-0/DEBUG] [io.netty.util.internal.PlatformDependent0/]: java.nio.Bits.unaligned: available, true
[26Feb2026 22:11:01.200] [modloading-worker-0/DEBUG] [io.netty.util.internal.PlatformDependent0/]: jdk.internal.misc.Unsafe.allocateUninitializedArray(int): unavailable
java.lang.IllegalAccessException: class io.netty.util.internal.PlatformDependent0$7 (in module io.netty.common) cannot access class jdk.internal.misc.Unsafe (in module java.base) because module java.base does not export jdk.internal.misc to module io.netty.common
	at jdk.internal.reflect.Reflection.newIllegalAccessException(Reflection.java:392) ~[?:?]
	at java.lang.reflect.AccessibleObject.checkAccess(AccessibleObject.java:674) ~[?:?]
	at java.lang.reflect.Method.invoke(Method.java:561) ~[?:?]
	at io.netty.util.internal.PlatformDependent0$7.run(PlatformDependent0.java:410) ~[netty-common-4.1.82.Final.jar%2382!/:4.1.82.Final]
	at java.security.AccessController.doPrivileged(AccessController.java:318) ~[?:?]
	at io.netty.util.internal.PlatformDependent0.<clinit>(PlatformDependent0.java:401) ~[netty-common-4.1.82.Final.jar%2382!/:4.1.82.Final]
	at io.netty.util.internal.PlatformDependent.isAndroid(PlatformDependent.java:333) ~[netty-common-4.1.82.Final.jar%2382!/:4.1.82.Final]
	at io.netty.util.internal.PlatformDependent.<clinit>(PlatformDependent.java:88) ~[netty-common-4.1.82.Final.jar%2382!/:4.1.82.Final]
	at io.netty.util.ConstantPool.<init>(ConstantPool.java:34) ~[netty-common-4.1.82.Final.jar%2382!/:4.1.82.Final]
	at io.netty.util.AttributeKey$1.<init>(AttributeKey.java:27) ~[netty-common-4.1.82.Final.jar%2382!/:4.1.82.Final]
	at io.netty.util.AttributeKey.<clinit>(AttributeKey.java:27) ~[netty-common-4.1.82.Final.jar%2382!/:4.1.82.Final]
	at net.minecraftforge.network.NetworkConstants.<clinit>(NetworkConstants.java:34) ~[forge-1.20.1-47.3.7-universal.jar%23142!/:?]
	at net.minecraftforge.common.ForgeMod.<init>(ForgeMod.java:429) ~[forge-1.20.1-47.3.7-universal.jar%23142!/:?]
	at jdk.internal.reflect.NativeConstructorAccessorImpl.newInstance0(Native Method) ~[?:?]
	at jdk.internal.reflect.NativeConstructorAccessorImpl.newInstance(NativeConstructorAccessorImpl.java:77) ~[?:?]
	at jdk.internal.reflect.DelegatingConstructorAccessorImpl.newInstance(DelegatingConstructorAccessorImpl.java:45) ~[?:?]
	at java.lang.reflect.Constructor.newInstanceWithCaller(Constructor.java:500) ~[?:?]
	at java.lang.reflect.Constructor.newInstance(Constructor.java:481) ~[?:?]
	at net.minecraftforge.fml.javafmlmod.FMLModContainer.constructMod(FMLModContainer.java:70) ~[javafmllanguage-1.20.1-47.3.7.jar%23139!/:?]
	at net.minecraftforge.fml.ModContainer.lambda$buildTransitionHandler$4(ModContainer.java:124) ~[fmlcore-1.20.1-47.3.7.jar%23138!/:?]
	at java.util.concurrent.CompletableFuture$AsyncRun.run(CompletableFuture.java:1804) ~[?:?]
	at java.util.concurrent.CompletableFuture$AsyncRun.exec(CompletableFuture.java:1796) ~[?:?]
	at java.util.concurrent.ForkJoinTask.doExec(ForkJoinTask.java:373) ~[?:?]
	at java.util.concurrent.ForkJoinPool$WorkQueue.topLevelExec(ForkJoinPool.java:1182) ~[?:?]
	at java.util.concurrent.ForkJoinPool.scan(ForkJoinPool.java:1655) ~[?:?]
	at java.util.concurrent.ForkJoinPool.runWorker(ForkJoinPool.java:1622) ~[?:?]
	at java.util.concurrent.ForkJoinWorkerThread.run(ForkJoinWorkerThread.java:165) ~[?:?]
[26Feb2026 22:11:01.206] [modloading-worker-0/DEBUG] [io.netty.util.internal.PlatformDependent0/]: java.nio.DirectByteBuffer.<init>(long, int): unavailable
[26Feb2026 22:11:01.210] [modloading-worker-0/DEBUG] [io.netty.util.internal.PlatformDependent/]: sun.misc.Unsafe: available
[26Feb2026 22:11:01.214] [modloading-worker-0/DEBUG] [io.netty.util.internal.PlatformDependent/]: maxDirectMemory: 5368709120 bytes (maybe)
[26Feb2026 22:11:01.214] [modloading-worker-0/DEBUG] [io.netty.util.internal.PlatformDependent/]: -Dio.netty.tmpdir: /tmp (java.io.tmpdir)
[26Feb2026 22:11:01.221] [modloading-worker-0/DEBUG] [io.netty.util.internal.PlatformDependent/]: -Dio.netty.bitMode: 64 (sun.arch.data.model)
[26Feb2026 22:11:01.222] [modloading-worker-0/DEBUG] [io.netty.util.internal.PlatformDependent/]: -Dio.netty.maxDirectMemory: -1 bytes
[26Feb2026 22:11:01.224] [modloading-worker-0/DEBUG] [io.netty.util.internal.PlatformDependent/]: -Dio.netty.uninitializedArrayAllocationThreshold: -1
[26Feb2026 22:11:01.231] [modloading-worker-0/DEBUG] [io.netty.util.internal.CleanerJava9/]: java.nio.ByteBuffer.cleaner(): available
[26Feb2026 22:11:01.231] [modloading-worker-0/DEBUG] [io.netty.util.internal.PlatformDependent/]: -Dio.netty.noPreferDirect: false
[26Feb2026 22:11:01.314] [modloading-worker-0/DEBUG] [net.minecraftforge.common.ForgeMod/FORGEMOD]: Loading Network data for FML net version: FML3
[26Feb2026 22:11:01.359] [modloading-worker-0/DEBUG] [net.minecraftforge.fml.config.ConfigTracker/CONFIG]: Config file forge-client.toml for forge tracking
[26Feb2026 22:11:01.361] [modloading-worker-0/DEBUG] [net.minecraftforge.fml.config.ConfigTracker/CONFIG]: Config file forge-server.toml for forge tracking
[26Feb2026 22:11:01.361] [modloading-worker-0/DEBUG] [net.minecraftforge.fml.ModLoadingContext/]: Attempted to register an empty config for type COMMON on mod forge
[26Feb2026 22:11:01.385] [modloading-worker-0/DEBUG] [net.minecraftforge.fml.javafmlmod.AutomaticEventSubscriber/LOADING]: Attempting to inject @EventBusSubscriber classes into the eventbus for forge
[26Feb2026 22:11:01.386] [modloading-worker-0/DEBUG] [net.minecraftforge.fml.javafmlmod.AutomaticEventSubscriber/LOADING]: Auto-subscribing net.minecraftforge.common.ForgeSpawnEggItem$CommonHandler to MOD
[26Feb2026 22:11:01.391] [modloading-worker-0/DEBUG] [net.minecraftforge.fml.config.ConfigTracker/CONFIG]: Config file appleskin-client.toml for appleskin tracking
[26Feb2026 22:11:01.412] [modloading-worker-0/DEBUG] [net.minecraftforge.fml.javafmlmod.AutomaticEventSubscriber/LOADING]: Attempting to inject @EventBusSubscriber classes into the eventbus for appleskin
[26Feb2026 22:11:01.413] [modloading-worker-0/DEBUG] [net.minecraftforge.fml.javafmlmod.AutomaticEventSubscriber/LOADING]: Attempting to inject @EventBusSubscriber classes into the eventbus for l2harvester05x
[26Feb2026 22:11:01.425] [modloading-worker-0/DEBUG] [com.tterrag.registrate.AbstractRegistrate/REGISTRATE.REGISTER]: Captured registration for entry fruitsdelight:fruits_delight of type minecraft:creative_mode_tab
[26Feb2026 22:11:01.505] [modloading-worker-0/DEBUG] [net.minecraftforge.fml.javafmlmod.AutomaticEventSubscriber/LOADING]: Attempting to inject @EventBusSubscriber classes into the eventbus for framework
[26Feb2026 22:11:01.506] [modloading-worker-0/DEBUG] [net.minecraftforge.fml.javafmlmod.AutomaticEventSubscriber/LOADING]: Auto-subscribing com.mrcrayfish.framework.entity.sync.ForgeSyncedEntityDataHandler to FORGE
[26Feb2026 22:11:01.776] [modloading-worker-0/DEBUG] [com.tterrag.registrate.AbstractRegistrate/REGISTRATE.REGISTER]: Captured registration for entry fruitsdelight:pear_leaves of type minecraft:item
[26Feb2026 22:11:01.776] [modloading-worker-0/DEBUG] [com.tterrag.registrate.AbstractRegistrate/REGISTRATE.REGISTER]: Captured registration for entry fruitsdelight:pear_leaves of type minecraft:block
[26Feb2026 22:11:01.777] [modloading-worker-0/DEBUG] [com.tterrag.registrate.AbstractRegistrate/REGISTRATE.REGISTER]: Captured registration for entry fruitsdelight:pear_sapling of type minecraft:item
[26Feb2026 22:11:01.777] [modloading-worker-0/DEBUG] [com.tterrag.registrate.AbstractRegistrate/REGISTRATE.REGISTER]: Captured registration for entry fruitsdelight:pear_sapling of type minecraft:block
[26Feb2026 22:11:01.780] [modloading-worker-0/DEBUG] [com.tterrag.registrate.AbstractRegistrate/REGISTRATE.REGISTER]: Captured registration for entry fruitsdelight:potted_pear_sapling of type minecraft:block
[26Feb2026 22:11:01.781] [modloading-worker-0/DEBUG] [com.tterrag.registrate.AbstractRegistrate/REGISTRATE.REGISTER]: Captured registration for entry fruitsdelight:pear of type minecraft:item
[26Feb2026 22:11:01.781] [modloading-worker-0/DEBUG] [com.tterrag.registrate.AbstractRegistrate/REGISTRATE.REGISTER]: Captured registration for entry fruitsdelight:hawberry_leaves of type minecraft:item
[26Feb2026 22:11:01.781] [modloading-worker-0/DEBUG] [com.tterrag.registrate.AbstractRegistrate/REGISTRATE.REGISTER]: Captured registration for entry fruitsdelight:hawberry_leaves of type minecraft:block
[26Feb2026 22:11:01.781] [modloading-worker-0/DEBUG] [com.tterrag.registrate.AbstractRegistrate/REGISTRATE.REGISTER]: Captured registration for entry fruitsdelight:hawberry_sapling of type minecraft:item
[26Feb2026 22:11:01.781] [modloading-worker-0/DEBUG] [com.tterrag.registrate.AbstractRegistrate/REGISTRATE.REGISTER]: Captured registration for entry fruitsdelight:hawberry_sapling of type minecraft:block
[26Feb2026 22:11:01.783] [modloading-worker-0/DEBUG] [com.tterrag.registrate.AbstractRegistrate/REGISTRATE.REGISTER]: Captured registration for entry fruitsdelight:potted_hawberry_sapling of type minecraft:block
[26Feb2026 22:11:01.784] [modloading-worker-0/DEBUG] [com.tterrag.registrate.AbstractRegistrate/REGISTRATE.REGISTER]: Captured registration for entry fruitsdelight:hawberry of type minecraft:item
[26Feb2026 22:11:01.784] [modloading-worker-0/DEBUG] [com.tterrag.registrate.AbstractRegistrate/REGISTRATE.REGISTER]: Captured registration for entry fruitsdelight:lychee_leaves of type minecraft:item
[26Feb2026 22:11:01.784] [modloading-worker-0/DEBUG] [com.tterrag.registrate.AbstractRegistrate/REGISTRATE.REGISTER]: Captured registration for entry fruitsdelight:lychee_leaves of type minecraft:block
[26Feb2026 22:11:01.784] [modloading-worker-0/DEBUG] [com.tterrag.registrate.AbstractRegistrate/REGISTRATE.REGISTER]: Captured registration for entry fruitsdelight:lychee_sapling of type minecraft:item
[26Feb2026 22:11:01.785] [modloading-worker-0/DEBUG] [com.tterrag.registrate.AbstractRegistrate/REGISTRATE.REGISTER]: Captured registration for entry fruitsdelight:lychee_sapling of type minecraft:block
[26Feb2026 22:11:01.785] [modloading-worker-0/DEBUG] [com.tterrag.registrate.AbstractRegistrate/REGISTRATE.REGISTER]: Captured registration for entry fruitsdelight:potted_lychee_sapling of type minecraft:block
[26Feb2026 22:11:01.785] [modloading-worker-0/DEBUG] [com.tterrag.registrate.AbstractRegistrate/REGISTRATE.REGISTER]: Captured registration for entry fruitsdelight:lychee of type minecraft:item
[26Feb2026 22:11:01.785] [modloading-worker-0/DEBUG] [com.tterrag.registrate.AbstractRegistrate/REGISTRATE.REGISTER]: Captured registration for entry fruitsdelight:mango_leaves of type minecraft:item
[26Feb2026 22:11:01.785] [modloading-worker-0/DEBUG] [com.tterrag.registrate.AbstractRegistrate/REGISTRATE.REGISTER]: Captured registration for entry fruitsdelight:mango_leaves of type minecraft:block
[26Feb2026 22:11:01.785] [modloading-worker-0/DEBUG] [com.tterrag.registrate.AbstractRegistrate/REGISTRATE.REGISTER]: Captured registration for entry fruitsdelight:mango_sapling of type minecraft:item
[26Feb2026 22:11:01.785] [modloading-worker-0/DEBUG] [com.tterrag.registrate.AbstractRegistrate/REGISTRATE.REGISTER]: Captured registration for entry fruitsdelight:mango_sapling of type minecraft:block
[26Feb2026 22:11:01.787] [modloading-worker-0/DEBUG] [com.tterrag.registrate.AbstractRegistrate/REGISTRATE.REGISTER]: Captured registration for entry fruitsdelight:potted_mango_sapling of type minecraft:block
[26Feb2026 22:11:01.788] [modloading-worker-0/DEBUG] [com.tterrag.registrate.AbstractRegistrate/REGISTRATE.REGISTER]: Captured registration for entry fruitsdelight:mango of type minecraft:item
[26Feb2026 22:11:01.788] [modloading-worker-0/DEBUG] [com.tterrag.registrate.AbstractRegistrate/REGISTRATE.REGISTER]: Captured registration for entry fruitsdelight:persimmon_leaves of type minecraft:item
[26Feb2026 22:11:01.788] [modloading-worker-0/DEBUG] [com.tterrag.registrate.AbstractRegistrate/REGISTRATE.REGISTER]: Captured registration for entry fruitsdelight:persimmon_leaves of type minecraft:block
[26Feb2026 22:11:01.788] [modloading-worker-0/DEBUG] [com.tterrag.registrate.AbstractRegistrate/REGISTRATE.REGISTER]: Captured registration for entry fruitsdelight:persimmon_sapling of type minecraft:item
[26Feb2026 22:11:01.788] [modloading-worker-0/DEBUG] [com.tterrag.registrate.AbstractRegistrate/REGISTRATE.REGISTER]: Captured registration for entry fruitsdelight:persimmon_sapling of type minecraft:block
[26Feb2026 22:11:01.788] [modloading-worker-0/DEBUG] [com.tterrag.registrate.AbstractRegistrate/REGISTRATE.REGISTER]: Captured registration for entry fruitsdelight:potted_persimmon_sapling of type minecraft:block
[26Feb2026 22:11:01.788] [modloading-worker-0/DEBUG] [com.tterrag.registrate.AbstractRegistrate/REGISTRATE.REGISTER]: Captured registration for entry fruitsdelight:persimmon of type minecraft:item
[26Feb2026 22:11:01.788] [modloading-worker-0/DEBUG] [com.tterrag.registrate.AbstractRegistrate/REGISTRATE.REGISTER]: Captured registration for entry fruitsdelight:peach_leaves of type minecraft:item
[26Feb2026 22:11:01.789] [modloading-worker-0/DEBUG] [com.tterrag.registrate.AbstractRegistrate/REGISTRATE.REGISTER]: Captured registration for entry fruitsdelight:peach_leaves of type minecraft:block
[26Feb2026 22:11:01.789] [modloading-worker-0/DEBUG] [com.tterrag.registrate.AbstractRegistrate/REGISTRATE.REGISTER]: Captured registration for entry fruitsdelight:peach_sapling of type minecraft:item
[26Feb2026 22:11:01.789] [modloading-worker-0/DEBUG] [com.tterrag.registrate.AbstractRegistrate/REGISTRATE.REGISTER]: Captured registration for entry fruitsdelight:peach_sapling of type minecraft:block
[26Feb2026 22:11:01.789] [modloading-worker-0/DEBUG] [com.tterrag.registrate.AbstractRegistrate/REGISTRATE.REGISTER]: Captured registration for entry fruitsdelight:potted_peach_sapling of type minecraft:block
[26Feb2026 22:11:01.789] [modloading-worker-0/DEBUG] [com.tterrag.registrate.AbstractRegistrate/REGISTRATE.REGISTER]: Captured registration for entry fruitsdelight:peach of type minecraft:item
[26Feb2026 22:11:01.789] [modloading-worker-0/DEBUG] [com.tterrag.registrate.AbstractRegistrate/REGISTRATE.REGISTER]: Captured registration for entry fruitsdelight:orange_leaves of type minecraft:item
[26Feb2026 22:11:01.789] [modloading-worker-0/DEBUG] [com.tterrag.registrate.AbstractRegistrate/REGISTRATE.REGISTER]: Captured registration for entry fruitsdelight:orange_leaves of type minecraft:block
[26Feb2026 22:11:01.791] [modloading-worker-0/DEBUG] [com.tterrag.registrate.AbstractRegistrate/REGISTRATE.REGISTER]: Captured registration for entry fruitsdelight:orange_sapling of type minecraft:item
[26Feb2026 22:11:01.792] [modloading-worker-0/DEBUG] [com.tterrag.registrate.AbstractRegistrate/REGISTRATE.REGISTER]: Captured registration for entry fruitsdelight:orange_sapling of type minecraft:block
[26Feb2026 22:11:01.792] [modloading-worker-0/DEBUG] [com.tterrag.registrate.AbstractRegistrate/REGISTRATE.REGISTER]: Captured registration for entry fruitsdelight:potted_orange_sapling of type minecraft:block
[26Feb2026 22:11:01.792] [modloading-worker-0/DEBUG] [com.tterrag.registrate.AbstractRegistrate/REGISTRATE.REGISTER]: Captured registration for entry fruitsdelight:orange of type minecraft:item
[26Feb2026 22:11:01.792] [modloading-worker-0/DEBUG] [com.tterrag.registrate.AbstractRegistrate/REGISTRATE.REGISTER]: Captured registration for entry fruitsdelight:apple_leaves of type minecraft:item
[26Feb2026 22:11:01.792] [modloading-worker-0/DEBUG] [com.tterrag.registrate.AbstractRegistrate/REGISTRATE.REGISTER]: Captured registration for entry fruitsdelight:apple_leaves of type minecraft:block
[26Feb2026 22:11:01.792] [modloading-worker-0/DEBUG] [com.tterrag.registrate.AbstractRegistrate/REGISTRATE.REGISTER]: Captured registration for entry fruitsdelight:apple_sapling of type minecraft:item
[26Feb2026 22:11:01.792] [modloading-worker-0/DEBUG] [com.tterrag.registrate.AbstractRegistrate/REGISTRATE.REGISTER]: Captured registration for entry fruitsdelight:apple_sapling of type minecraft:block
[26Feb2026 22:11:01.793] [modloading-worker-0/DEBUG] [com.tterrag.registrate.AbstractRegistrate/REGISTRATE.REGISTER]: Captured registration for entry fruitsdelight:potted_apple_sapling of type minecraft:block
[26Feb2026 22:11:01.793] [modloading-worker-0/DEBUG] [com.tterrag.registrate.AbstractRegistrate/REGISTRATE.REGISTER]: Captured registration for entry fruitsdelight:mangosteen_leaves of type minecraft:item
[26Feb2026 22:11:01.793] [modloading-worker-0/DEBUG] [com.tterrag.registrate.AbstractRegistrate/REGISTRATE.REGISTER]: Captured registration for entry fruitsdelight:mangosteen_leaves of type minecraft:block
[26Feb2026 22:11:01.793] [modloading-worker-0/DEBUG] [com.tterrag.registrate.AbstractRegistrate/REGISTRATE.REGISTER]: Captured registration for entry fruitsdelight:mangosteen_sapling of type minecraft:item
[26Feb2026 22:11:01.793] [modloading-worker-0/DEBUG] [com.tterrag.registrate.AbstractRegistrate/REGISTRATE.REGISTER]: Captured registration for entry fruitsdelight:mangosteen_sapling of type minecraft:block
[26Feb2026 22:11:01.795] [modloading-worker-0/DEBUG] [com.tterrag.registrate.AbstractRegistrate/REGISTRATE.REGISTER]: Captured registration for entry fruitsdelight:potted_mangosteen_sapling of type minecraft:block
[26Feb2026 22:11:01.796] [modloading-worker-0/DEBUG] [com.tterrag.registrate.AbstractRegistrate/REGISTRATE.REGISTER]: Captured registration for entry fruitsdelight:mangosteen of type minecraft:item
[26Feb2026 22:11:01.796] [modloading-worker-0/DEBUG] [com.tterrag.registrate.AbstractRegistrate/REGISTRATE.REGISTER]: Captured registration for entry fruitsdelight:bayberry_leaves of type minecraft:item
[26Feb2026 22:11:01.796] [modloading-worker-0/DEBUG] [com.tterrag.registrate.AbstractRegistrate/REGISTRATE.REGISTER]: Captured registration for entry fruitsdelight:bayberry_leaves of type minecraft:block
[26Feb2026 22:11:01.796] [modloading-worker-0/DEBUG] [com.tterrag.registrate.AbstractRegistrate/REGISTRATE.REGISTER]: Captured registration for entry fruitsdelight:bayberry_sapling of type minecraft:item
[26Feb2026 22:11:01.796] [modloading-worker-0/DEBUG] [com.tterrag.registrate.AbstractRegistrate/REGISTRATE.REGISTER]: Captured registration for entry fruitsdelight:bayberry_sapling of type minecraft:block
[26Feb2026 22:11:01.796] [modloading-worker-0/DEBUG] [com.tterrag.registrate.AbstractRegistrate/REGISTRATE.REGISTER]: Captured registration for entry fruitsdelight:potted_bayberry_sapling of type minecraft:block
[26Feb2026 22:11:01.796] [modloading-worker-0/DEBUG] [com.tterrag.registrate.AbstractRegistrate/REGISTRATE.REGISTER]: Captured registration for entry fruitsdelight:bayberry of type minecraft:item
[26Feb2026 22:11:01.797] [modloading-worker-0/DEBUG] [com.tterrag.registrate.AbstractRegistrate/REGISTRATE.REGISTER]: Captured registration for entry fruitsdelight:kiwi_leaves of type minecraft:item
[26Feb2026 22:11:01.797] [modloading-worker-0/DEBUG] [com.tterrag.registrate.AbstractRegistrate/REGISTRATE.REGISTER]: Captured registration for entry fruitsdelight:kiwi_leaves of type minecraft:block
[26Feb2026 22:11:01.797] [modloading-worker-0/DEBUG] [com.tterrag.registrate.AbstractRegistrate/REGISTRATE.REGISTER]: Captured registration for entry fruitsdelight:kiwi_sapling of type minecraft:item
[26Feb2026 22:11:01.797] [modloading-worker-0/DEBUG] [com.tterrag.registrate.AbstractRegistrate/REGISTRATE.REGISTER]: Captured registration for entry fruitsdelight:kiwi_sapling of type minecraft:block
[26Feb2026 22:11:01.797] [modloading-worker-0/DEBUG] [com.tterrag.registrate.AbstractRegistrate/REGISTRATE.REGISTER]: Captured registration for entry fruitsdelight:potted_kiwi_sapling of type minecraft:block
[26Feb2026 22:11:01.797] [modloading-worker-0/DEBUG] [com.tterrag.registrate.AbstractRegistrate/REGISTRATE.REGISTER]: Captured registration for entry fruitsdelight:kiwi of type minecraft:item
[26Feb2026 22:11:01.797] [modloading-worker-0/DEBUG] [com.tterrag.registrate.AbstractRegistrate/REGISTRATE.REGISTER]: Captured registration for entry fruitsdelight:fig_leaves of type minecraft:item
[26Feb2026 22:11:01.799] [modloading-worker-0/DEBUG] [com.tterrag.registrate.AbstractRegistrate/REGISTRATE.REGISTER]: Captured registration for entry fruitsdelight:fig_leaves of type minecraft:block
[26Feb2026 22:11:01.800] [modloading-worker-0/DEBUG] [com.tterrag.registrate.AbstractRegistrate/REGISTRATE.REGISTER]: Captured registration for entry fruitsdelight:fig_sapling of type minecraft:item
[26Feb2026 22:11:01.800] [modloading-worker-0/DEBUG] [com.tterrag.registrate.AbstractRegistrate/REGISTRATE.REGISTER]: Captured registration for entry fruitsdelight:fig_sapling of type minecraft:block
[26Feb2026 22:11:01.800] [modloading-worker-0/DEBUG] [com.tterrag.registrate.AbstractRegistrate/REGISTRATE.REGISTER]: Captured registration for entry fruitsdelight:potted_fig_sapling of type minecraft:block
[26Feb2026 22:11:01.800] [modloading-worker-0/DEBUG] [com.tterrag.registrate.AbstractRegistrate/REGISTRATE.REGISTER]: Captured registration for entry fruitsdelight:fig of type minecraft:item
[26Feb2026 22:11:01.806] [modloading-worker-0/DEBUG] [com.tterrag.registrate.AbstractRegistrate/REGISTRATE.REGISTER]: Captured registration for entry fruitsdelight:durian_leaves of type minecraft:item
[26Feb2026 22:11:01.806] [modloading-worker-0/DEBUG] [com.tterrag.registrate.AbstractRegistrate/REGISTRATE.REGISTER]: Captured registration for entry fruitsdelight:durian_leaves of type minecraft:block
[26Feb2026 22:11:01.809] [modloading-worker-0/DEBUG] [com.tterrag.registrate.AbstractRegistrate/REGISTRATE.REGISTER]: Captured registration for entry fruitsdelight:durian_sapling of type minecraft:item
[26Feb2026 22:11:01.809] [modloading-worker-0/DEBUG] [com.tterrag.registrate.AbstractRegistrate/REGISTRATE.REGISTER]: Captured registration for entry fruitsdelight:durian_sapling of type minecraft:block
[26Feb2026 22:11:01.809] [modloading-worker-0/DEBUG] [com.tterrag.registrate.AbstractRegistrate/REGISTRATE.REGISTER]: Captured registration for entry fruitsdelight:potted_durian_sapling of type minecraft:block
[26Feb2026 22:11:01.810] [modloading-worker-0/DEBUG] [com.tterrag.registrate.AbstractRegistrate/REGISTRATE.REGISTER]: Captured registration for entry fruitsdelight:durian of type minecraft:item
[26Feb2026 22:11:01.810] [modloading-worker-0/DEBUG] [com.tterrag.registrate.AbstractRegistrate/REGISTRATE.REGISTER]: Captured registration for entry fruitsdelight:durian of type minecraft:block
[26Feb2026 22:11:01.819] [modloading-worker-0/DEBUG] [com.tterrag.registrate.AbstractRegistrate/REGISTRATE.REGISTER]: Captured registration for entry fruitsdelight:durian_helmet of type minecraft:item
[26Feb2026 22:11:01.819] [modloading-worker-0/DEBUG] [com.tterrag.registrate.AbstractRegistrate/REGISTRATE.REGISTER]: Captured registration for entry fruitsdelight:durian_shell of type minecraft:item
[26Feb2026 22:11:01.832] [modloading-worker-0/DEBUG] [com.tterrag.registrate.AbstractRegistrate/REGISTRATE.REGISTER]: Captured registration for entry fruitsdelight:blueberry_bush of type minecraft:item
[26Feb2026 22:11:01.832] [modloading-worker-0/DEBUG] [com.tterrag.registrate.AbstractRegistrate/REGISTRATE.REGISTER]: Captured registration for entry fruitsdelight:blueberry_bush of type minecraft:block
[26Feb2026 22:11:01.838] [modloading-worker-0/DEBUG] [com.tterrag.registrate.AbstractRegistrate/REGISTRATE.REGISTER]: Captured registration for entry fruitsdelight:blueberry of type minecraft:item
[26Feb2026 22:11:01.843] [modloading-worker-0/DEBUG] [com.tterrag.registrate.AbstractRegistrate/REGISTRATE.REGISTER]: Captured registration for entry fruitsdelight:lemon_tree of type minecraft:item
[26Feb2026 22:11:01.847] [modloading-worker-0/DEBUG] [com.tterrag.registrate.AbstractRegistrate/REGISTRATE.REGISTER]: Captured registration for entry fruitsdelight:lemon_tree of type minecraft:block
[26Feb2026 22:11:01.848] [modloading-worker-0/DEBUG] [com.tterrag.registrate.AbstractRegistrate/REGISTRATE.REGISTER]: Captured registration for entry fruitsdelight:lemon of type minecraft:item
[26Feb2026 22:11:01.849] [modloading-worker-0/DEBUG] [com.tterrag.registrate.AbstractRegistrate/REGISTRATE.REGISTER]: Captured registration for entry fruitsdelight:lemon_seeds of type minecraft:item
[26Feb2026 22:11:01.850] [modloading-worker-0/DEBUG] [com.tterrag.registrate.AbstractRegistrate/REGISTRATE.REGISTER]: Captured registration for entry fruitsdelight:cranberry_bush of type minecraft:block
[26Feb2026 22:11:01.850] [modloading-worker-0/DEBUG] [com.tterrag.registrate.AbstractRegistrate/REGISTRATE.REGISTER]: Captured registration for entry fruitsdelight:cranberry of type minecraft:item
[26Feb2026 22:11:01.855] [modloading-worker-0/DEBUG] [com.tterrag.registrate.AbstractRegistrate/REGISTRATE.REGISTER]: Captured registration for entry fruitsdelight:hamimelon of type minecraft:item
[26Feb2026 22:11:01.855] [modloading-worker-0/DEBUG] [com.tterrag.registrate.AbstractRegistrate/REGISTRATE.REGISTER]: Captured registration for entry fruitsdelight:hamimelon of type minecraft:block
[26Feb2026 22:11:01.858] [modloading-worker-0/DEBUG] [com.tterrag.registrate.AbstractRegistrate/REGISTRATE.REGISTER]: Captured registration for entry fruitsdelight:hamimelon_stem of type minecraft:block
[26Feb2026 22:11:01.862] [modloading-worker-0/DEBUG] [com.tterrag.registrate.AbstractRegistrate/REGISTRATE.REGISTER]: Captured registration for entry fruitsdelight:attached_hamimelon_stem of type minecraft:block
[26Feb2026 22:11:01.863] [modloading-worker-0/DEBUG] [com.tterrag.registrate.AbstractRegistrate/REGISTRATE.REGISTER]: Captured registration for entry fruitsdelight:hamimelon_slice of type minecraft:item
[26Feb2026 22:11:01.866] [modloading-worker-0/DEBUG] [com.tterrag.registrate.AbstractRegistrate/REGISTRATE.REGISTER]: Captured registration for entry fruitsdelight:hamimelon_seeds of type minecraft:item
[26Feb2026 22:11:01.867] [modloading-worker-0/DEBUG] [com.tterrag.registrate.AbstractRegistrate/REGISTRATE.REGISTER]: Captured registration for entry fruitsdelight:pineapple of type minecraft:block
[26Feb2026 22:11:01.868] [modloading-worker-0/DEBUG] [com.tterrag.registrate.AbstractRegistrate/REGISTRATE.REGISTER]: Captured registration for entry fruitsdelight:wild_pineapple of type minecraft:item
[26Feb2026 22:11:01.872] [modloading-worker-0/DEBUG] [com.tterrag.registrate.AbstractRegistrate/REGISTRATE.REGISTER]: Captured registration for entry fruitsdelight:wild_pineapple of type minecraft:block
[26Feb2026 22:11:01.873] [modloading-worker-0/DEBUG] [com.tterrag.registrate.AbstractRegistrate/REGISTRATE.REGISTER]: Captured registration for entry fruitsdelight:pineapple of type minecraft:item
[26Feb2026 22:11:01.873] [modloading-worker-0/DEBUG] [com.tterrag.registrate.AbstractRegistrate/REGISTRATE.REGISTER]: Captured registration for entry fruitsdelight:pineapple_slice of type minecraft:item
[26Feb2026 22:11:01.874] [modloading-worker-0/DEBUG] [com.tterrag.registrate.AbstractRegistrate/REGISTRATE.REGISTER]: Captured registration for entry fruitsdelight:pineapple_sapling of type minecraft:item
[26Feb2026 22:11:01.898] [modloading-worker-0/DEBUG] [com.tterrag.registrate.AbstractRegistrate/REGISTRATE.REGISTER]: Captured registration for entry fruitsdelight:astringent of type minecraft:mob_effect
[26Feb2026 22:11:01.898] [modloading-worker-0/DEBUG] [com.tterrag.registrate.AbstractRegistrate/REGISTRATE.REGISTER]: Captured registration for entry fruitsdelight:sliding of type minecraft:mob_effect
[26Feb2026 22:11:01.899] [modloading-worker-0/DEBUG] [com.tterrag.registrate.AbstractRegistrate/REGISTRATE.REGISTER]: Captured registration for entry fruitsdelight:shrinking of type minecraft:mob_effect
[26Feb2026 22:11:01.900] [modloading-worker-0/DEBUG] [com.tterrag.registrate.AbstractRegistrate/REGISTRATE.REGISTER]: Captured registration for entry fruitsdelight:lozenge of type minecraft:mob_effect
[26Feb2026 22:11:01.900] [modloading-worker-0/DEBUG] [com.tterrag.registrate.AbstractRegistrate/REGISTRATE.REGISTER]: Captured registration for entry fruitsdelight:appetizing of type minecraft:mob_effect
[26Feb2026 22:11:01.906] [modloading-worker-0/DEBUG] [com.tterrag.registrate.AbstractRegistrate/REGISTRATE.REGISTER]: Captured registration for entry fruitsdelight:rage_aura of type minecraft:mob_effect
[26Feb2026 22:11:01.914] [modloading-worker-0/DEBUG] [com.tterrag.registrate.AbstractRegistrate/REGISTRATE.REGISTER]: Captured registration for entry fruitsdelight:heal_aura of type minecraft:mob_effect
[26Feb2026 22:11:01.918] [modloading-worker-0/DEBUG] [com.tterrag.registrate.AbstractRegistrate/REGISTRATE.REGISTER]: Captured registration for entry fruitsdelight:refreshing of type minecraft:mob_effect
[26Feb2026 22:11:01.920] [modloading-worker-0/DEBUG] [com.tterrag.registrate.AbstractRegistrate/REGISTRATE.REGISTER]: Captured registration for entry fruitsdelight:sweetening of type minecraft:mob_effect
[26Feb2026 22:11:01.923] [modloading-worker-0/DEBUG] [com.tterrag.registrate.AbstractRegistrate/REGISTRATE.REGISTER]: Captured registration for entry fruitsdelight:brightening of type minecraft:mob_effect
[26Feb2026 22:11:01.923] [modloading-worker-0/DEBUG] [com.tterrag.registrate.AbstractRegistrate/REGISTRATE.REGISTER]: Captured registration for entry fruitsdelight:recovering of type minecraft:mob_effect
[26Feb2026 22:11:01.928] [modloading-worker-0/DEBUG] [com.tterrag.registrate.AbstractRegistrate/REGISTRATE.REGISTER]: Captured registration for entry fruitsdelight:chorus of type minecraft:mob_effect
[26Feb2026 22:11:01.928] [modloading-worker-0/DEBUG] [com.tterrag.registrate.AbstractRegistrate/REGISTRATE.REGISTER]: Captured registration for entry fruitsdelight:digesting of type minecraft:mob_effect
[26Feb2026 22:11:01.929] [modloading-worker-0/DEBUG] [com.tterrag.registrate.AbstractRegistrate/REGISTRATE.REGISTER]: Captured registration for entry fruitsdelight:leaf_piercing of type minecraft:mob_effect
[26Feb2026 22:11:01.929] [modloading-worker-0/DEBUG] [com.tterrag.registrate.AbstractRegistrate/REGISTRATE.REGISTER]: Captured registration for entry fruitsdelight:cycling of type minecraft:mob_effect
[26Feb2026 22:11:01.929] [modloading-worker-0/DEBUG] [com.tterrag.registrate.AbstractRegistrate/REGISTRATE.REGISTER]: Captured registration for entry fruitsdelight:disgusted of type minecraft:mob_effect
[26Feb2026 22:11:01.930] [modloading-worker-0/DEBUG] [com.tterrag.registrate.AbstractRegistrate/REGISTRATE.REGISTER]: Captured registration for entry fruitsdelight:alienating of type minecraft:mob_effect
[26Feb2026 22:11:01.930] [modloading-worker-0/DEBUG] [com.tterrag.registrate.AbstractRegistrate/REGISTRATE.REGISTER]: Captured registration for entry fruitsdelight:suspicious_smell of type minecraft:mob_effect
[26Feb2026 22:11:01.976] [modloading-worker-0/DEBUG] [com.tterrag.registrate.AbstractRegistrate/REGISTRATE.REGISTER]: Captured registration for entry fruitsdelight:apple_jelly of type minecraft:item
[26Feb2026 22:11:01.981] [modloading-worker-0/DEBUG] [com.tterrag.registrate.AbstractRegistrate/REGISTRATE.REGISTER]: Captured registration for entry fruitsdelight:apple_jelly of type minecraft:block
[26Feb2026 22:11:01.982] [modloading-worker-0/DEBUG] [com.tterrag.registrate.AbstractRegistrate/REGISTRATE.REGISTER]: Captured registration for entry fruitsdelight:blueberry_jelly of type minecraft:item
[26Feb2026 22:11:01.982] [modloading-worker-0/DEBUG] [com.tterrag.registrate.AbstractRegistrate/REGISTRATE.REGISTER]: Captured registration for entry fruitsdelight:blueberry_jelly of type minecraft:block
[26Feb2026 22:11:01.982] [modloading-worker-0/DEBUG] [com.tterrag.registrate.AbstractRegistrate/REGISTRATE.REGISTER]: Captured registration for entry fruitsdelight:glowberry_jelly of type minecraft:item
[26Feb2026 22:11:01.982] [modloading-worker-0/DEBUG] [com.tterrag.registrate.AbstractRegistrate/REGISTRATE.REGISTER]: Captured registration for entry fruitsdelight:glowberry_jelly of type minecraft:block
[26Feb2026 22:11:01.982] [modloading-worker-0/DEBUG] [com.tterrag.registrate.AbstractRegistrate/REGISTRATE.REGISTER]: Captured registration for entry fruitsdelight:hamimelon_jelly of type minecraft:item
[26Feb2026 22:11:01.982] [modloading-worker-0/DEBUG] [com.tterrag.registrate.AbstractRegistrate/REGISTRATE.REGISTER]: Captured registration for entry fruitsdelight:hamimelon_jelly of type minecraft:block
[26Feb2026 22:11:01.983] [modloading-worker-0/DEBUG] [com.tterrag.registrate.AbstractRegistrate/REGISTRATE.REGISTER]: Captured registration for entry fruitsdelight:melon_jelly of type minecraft:item
[26Feb2026 22:11:01.983] [modloading-worker-0/DEBUG] [com.tterrag.registrate.AbstractRegistrate/REGISTRATE.REGISTER]: Captured registration for entry fruitsdelight:melon_jelly of type minecraft:block
[26Feb2026 22:11:01.983] [modloading-worker-0/DEBUG] [com.tterrag.registrate.AbstractRegistrate/REGISTRATE.REGISTER]: Captured registration for entry fruitsdelight:hawberry_jelly of type minecraft:item
[26Feb2026 22:11:01.983] [modloading-worker-0/DEBUG] [com.tterrag.registrate.AbstractRegistrate/REGISTRATE.REGISTER]: Captured registration for entry fruitsdelight:hawberry_jelly of type minecraft:block
[26Feb2026 22:11:01.985] [modloading-worker-0/DEBUG] [com.tterrag.registrate.AbstractRegistrate/REGISTRATE.REGISTER]: Captured registration for entry fruitsdelight:lychee_jelly of type minecraft:item
[26Feb2026 22:11:01.986] [modloading-worker-0/DEBUG] [com.tterrag.registrate.AbstractRegistrate/REGISTRATE.REGISTER]: Captured registration for entry fruitsdelight:lychee_jelly of type minecraft:block
[26Feb2026 22:11:01.986] [modloading-worker-0/DEBUG] [com.tterrag.registrate.AbstractRegistrate/REGISTRATE.REGISTER]: Captured registration for entry fruitsdelight:mango_jelly of type minecraft:item
[26Feb2026 22:11:01.986] [modloading-worker-0/DEBUG] [com.tterrag.registrate.AbstractRegistrate/REGISTRATE.REGISTER]: Captured registration for entry fruitsdelight:mango_jelly of type minecraft:block
[26Feb2026 22:11:01.986] [modloading-worker-0/DEBUG] [com.tterrag.registrate.AbstractRegistrate/REGISTRATE.REGISTER]: Captured registration for entry fruitsdelight:orange_jelly of type minecraft:item
[26Feb2026 22:11:01.986] [modloading-worker-0/DEBUG] [com.tterrag.registrate.AbstractRegistrate/REGISTRATE.REGISTER]: Captured registration for entry fruitsdelight:orange_jelly of type minecraft:block
[26Feb2026 22:11:01.986] [modloading-worker-0/DEBUG] [com.tterrag.registrate.AbstractRegistrate/REGISTRATE.REGISTER]: Captured registration for entry fruitsdelight:peach_jelly of type minecraft:item
[26Feb2026 22:11:01.986] [modloading-worker-0/DEBUG] [com.tterrag.registrate.AbstractRegistrate/REGISTRATE.REGISTER]: Captured registration for entry fruitsdelight:peach_jelly of type minecraft:block
[26Feb2026 22:11:01.986] [modloading-worker-0/DEBUG] [com.tterrag.registrate.AbstractRegistrate/REGISTRATE.REGISTER]: Captured registration for entry fruitsdelight:pear_jelly of type minecraft:item
[26Feb2026 22:11:01.986] [modloading-worker-0/DEBUG] [com.tterrag.registrate.AbstractRegistrate/REGISTRATE.REGISTER]: Captured registration for entry fruitsdelight:pear_jelly of type minecraft:block
[26Feb2026 22:11:01.986] [modloading-worker-0/DEBUG] [com.tterrag.registrate.AbstractRegistrate/REGISTRATE.REGISTER]: Captured registration for entry fruitsdelight:persimmon_jelly of type minecraft:item
[26Feb2026 22:11:01.986] [modloading-worker-0/DEBUG] [com.tterrag.registrate.AbstractRegistrate/REGISTRATE.REGISTER]: Captured registration for entry fruitsdelight:persimmon_jelly of type minecraft:block
[26Feb2026 22:11:01.986] [modloading-worker-0/DEBUG] [com.tterrag.registrate.AbstractRegistrate/REGISTRATE.REGISTER]: Captured registration for entry fruitsdelight:pineapple_jelly of type minecraft:item
[26Feb2026 22:11:01.987] [modloading-worker-0/DEBUG] [com.tterrag.registrate.AbstractRegistrate/REGISTRATE.REGISTER]: Captured registration for entry fruitsdelight:pineapple_jelly of type minecraft:block
[26Feb2026 22:11:01.987] [modloading-worker-0/DEBUG] [com.tterrag.registrate.AbstractRegistrate/REGISTRATE.REGISTER]: Captured registration for entry fruitsdelight:lemon_jelly of type minecraft:item
[26Feb2026 22:11:01.988] [modloading-worker-0/DEBUG] [com.tterrag.registrate.AbstractRegistrate/REGISTRATE.REGISTER]: Captured registration for entry fruitsdelight:lemon_jelly of type minecraft:block
[26Feb2026 22:11:01.988] [modloading-worker-0/DEBUG] [com.tterrag.registrate.AbstractRegistrate/REGISTRATE.REGISTER]: Captured registration for entry fruitsdelight:cranberry_jelly of type minecraft:item
[26Feb2026 22:11:01.989] [modloading-worker-0/DEBUG] [com.tterrag.registrate.AbstractRegistrate/REGISTRATE.REGISTER]: Captured registration for entry fruitsdelight:cranberry_jelly of type minecraft:block
[26Feb2026 22:11:01.989] [modloading-worker-0/DEBUG] [com.tterrag.registrate.AbstractRegistrate/REGISTRATE.REGISTER]: Captured registration for entry fruitsdelight:mangosteen_jelly of type minecraft:item
[26Feb2026 22:11:01.989] [modloading-worker-0/DEBUG] [com.tterrag.registrate.AbstractRegistrate/REGISTRATE.REGISTER]: Captured registration for entry fruitsdelight:mangosteen_jelly of type minecraft:block
[26Feb2026 22:11:01.989] [modloading-worker-0/DEBUG] [com.tterrag.registrate.AbstractRegistrate/REGISTRATE.REGISTER]: Captured registration for entry fruitsdelight:sweetberry_jelly of type minecraft:item
[26Feb2026 22:11:01.991] [modloading-worker-0/DEBUG] [com.tterrag.registrate.AbstractRegistrate/REGISTRATE.REGISTER]: Captured registration for entry fruitsdelight:sweetberry_jelly of type minecraft:block
[26Feb2026 22:11:01.992] [modloading-worker-0/DEBUG] [com.tterrag.registrate.AbstractRegistrate/REGISTRATE.REGISTER]: Captured registration for entry fruitsdelight:chorus_jelly of type minecraft:item
[26Feb2026 22:11:01.992] [modloading-worker-0/DEBUG] [com.tterrag.registrate.AbstractRegistrate/REGISTRATE.REGISTER]: Captured registration for entry fruitsdelight:chorus_jelly of type minecraft:block
[26Feb2026 22:11:01.992] [modloading-worker-0/DEBUG] [com.tterrag.registrate.AbstractRegistrate/REGISTRATE.REGISTER]: Captured registration for entry fruitsdelight:bayberry_jelly of type minecraft:item
[26Feb2026 22:11:01.992] [modloading-worker-0/DEBUG] [com.tterrag.registrate.AbstractRegistrate/REGISTRATE.REGISTER]: Captured registration for entry fruitsdelight:bayberry_jelly of type minecraft:block
[26Feb2026 22:11:01.992] [modloading-worker-0/DEBUG] [com.tterrag.registrate.AbstractRegistrate/REGISTRATE.REGISTER]: Captured registration for entry fruitsdelight:kiwi_jelly of type minecraft:item
[26Feb2026 22:11:01.992] [modloading-worker-0/DEBUG] [com.tterrag.registrate.AbstractRegistrate/REGISTRATE.REGISTER]: Captured registration for entry fruitsdelight:kiwi_jelly of type minecraft:block
[26Feb2026 22:11:01.992] [modloading-worker-0/DEBUG] [com.tterrag.registrate.AbstractRegistrate/REGISTRATE.REGISTER]: Captured registration for entry fruitsdelight:fig_jelly of type minecraft:item
[26Feb2026 22:11:01.992] [modloading-worker-0/DEBUG] [com.tterrag.registrate.AbstractRegistrate/REGISTRATE.REGISTER]: Captured registration for entry fruitsdelight:fig_jelly of type minecraft:block
[26Feb2026 22:11:01.992] [modloading-worker-0/DEBUG] [com.tterrag.registrate.AbstractRegistrate/REGISTRATE.REGISTER]: Captured registration for entry fruitsdelight:durian_jelly of type minecraft:item
[26Feb2026 22:11:01.992] [modloading-worker-0/DEBUG] [com.tterrag.registrate.AbstractRegistrate/REGISTRATE.REGISTER]: Captured registration for entry fruitsdelight:durian_jelly of type minecraft:block
[26Feb2026 22:11:01.993] [modloading-worker-0/DEBUG] [com.tterrag.registrate.AbstractRegistrate/REGISTRATE.REGISTER]: Captured registration for entry fruitsdelight:apple_jello of type minecraft:item
[26Feb2026 22:11:01.993] [modloading-worker-0/DEBUG] [com.tterrag.registrate.AbstractRegistrate/REGISTRATE.REGISTER]: Captured registration for entry fruitsdelight:blueberry_jello of type minecraft:item
[26Feb2026 22:11:01.993] [modloading-worker-0/DEBUG] [com.tterrag.registrate.AbstractRegistrate/REGISTRATE.REGISTER]: Captured registration for entry fruitsdelight:glowberry_jello of type minecraft:item
[26Feb2026 22:11:01.993] [modloading-worker-0/DEBUG] [com.tterrag.registrate.AbstractRegistrate/REGISTRATE.REGISTER]: Captured registration for entry fruitsdelight:hamimelon_jello of type minecraft:item
[26Feb2026 22:11:01.994] [modloading-worker-0/DEBUG] [com.tterrag.registrate.AbstractRegistrate/REGISTRATE.REGISTER]: Captured registration for entry fruitsdelight:melon_jello of type minecraft:item
[26Feb2026 22:11:01.994] [modloading-worker-0/DEBUG] [com.tterrag.registrate.AbstractRegistrate/REGISTRATE.REGISTER]: Captured registration for entry fruitsdelight:hawberry_jello of type minecraft:item
[26Feb2026 22:11:01.994] [modloading-worker-0/DEBUG] [com.tterrag.registrate.AbstractRegistrate/REGISTRATE.REGISTER]: Captured registration for entry fruitsdelight:lychee_jello of type minecraft:item
[26Feb2026 22:11:01.996] [modloading-worker-0/DEBUG] [com.tterrag.registrate.AbstractRegistrate/REGISTRATE.REGISTER]: Captured registration for entry fruitsdelight:mango_jello of type minecraft:item
[26Feb2026 22:11:01.997] [modloading-worker-0/DEBUG] [com.tterrag.registrate.AbstractRegistrate/REGISTRATE.REGISTER]: Captured registration for entry fruitsdelight:orange_jello of type minecraft:item
[26Feb2026 22:11:01.997] [modloading-worker-0/DEBUG] [com.tterrag.registrate.AbstractRegistrate/REGISTRATE.REGISTER]: Captured registration for entry fruitsdelight:peach_jello of type minecraft:item
[26Feb2026 22:11:01.997] [modloading-worker-0/DEBUG] [com.tterrag.registrate.AbstractRegistrate/REGISTRATE.REGISTER]: Captured registration for entry fruitsdelight:pear_jello of type minecraft:item
[26Feb2026 22:11:01.997] [modloading-worker-0/DEBUG] [com.tterrag.registrate.AbstractRegistrate/REGISTRATE.REGISTER]: Captured registration for entry fruitsdelight:persimmon_jello of type minecraft:item
[26Feb2026 22:11:01.997] [modloading-worker-0/DEBUG] [com.tterrag.registrate.AbstractRegistrate/REGISTRATE.REGISTER]: Captured registration for entry fruitsdelight:pineapple_jello of type minecraft:item
[26Feb2026 22:11:01.997] [modloading-worker-0/DEBUG] [com.tterrag.registrate.AbstractRegistrate/REGISTRATE.REGISTER]: Captured registration for entry fruitsdelight:lemon_jello of type minecraft:item
[26Feb2026 22:11:01.997] [modloading-worker-0/DEBUG] [com.tterrag.registrate.AbstractRegistrate/REGISTRATE.REGISTER]: Captured registration for entry fruitsdelight:cranberry_jello of type minecraft:item
[26Feb2026 22:11:01.998] [modloading-worker-0/DEBUG] [com.tterrag.registrate.AbstractRegistrate/REGISTRATE.REGISTER]: Captured registration for entry fruitsdelight:mangosteen_jello of type minecraft:item
[26Feb2026 22:11:01.998] [modloading-worker-0/DEBUG] [com.tterrag.registrate.AbstractRegistrate/REGISTRATE.REGISTER]: Captured registration for entry fruitsdelight:sweetberry_jello of type minecraft:item
[26Feb2026 22:11:01.998] [modloading-worker-0/DEBUG] [com.tterrag.registrate.AbstractRegistrate/REGISTRATE.REGISTER]: Captured registration for entry fruitsdelight:chorus_jello of type minecraft:item
[26Feb2026 22:11:01.998] [modloading-worker-0/DEBUG] [com.tterrag.registrate.AbstractRegistrate/REGISTRATE.REGISTER]: Captured registration for entry fruitsdelight:bayberry_jello of type minecraft:item
[26Feb2026 22:11:01.998] [modloading-worker-0/DEBUG] [com.tterrag.registrate.AbstractRegistrate/REGISTRATE.REGISTER]: Captured registration for entry fruitsdelight:kiwi_jello of type minecraft:item
[26Feb2026 22:11:01.999] [modloading-worker-0/DEBUG] [com.tterrag.registrate.AbstractRegistrate/REGISTRATE.REGISTER]: Captured registration for entry fruitsdelight:fig_jello of type minecraft:item
[26Feb2026 22:11:01.999] [modloading-worker-0/DEBUG] [com.tterrag.registrate.AbstractRegistrate/REGISTRATE.REGISTER]: Captured registration for entry fruitsdelight:durian_jello of type minecraft:item
[26Feb2026 22:11:02.018] [modloading-worker-0/DEBUG] [com.tterrag.registrate.AbstractRegistrate/REGISTRATE.REGISTER]: Captured registration for entry fruitsdelight:hamimelon_juice of type minecraft:item
[26Feb2026 22:11:02.018] [modloading-worker-0/DEBUG] [com.tterrag.registrate.AbstractRegistrate/REGISTRATE.REGISTER]: Captured registration for entry fruitsdelight:hawberry_tea of type minecraft:item
[26Feb2026 22:11:02.018] [modloading-worker-0/DEBUG] [com.tterrag.registrate.AbstractRegistrate/REGISTRATE.REGISTER]: Captured registration for entry fruitsdelight:orange_juice of type minecraft:item
[26Feb2026 22:11:02.018] [modloading-worker-0/DEBUG] [com.tterrag.registrate.AbstractRegistrate/REGISTRATE.REGISTER]: Captured registration for entry fruitsdelight:lemon_juice of type minecraft:item
[26Feb2026 22:11:02.021] [modloading-worker-0/DEBUG] [com.tterrag.registrate.AbstractRegistrate/REGISTRATE.REGISTER]: Captured registration for entry fruitsdelight:pear_juice of type minecraft:item
[26Feb2026 22:11:02.022] [modloading-worker-0/DEBUG] [com.tterrag.registrate.AbstractRegistrate/REGISTRATE.REGISTER]: Captured registration for entry fruitsdelight:mango_tea of type minecraft:item
[26Feb2026 22:11:02.022] [modloading-worker-0/DEBUG] [com.tterrag.registrate.AbstractRegistrate/REGISTRATE.REGISTER]: Captured registration for entry fruitsdelight:peach_tea of type minecraft:item
[26Feb2026 22:11:02.022] [modloading-worker-0/DEBUG] [com.tterrag.registrate.AbstractRegistrate/REGISTRATE.REGISTER]: Captured registration for entry fruitsdelight:lychee_cherry_tea of type minecraft:item
[26Feb2026 22:11:02.022] [modloading-worker-0/DEBUG] [com.tterrag.registrate.AbstractRegistrate/REGISTRATE.REGISTER]: Captured registration for entry fruitsdelight:mangosteen_tea of type minecraft:item
[26Feb2026 22:11:02.022] [modloading-worker-0/DEBUG] [com.tterrag.registrate.AbstractRegistrate/REGISTRATE.REGISTER]: Captured registration for entry fruitsdelight:bayberry_soup of type minecraft:item
[26Feb2026 22:11:02.022] [modloading-worker-0/DEBUG] [com.tterrag.registrate.AbstractRegistrate/REGISTRATE.REGISTER]: Captured registration for entry fruitsdelight:kiwi_juice of type minecraft:item
[26Feb2026 22:11:02.023] [modloading-worker-0/DEBUG] [com.tterrag.registrate.AbstractRegistrate/REGISTRATE.REGISTER]: Captured registration for entry fruitsdelight:bellini_cocktail of type minecraft:item
[26Feb2026 22:11:02.034] [modloading-worker-0/DEBUG] [com.tterrag.registrate.AbstractRegistrate/REGISTRATE.REGISTER]: Captured registration for entry fruitsdelight:blueberry_custard of type minecraft:item
[26Feb2026 22:11:02.034] [modloading-worker-0/DEBUG] [com.tterrag.registrate.AbstractRegistrate/REGISTRATE.REGISTER]: Captured registration for entry fruitsdelight:blueberry_muffin of type minecraft:item
[26Feb2026 22:11:02.034] [modloading-worker-0/DEBUG] [com.tterrag.registrate.AbstractRegistrate/REGISTRATE.REGISTER]: Captured registration for entry fruitsdelight:cranberry_muffin of type minecraft:item
[26Feb2026 22:11:02.034] [modloading-worker-0/DEBUG] [com.tterrag.registrate.AbstractRegistrate/REGISTRATE.REGISTER]: Captured registration for entry fruitsdelight:fig_pudding_slice of type minecraft:item
[26Feb2026 22:11:02.034] [modloading-worker-0/DEBUG] [com.tterrag.registrate.AbstractRegistrate/REGISTRATE.REGISTER]: Captured registration for entry fruitsdelight:hamimelon_popsicle of type minecraft:item
[26Feb2026 22:11:02.035] [modloading-worker-0/DEBUG] [com.tterrag.registrate.AbstractRegistrate/REGISTRATE.REGISTER]: Captured registration for entry fruitsdelight:kiwi_popsicle of type minecraft:item
[26Feb2026 22:11:02.035] [modloading-worker-0/DEBUG] [com.tterrag.registrate.AbstractRegistrate/REGISTRATE.REGISTER]: Captured registration for entry fruitsdelight:hamimelon_shaved_ice of type minecraft:item
[26Feb2026 22:11:02.035] [modloading-worker-0/DEBUG] [com.tterrag.registrate.AbstractRegistrate/REGISTRATE.REGISTER]: Captured registration for entry fruitsdelight:hawberry_roll of type minecraft:item
[26Feb2026 22:11:02.035] [modloading-worker-0/DEBUG] [com.tterrag.registrate.AbstractRegistrate/REGISTRATE.REGISTER]: Captured registration for entry fruitsdelight:hawberry_sheet of type minecraft:item
[26Feb2026 22:11:02.035] [modloading-worker-0/DEBUG] [com.tterrag.registrate.AbstractRegistrate/REGISTRATE.REGISTER]: Captured registration for entry fruitsdelight:hawberry_stick of type minecraft:item
[26Feb2026 22:11:02.035] [modloading-worker-0/DEBUG] [com.tterrag.registrate.AbstractRegistrate/REGISTRATE.REGISTER]: Captured registration for entry fruitsdelight:orange_slice of type minecraft:item
[26Feb2026 22:11:02.040] [modloading-worker-0/DEBUG] [com.tterrag.registrate.AbstractRegistrate/REGISTRATE.REGISTER]: Captured registration for entry fruitsdelight:lemon_slice of type minecraft:item
[26Feb2026 22:11:02.041] [modloading-worker-0/DEBUG] [com.tterrag.registrate.AbstractRegistrate/REGISTRATE.REGISTER]: Captured registration for entry fruitsdelight:durian_flesh of type minecraft:item
[26Feb2026 22:11:02.041] [modloading-worker-0/DEBUG] [com.tterrag.registrate.AbstractRegistrate/REGISTRATE.REGISTER]: Captured registration for entry fruitsdelight:baked_pear of type minecraft:item
[26Feb2026 22:11:02.041] [modloading-worker-0/DEBUG] [com.tterrag.registrate.AbstractRegistrate/REGISTRATE.REGISTER]: Captured registration for entry fruitsdelight:baked_durian of type minecraft:item
[26Feb2026 22:11:02.041] [modloading-worker-0/DEBUG] [com.tterrag.registrate.AbstractRegistrate/REGISTRATE.REGISTER]: Captured registration for entry fruitsdelight:pineapple_pie of type minecraft:item
[26Feb2026 22:11:02.041] [modloading-worker-0/DEBUG] [com.tterrag.registrate.AbstractRegistrate/REGISTRATE.REGISTER]: Captured registration for entry fruitsdelight:durian_pie of type minecraft:item
[26Feb2026 22:11:02.041] [modloading-worker-0/DEBUG] [com.tterrag.registrate.AbstractRegistrate/REGISTRATE.REGISTER]: Captured registration for entry fruitsdelight:lemon_tart of type minecraft:item
[26Feb2026 22:11:02.041] [modloading-worker-0/DEBUG] [com.tterrag.registrate.AbstractRegistrate/REGISTRATE.REGISTER]: Captured registration for entry fruitsdelight:fig_tart of type minecraft:item
[26Feb2026 22:11:02.042] [modloading-worker-0/DEBUG] [com.tterrag.registrate.AbstractRegistrate/REGISTRATE.REGISTER]: Captured registration for entry fruitsdelight:mango_milkshake of type minecraft:item
[26Feb2026 22:11:02.042] [modloading-worker-0/DEBUG] [com.tterrag.registrate.AbstractRegistrate/REGISTRATE.REGISTER]: Captured registration for entry fruitsdelight:mango_salad of type minecraft:item
[26Feb2026 22:11:02.042] [modloading-worker-0/DEBUG] [com.tterrag.registrate.AbstractRegistrate/REGISTRATE.REGISTER]: Captured registration for entry fruitsdelight:dried_persimmon of type minecraft:item
[26Feb2026 22:11:02.042] [modloading-worker-0/DEBUG] [com.tterrag.registrate.AbstractRegistrate/REGISTRATE.REGISTER]: Captured registration for entry fruitsdelight:persimmon_cookie of type minecraft:item
[26Feb2026 22:11:02.042] [modloading-worker-0/DEBUG] [com.tterrag.registrate.AbstractRegistrate/REGISTRATE.REGISTER]: Captured registration for entry fruitsdelight:lemon_cookie of type minecraft:item
[26Feb2026 22:11:02.042] [modloading-worker-0/DEBUG] [com.tterrag.registrate.AbstractRegistrate/REGISTRATE.REGISTER]: Captured registration for entry fruitsdelight:cranberry_cookie of type minecraft:item
[26Feb2026 22:11:02.042] [modloading-worker-0/DEBUG] [com.tterrag.registrate.AbstractRegistrate/REGISTRATE.REGISTER]: Captured registration for entry fruitsdelight:bayberry_cookie of type minecraft:item
[26Feb2026 22:11:02.047] [modloading-worker-0/DEBUG] [com.tterrag.registrate.AbstractRegistrate/REGISTRATE.REGISTER]: Captured registration for entry fruitsdelight:mangosteen_cake of type minecraft:item
[26Feb2026 22:11:02.047] [modloading-worker-0/DEBUG] [com.tterrag.registrate.AbstractRegistrate/REGISTRATE.REGISTER]: Captured registration for entry fruitsdelight:pear_with_rock_sugar of type minecraft:item
[26Feb2026 22:11:02.047] [modloading-worker-0/DEBUG] [com.tterrag.registrate.AbstractRegistrate/REGISTRATE.REGISTER]: Captured registration for entry fruitsdelight:orange_chicken of type minecraft:item
[26Feb2026 22:11:02.047] [modloading-worker-0/DEBUG] [com.tterrag.registrate.AbstractRegistrate/REGISTRATE.REGISTER]: Captured registration for entry fruitsdelight:fig_chicken_stew of type minecraft:item
[26Feb2026 22:11:02.047] [modloading-worker-0/DEBUG] [com.tterrag.registrate.AbstractRegistrate/REGISTRATE.REGISTER]: Captured registration for entry fruitsdelight:orange_marinated_pork of type minecraft:item
[26Feb2026 22:11:02.047] [modloading-worker-0/DEBUG] [com.tterrag.registrate.AbstractRegistrate/REGISTRATE.REGISTER]: Captured registration for entry fruitsdelight:bowl_of_pineapple_fried_rice of type minecraft:item
[26Feb2026 22:11:02.048] [modloading-worker-0/DEBUG] [com.tterrag.registrate.AbstractRegistrate/REGISTRATE.REGISTER]: Captured registration for entry fruitsdelight:pineapple_marinated_pork of type minecraft:item
[26Feb2026 22:11:02.048] [modloading-worker-0/DEBUG] [com.tterrag.registrate.AbstractRegistrate/REGISTRATE.REGISTER]: Captured registration for entry fruitsdelight:lychee_chicken of type minecraft:item
[26Feb2026 22:11:02.053] [modloading-worker-0/DEBUG] [com.tterrag.registrate.AbstractRegistrate/REGISTRATE.REGISTER]: Captured registration for entry fruitsdelight:jelly_bread of type minecraft:item
[26Feb2026 22:11:02.065] [modloading-worker-0/DEBUG] [com.tterrag.registrate.AbstractRegistrate/REGISTRATE.REGISTER]: Captured registration for entry fruitsdelight:pineapple_fried_rice of type minecraft:item
[26Feb2026 22:11:02.065] [modloading-worker-0/DEBUG] [com.tterrag.registrate.AbstractRegistrate/REGISTRATE.REGISTER]: Captured registration for entry fruitsdelight:pineapple_fried_rice of type minecraft:block
[26Feb2026 22:11:02.066] [modloading-worker-0/DEBUG] [com.tterrag.registrate.AbstractRegistrate/REGISTRATE.REGISTER]: Captured registration for entry fruitsdelight:mangosteen_cake of type minecraft:block
[26Feb2026 22:11:02.071] [modloading-worker-0/DEBUG] [com.tterrag.registrate.AbstractRegistrate/REGISTRATE.REGISTER]: Captured registration for entry fruitsdelight:fig_pudding of type minecraft:item
[26Feb2026 22:11:02.071] [modloading-worker-0/DEBUG] [com.tterrag.registrate.AbstractRegistrate/REGISTRATE.REGISTER]: Captured registration for entry fruitsdelight:fig_pudding of type minecraft:block
[26Feb2026 22:11:02.072] [modloading-worker-0/DEBUG] [com.tterrag.registrate.AbstractRegistrate/REGISTRATE.REGISTER]: Captured registration for entry fruitsdelight:pear_crate of type minecraft:item
[26Feb2026 22:11:02.072] [modloading-worker-0/DEBUG] [com.tterrag.registrate.AbstractRegistrate/REGISTRATE.REGISTER]: Captured registration for entry fruitsdelight:pear_crate of type minecraft:block
[26Feb2026 22:11:02.076] [modloading-worker-0/DEBUG] [com.tterrag.registrate.AbstractRegistrate/REGISTRATE.REGISTER]: Captured registration for entry fruitsdelight:hawberry_crate of type minecraft:item
[26Feb2026 22:11:02.077] [modloading-worker-0/DEBUG] [com.tterrag.registrate.AbstractRegistrate/REGISTRATE.REGISTER]: Captured registration for entry fruitsdelight:hawberry_crate of type minecraft:block
[26Feb2026 22:11:02.077] [modloading-worker-0/DEBUG] [com.tterrag.registrate.AbstractRegistrate/REGISTRATE.REGISTER]: Captured registration for entry fruitsdelight:lychee_crate of type minecraft:item
[26Feb2026 22:11:02.077] [modloading-worker-0/DEBUG] [com.tterrag.registrate.AbstractRegistrate/REGISTRATE.REGISTER]: Captured registration for entry fruitsdelight:lychee_crate of type minecraft:block
[26Feb2026 22:11:02.077] [modloading-worker-0/DEBUG] [com.tterrag.registrate.AbstractRegistrate/REGISTRATE.REGISTER]: Captured registration for entry fruitsdelight:mango_crate of type minecraft:item
[26Feb2026 22:11:02.077] [modloading-worker-0/DEBUG] [com.tterrag.registrate.AbstractRegistrate/REGISTRATE.REGISTER]: Captured registration for entry fruitsdelight:mango_crate of type minecraft:block
[26Feb2026 22:11:02.077] [modloading-worker-0/DEBUG] [com.tterrag.registrate.AbstractRegistrate/REGISTRATE.REGISTER]: Captured registration for entry fruitsdelight:persimmon_crate of type minecraft:item
[26Feb2026 22:11:02.077] [modloading-worker-0/DEBUG] [com.tterrag.registrate.AbstractRegistrate/REGISTRATE.REGISTER]: Captured registration for entry fruitsdelight:persimmon_crate of type minecraft:block
[26Feb2026 22:11:02.077] [modloading-worker-0/DEBUG] [com.tterrag.registrate.AbstractRegistrate/REGISTRATE.REGISTER]: Captured registration for entry fruitsdelight:peach_crate of type minecraft:item
[26Feb2026 22:11:02.077] [modloading-worker-0/DEBUG] [com.tterrag.registrate.AbstractRegistrate/REGISTRATE.REGISTER]: Captured registration for entry fruitsdelight:peach_crate of type minecraft:block
[26Feb2026 22:11:02.077] [modloading-worker-0/DEBUG] [com.tterrag.registrate.AbstractRegistrate/REGISTRATE.REGISTER]: Captured registration for entry fruitsdelight:orange_crate of type minecraft:item
[26Feb2026 22:11:02.078] [modloading-worker-0/DEBUG] [com.tterrag.registrate.AbstractRegistrate/REGISTRATE.REGISTER]: Captured registration for entry fruitsdelight:orange_crate of type minecraft:block
[26Feb2026 22:11:02.078] [modloading-worker-0/DEBUG] [com.tterrag.registrate.AbstractRegistrate/REGISTRATE.REGISTER]: Captured registration for entry fruitsdelight:mangosteen_crate of type minecraft:item
[26Feb2026 22:11:02.078] [modloading-worker-0/DEBUG] [com.tterrag.registrate.AbstractRegistrate/REGISTRATE.REGISTER]: Captured registration for entry fruitsdelight:mangosteen_crate of type minecraft:block
[26Feb2026 22:11:02.078] [modloading-worker-0/DEBUG] [com.tterrag.registrate.AbstractRegistrate/REGISTRATE.REGISTER]: Captured registration for entry fruitsdelight:bayberry_crate of type minecraft:item
[26Feb2026 22:11:02.078] [modloading-worker-0/DEBUG] [com.tterrag.registrate.AbstractRegistrate/REGISTRATE.REGISTER]: Captured registration for entry fruitsdelight:bayberry_crate of type minecraft:block
[26Feb2026 22:11:02.078] [modloading-worker-0/DEBUG] [com.tterrag.registrate.AbstractRegistrate/REGISTRATE.REGISTER]: Captured registration for entry fruitsdelight:kiwi_crate of type minecraft:item
[26Feb2026 22:11:02.078] [modloading-worker-0/DEBUG] [com.tterrag.registrate.AbstractRegistrate/REGISTRATE.REGISTER]: Captured registration for entry fruitsdelight:kiwi_crate of type minecraft:block
[26Feb2026 22:11:02.078] [modloading-worker-0/DEBUG] [com.tterrag.registrate.AbstractRegistrate/REGISTRATE.REGISTER]: Captured registration for entry fruitsdelight:fig_crate of type minecraft:item
[26Feb2026 22:11:02.078] [modloading-worker-0/DEBUG] [com.tterrag.registrate.AbstractRegistrate/REGISTRATE.REGISTER]: Captured registration for entry fruitsdelight:fig_crate of type minecraft:block
[26Feb2026 22:11:02.083] [modloading-worker-0/DEBUG] [com.tterrag.registrate.AbstractRegistrate/REGISTRATE.REGISTER]: Captured registration for entry fruitsdelight:blueberry_crate of type minecraft:item
[26Feb2026 22:11:02.083] [modloading-worker-0/DEBUG] [com.tterrag.registrate.AbstractRegistrate/REGISTRATE.REGISTER]: Captured registration for entry fruitsdelight:blueberry_crate of type minecraft:block
[26Feb2026 22:11:02.083] [modloading-worker-0/DEBUG] [com.tterrag.registrate.AbstractRegistrate/REGISTRATE.REGISTER]: Captured registration for entry fruitsdelight:lemon_crate of type minecraft:item
[26Feb2026 22:11:02.083] [modloading-worker-0/DEBUG] [com.tterrag.registrate.AbstractRegistrate/REGISTRATE.REGISTER]: Captured registration for entry fruitsdelight:lemon_crate of type minecraft:block
[26Feb2026 22:11:02.083] [modloading-worker-0/DEBUG] [com.tterrag.registrate.AbstractRegistrate/REGISTRATE.REGISTER]: Captured registration for entry fruitsdelight:cranberry_crate of type minecraft:item
[26Feb2026 22:11:02.083] [modloading-worker-0/DEBUG] [com.tterrag.registrate.AbstractRegistrate/REGISTRATE.REGISTER]: Captured registration for entry fruitsdelight:cranberry_crate of type minecraft:block
[26Feb2026 22:11:02.083] [modloading-worker-0/DEBUG] [com.tterrag.registrate.AbstractRegistrate/REGISTRATE.REGISTER]: Captured registration for entry fruitsdelight:pineapple_crate of type minecraft:item
[26Feb2026 22:11:02.084] [modloading-worker-0/DEBUG] [com.tterrag.registrate.AbstractRegistrate/REGISTRATE.REGISTER]: Captured registration for entry fruitsdelight:pineapple_crate of type minecraft:block
[26Feb2026 22:11:02.084] [modloading-worker-0/DEBUG] [com.tterrag.registrate.AbstractRegistrate/REGISTRATE.REGISTER]: Captured registration for entry fruitsdelight:apple_crate of type minecraft:item
[26Feb2026 22:11:02.084] [modloading-worker-0/DEBUG] [com.tterrag.registrate.AbstractRegistrate/REGISTRATE.REGISTER]: Captured registration for entry fruitsdelight:apple_crate of type minecraft:block
[26Feb2026 22:11:02.090] [modloading-worker-0/DEBUG] [com.tterrag.registrate.AbstractRegistrate/REGISTRATE.REGISTER]: Captured registration for entry fruitsdelight:apple_jelly_block of type minecraft:item
[26Feb2026 22:11:02.090] [modloading-worker-0/DEBUG] [com.tterrag.registrate.AbstractRegistrate/REGISTRATE.REGISTER]: Captured registration for entry fruitsdelight:apple_jelly_block of type minecraft:block
[26Feb2026 22:11:02.090] [modloading-worker-0/DEBUG] [com.tterrag.registrate.AbstractRegistrate/REGISTRATE.REGISTER]: Captured registration for entry fruitsdelight:blueberry_jelly_block of type minecraft:item
[26Feb2026 22:11:02.090] [modloading-worker-0/DEBUG] [com.tterrag.registrate.AbstractRegistrate/REGISTRATE.REGISTER]: Captured registration for entry fruitsdelight:blueberry_jelly_block of type minecraft:block
[26Feb2026 22:11:02.090] [modloading-worker-0/DEBUG] [com.tterrag.registrate.AbstractRegistrate/REGISTRATE.REGISTER]: Captured registration for entry fruitsdelight:glowberry_jelly_block of type minecraft:item
[26Feb2026 22:11:02.090] [modloading-worker-0/DEBUG] [com.tterrag.registrate.AbstractRegistrate/REGISTRATE.REGISTER]: Captured registration for entry fruitsdelight:glowberry_jelly_block of type minecraft:block
[26Feb2026 22:11:02.090] [modloading-worker-0/DEBUG] [com.tterrag.registrate.AbstractRegistrate/REGISTRATE.REGISTER]: Captured registration for entry fruitsdelight:hamimelon_jelly_block of type minecraft:item
[26Feb2026 22:11:02.090] [modloading-worker-0/DEBUG] [com.tterrag.registrate.AbstractRegistrate/REGISTRATE.REGISTER]: Captured registration for entry fruitsdelight:hamimelon_jelly_block of type minecraft:block
[26Feb2026 22:11:02.094] [modloading-worker-0/DEBUG] [com.tterrag.registrate.AbstractRegistrate/REGISTRATE.REGISTER]: Captured registration for entry fruitsdelight:melon_jelly_block of type minecraft:item
[26Feb2026 22:11:02.094] [modloading-worker-0/DEBUG] [com.tterrag.registrate.AbstractRegistrate/REGISTRATE.REGISTER]: Captured registration for entry fruitsdelight:melon_jelly_block of type minecraft:block
[26Feb2026 22:11:02.095] [modloading-worker-0/DEBUG] [com.tterrag.registrate.AbstractRegistrate/REGISTRATE.REGISTER]: Captured registration for entry fruitsdelight:hawberry_jelly_block of type minecraft:item
[26Feb2026 22:11:02.095] [modloading-worker-0/DEBUG] [com.tterrag.registrate.AbstractRegistrate/REGISTRATE.REGISTER]: Captured registration for entry fruitsdelight:hawberry_jelly_block of type minecraft:block
[26Feb2026 22:11:02.095] [modloading-worker-0/DEBUG] [com.tterrag.registrate.AbstractRegistrate/REGISTRATE.REGISTER]: Captured registration for entry fruitsdelight:lychee_jelly_block of type minecraft:item
[26Feb2026 22:11:02.095] [modloading-worker-0/DEBUG] [com.tterrag.registrate.AbstractRegistrate/REGISTRATE.REGISTER]: Captured registration for entry fruitsdelight:lychee_jelly_block of type minecraft:block
[26Feb2026 22:11:02.095] [modloading-worker-0/DEBUG] [com.tterrag.registrate.AbstractRegistrate/REGISTRATE.REGISTER]: Captured registration for entry fruitsdelight:mango_jelly_block of type minecraft:item
[26Feb2026 22:11:02.095] [modloading-worker-0/DEBUG] [com.tterrag.registrate.AbstractRegistrate/REGISTRATE.REGISTER]: Captured registration for entry fruitsdelight:mango_jelly_block of type minecraft:block
[26Feb2026 22:11:02.095] [modloading-worker-0/DEBUG] [com.tterrag.registrate.AbstractRegistrate/REGISTRATE.REGISTER]: Captured registration for entry fruitsdelight:orange_jelly_block of type minecraft:item
[26Feb2026 22:11:02.095] [modloading-worker-0/DEBUG] [com.tterrag.registrate.AbstractRegistrate/REGISTRATE.REGISTER]: Captured registration for entry fruitsdelight:orange_jelly_block of type minecraft:block
[26Feb2026 22:11:02.095] [modloading-worker-0/DEBUG] [com.tterrag.registrate.AbstractRegistrate/REGISTRATE.REGISTER]: Captured registration for entry fruitsdelight:peach_jelly_block of type minecraft:item
[26Feb2026 22:11:02.095] [modloading-worker-0/DEBUG] [com.tterrag.registrate.AbstractRegistrate/REGISTRATE.REGISTER]: Captured registration for entry fruitsdelight:peach_jelly_block of type minecraft:block
[26Feb2026 22:11:02.096] [modloading-worker-0/DEBUG] [com.tterrag.registrate.AbstractRegistrate/REGISTRATE.REGISTER]: Captured registration for entry fruitsdelight:pear_jelly_block of type minecraft:item
[26Feb2026 22:11:02.096] [modloading-worker-0/DEBUG] [com.tterrag.registrate.AbstractRegistrate/REGISTRATE.REGISTER]: Captured registration for entry fruitsdelight:pear_jelly_block of type minecraft:block
[26Feb2026 22:11:02.096] [modloading-worker-0/DEBUG] [com.tterrag.registrate.AbstractRegistrate/REGISTRATE.REGISTER]: Captured registration for entry fruitsdelight:persimmon_jelly_block of type minecraft:item
[26Feb2026 22:11:02.096] [modloading-worker-0/DEBUG] [com.tterrag.registrate.AbstractRegistrate/REGISTRATE.REGISTER]: Captured registration for entry fruitsdelight:persimmon_jelly_block of type minecraft:block
[26Feb2026 22:11:02.096] [modloading-worker-0/DEBUG] [com.tterrag.registrate.AbstractRegistrate/REGISTRATE.REGISTER]: Captured registration for entry fruitsdelight:pineapple_jelly_block of type minecraft:item
[26Feb2026 22:11:02.096] [modloading-worker-0/DEBUG] [com.tterrag.registrate.AbstractRegistrate/REGISTRATE.REGISTER]: Captured registration for entry fruitsdelight:pineapple_jelly_block of type minecraft:block
[26Feb2026 22:11:02.096] [modloading-worker-0/DEBUG] [com.tterrag.registrate.AbstractRegistrate/REGISTRATE.REGISTER]: Captured registration for entry fruitsdelight:lemon_jelly_block of type minecraft:item
[26Feb2026 22:11:02.096] [modloading-worker-0/DEBUG] [com.tterrag.registrate.AbstractRegistrate/REGISTRATE.REGISTER]: Captured registration for entry fruitsdelight:lemon_jelly_block of type minecraft:block
[26Feb2026 22:11:02.096] [modloading-worker-0/DEBUG] [com.tterrag.registrate.AbstractRegistrate/REGISTRATE.REGISTER]: Captured registration for entry fruitsdelight:cranberry_jelly_block of type minecraft:item
[26Feb2026 22:11:02.100] [modloading-worker-0/DEBUG] [com.tterrag.registrate.AbstractRegistrate/REGISTRATE.REGISTER]: Captured registration for entry fruitsdelight:cranberry_jelly_block of type minecraft:block
[26Feb2026 22:11:02.101] [modloading-worker-0/DEBUG] [com.tterrag.registrate.AbstractRegistrate/REGISTRATE.REGISTER]: Captured registration for entry fruitsdelight:mangosteen_jelly_block of type minecraft:item
[26Feb2026 22:11:02.101] [modloading-worker-0/DEBUG] [com.tterrag.registrate.AbstractRegistrate/REGISTRATE.REGISTER]: Captured registration for entry fruitsdelight:mangosteen_jelly_block of type minecraft:block
[26Feb2026 22:11:02.101] [modloading-worker-0/DEBUG] [com.tterrag.registrate.AbstractRegistrate/REGISTRATE.REGISTER]: Captured registration for entry fruitsdelight:sweetberry_jelly_block of type minecraft:item
[26Feb2026 22:11:02.101] [modloading-worker-0/DEBUG] [com.tterrag.registrate.AbstractRegistrate/REGISTRATE.REGISTER]: Captured registration for entry fruitsdelight:sweetberry_jelly_block of type minecraft:block
[26Feb2026 22:11:02.101] [modloading-worker-0/DEBUG] [com.tterrag.registrate.AbstractRegistrate/REGISTRATE.REGISTER]: Captured registration for entry fruitsdelight:chorus_jelly_block of type minecraft:item
[26Feb2026 22:11:02.101] [modloading-worker-0/DEBUG] [com.tterrag.registrate.AbstractRegistrate/REGISTRATE.REGISTER]: Captured registration for entry fruitsdelight:chorus_jelly_block of type minecraft:block
[26Feb2026 22:11:02.101] [modloading-worker-0/DEBUG] [com.tterrag.registrate.AbstractRegistrate/REGISTRATE.REGISTER]: Captured registration for entry fruitsdelight:bayberry_jelly_block of type minecraft:item
[26Feb2026 22:11:02.101] [modloading-worker-0/DEBUG] [com.tterrag.registrate.AbstractRegistrate/REGISTRATE.REGISTER]: Captured registration for entry fruitsdelight:bayberry_jelly_block of type minecraft:block
[26Feb2026 22:11:02.101] [modloading-worker-0/DEBUG] [com.tterrag.registrate.AbstractRegistrate/REGISTRATE.REGISTER]: Captured registration for entry fruitsdelight:kiwi_jelly_block of type minecraft:item
[26Feb2026 22:11:02.101] [modloading-worker-0/DEBUG] [com.tterrag.registrate.AbstractRegistrate/REGISTRATE.REGISTER]: Captured registration for entry fruitsdelight:kiwi_jelly_block of type minecraft:block
[26Feb2026 22:11:02.102] [modloading-worker-0/DEBUG] [com.tterrag.registrate.AbstractRegistrate/REGISTRATE.REGISTER]: Captured registration for entry fruitsdelight:fig_jelly_block of type minecraft:item
[26Feb2026 22:11:02.102] [modloading-worker-0/DEBUG] [com.tterrag.registrate.AbstractRegistrate/REGISTRATE.REGISTER]: Captured registration for entry fruitsdelight:fig_jelly_block of type minecraft:block
[26Feb2026 22:11:02.102] [modloading-worker-0/DEBUG] [com.tterrag.registrate.AbstractRegistrate/REGISTRATE.REGISTER]: Captured registration for entry fruitsdelight:durian_jelly_block of type minecraft:item
[26Feb2026 22:11:02.102] [modloading-worker-0/DEBUG] [com.tterrag.registrate.AbstractRegistrate/REGISTRATE.REGISTER]: Captured registration for entry fruitsdelight:durian_jelly_block of type minecraft:block
[26Feb2026 22:11:02.109] [modloading-worker-0/DEBUG] [com.tterrag.registrate.AbstractRegistrate/REGISTRATE.REGISTER]: Captured registration for entry fruitsdelight:apple_jello_block of type minecraft:item
[26Feb2026 22:11:02.109] [modloading-worker-0/DEBUG] [com.tterrag.registrate.AbstractRegistrate/REGISTRATE.REGISTER]: Captured registration for entry fruitsdelight:apple_jello_block of type minecraft:block
[26Feb2026 22:11:02.109] [modloading-worker-0/DEBUG] [com.tterrag.registrate.AbstractRegistrate/REGISTRATE.REGISTER]: Captured registration for entry fruitsdelight:blueberry_jello_block of type minecraft:item
[26Feb2026 22:11:02.109] [modloading-worker-0/DEBUG] [com.tterrag.registrate.AbstractRegistrate/REGISTRATE.REGISTER]: Captured registration for entry fruitsdelight:blueberry_jello_block of type minecraft:block
[26Feb2026 22:11:02.111] [modloading-worker-0/DEBUG] [com.tterrag.registrate.AbstractRegistrate/REGISTRATE.REGISTER]: Captured registration for entry fruitsdelight:glowberry_jello_block of type minecraft:item
[26Feb2026 22:11:02.111] [modloading-worker-0/DEBUG] [com.tterrag.registrate.AbstractRegistrate/REGISTRATE.REGISTER]: Captured registration for entry fruitsdelight:glowberry_jello_block of type minecraft:block
[26Feb2026 22:11:02.112] [modloading-worker-0/DEBUG] [com.tterrag.registrate.AbstractRegistrate/REGISTRATE.REGISTER]: Captured registration for entry fruitsdelight:hamimelon_jello_block of type minecraft:item
[26Feb2026 22:11:02.112] [modloading-worker-0/DEBUG] [com.tterrag.registrate.AbstractRegistrate/REGISTRATE.REGISTER]: Captured registration for entry fruitsdelight:hamimelon_jello_block of type minecraft:block
[26Feb2026 22:11:02.112] [modloading-worker-0/DEBUG] [com.tterrag.registrate.AbstractRegistrate/REGISTRATE.REGISTER]: Captured registration for entry fruitsdelight:melon_jello_block of type minecraft:item
[26Feb2026 22:11:02.112] [modloading-worker-0/DEBUG] [com.tterrag.registrate.AbstractRegistrate/REGISTRATE.REGISTER]: Captured registration for entry fruitsdelight:melon_jello_block of type minecraft:block
[26Feb2026 22:11:02.112] [modloading-worker-0/DEBUG] [com.tterrag.registrate.AbstractRegistrate/REGISTRATE.REGISTER]: Captured registration for entry fruitsdelight:hawberry_jello_block of type minecraft:item
[26Feb2026 22:11:02.112] [modloading-worker-0/DEBUG] [com.tterrag.registrate.AbstractRegistrate/REGISTRATE.REGISTER]: Captured registration for entry fruitsdelight:hawberry_jello_block of type minecraft:block
[26Feb2026 22:11:02.112] [modloading-worker-0/DEBUG] [com.tterrag.registrate.AbstractRegistrate/REGISTRATE.REGISTER]: Captured registration for entry fruitsdelight:lychee_jello_block of type minecraft:item
[26Feb2026 22:11:02.112] [modloading-worker-0/DEBUG] [com.tterrag.registrate.AbstractRegistrate/REGISTRATE.REGISTER]: Captured registration for entry fruitsdelight:lychee_jello_block of type minecraft:block
[26Feb2026 22:11:02.112] [modloading-worker-0/DEBUG] [com.tterrag.registrate.AbstractRegistrate/REGISTRATE.REGISTER]: Captured registration for entry fruitsdelight:mango_jello_block of type minecraft:item
[26Feb2026 22:11:02.117] [modloading-worker-0/DEBUG] [com.tterrag.registrate.AbstractRegistrate/REGISTRATE.REGISTER]: Captured registration for entry fruitsdelight:mango_jello_block of type minecraft:block
[26Feb2026 22:11:02.118] [modloading-worker-0/DEBUG] [com.tterrag.registrate.AbstractRegistrate/REGISTRATE.REGISTER]: Captured registration for entry fruitsdelight:orange_jello_block of type minecraft:item
[26Feb2026 22:11:02.118] [modloading-worker-0/DEBUG] [com.tterrag.registrate.AbstractRegistrate/REGISTRATE.REGISTER]: Captured registration for entry fruitsdelight:orange_jello_block of type minecraft:block
[26Feb2026 22:11:02.118] [modloading-worker-0/DEBUG] [com.tterrag.registrate.AbstractRegistrate/REGISTRATE.REGISTER]: Captured registration for entry fruitsdelight:peach_jello_block of type minecraft:item
[26Feb2026 22:11:02.118] [modloading-worker-0/DEBUG] [com.tterrag.registrate.AbstractRegistrate/REGISTRATE.REGISTER]: Captured registration for entry fruitsdelight:peach_jello_block of type minecraft:block
[26Feb2026 22:11:02.118] [modloading-worker-0/DEBUG] [com.tterrag.registrate.AbstractRegistrate/REGISTRATE.REGISTER]: Captured registration for entry fruitsdelight:pear_jello_block of type minecraft:item
[26Feb2026 22:11:02.118] [modloading-worker-0/DEBUG] [com.tterrag.registrate.AbstractRegistrate/REGISTRATE.REGISTER]: Captured registration for entry fruitsdelight:pear_jello_block of type minecraft:block
[26Feb2026 22:11:02.118] [modloading-worker-0/DEBUG] [com.tterrag.registrate.AbstractRegistrate/REGISTRATE.REGISTER]: Captured registration for entry fruitsdelight:persimmon_jello_block of type minecraft:item
[26Feb2026 22:11:02.118] [modloading-worker-0/DEBUG] [com.tterrag.registrate.AbstractRegistrate/REGISTRATE.REGISTER]: Captured registration for entry fruitsdelight:persimmon_jello_block of type minecraft:block
[26Feb2026 22:11:02.118] [modloading-worker-0/DEBUG] [com.tterrag.registrate.AbstractRegistrate/REGISTRATE.REGISTER]: Captured registration for entry fruitsdelight:pineapple_jello_block of type minecraft:item
[26Feb2026 22:11:02.118] [modloading-worker-0/DEBUG] [com.tterrag.registrate.AbstractRegistrate/REGISTRATE.REGISTER]: Captured registration for entry fruitsdelight:pineapple_jello_block of type minecraft:block
[26Feb2026 22:11:02.118] [modloading-worker-0/DEBUG] [com.tterrag.registrate.AbstractRegistrate/REGISTRATE.REGISTER]: Captured registration for entry fruitsdelight:lemon_jello_block of type minecraft:item
[26Feb2026 22:11:02.119] [modloading-worker-0/DEBUG] [com.tterrag.registrate.AbstractRegistrate/REGISTRATE.REGISTER]: Captured registration for entry fruitsdelight:lemon_jello_block of type minecraft:block
[26Feb2026 22:11:02.119] [modloading-worker-0/DEBUG] [com.tterrag.registrate.AbstractRegistrate/REGISTRATE.REGISTER]: Captured registration for entry fruitsdelight:cranberry_jello_block of type minecraft:item
[26Feb2026 22:11:02.119] [modloading-worker-0/DEBUG] [com.tterrag.registrate.AbstractRegistrate/REGISTRATE.REGISTER]: Captured registration for entry fruitsdelight:cranberry_jello_block of type minecraft:block
[26Feb2026 22:11:02.119] [modloading-worker-0/DEBUG] [com.tterrag.registrate.AbstractRegistrate/REGISTRATE.REGISTER]: Captured registration for entry fruitsdelight:mangosteen_jello_block of type minecraft:item
[26Feb2026 22:11:02.119] [modloading-worker-0/DEBUG] [com.tterrag.registrate.AbstractRegistrate/REGISTRATE.REGISTER]: Captured registration for entry fruitsdelight:mangosteen_jello_block of type minecraft:block
[26Feb2026 22:11:02.119] [modloading-worker-0/DEBUG] [com.tterrag.registrate.AbstractRegistrate/REGISTRATE.REGISTER]: Captured registration for entry fruitsdelight:sweetberry_jello_block of type minecraft:item
[26Feb2026 22:11:02.119] [modloading-worker-0/DEBUG] [com.tterrag.registrate.AbstractRegistrate/REGISTRATE.REGISTER]: Captured registration for entry fruitsdelight:sweetberry_jello_block of type minecraft:block
[26Feb2026 22:11:02.119] [modloading-worker-0/DEBUG] [com.tterrag.registrate.AbstractRegistrate/REGISTRATE.REGISTER]: Captured registration for entry fruitsdelight:chorus_jello_block of type minecraft:item
[26Feb2026 22:11:02.119] [modloading-worker-0/DEBUG] [com.tterrag.registrate.AbstractRegistrate/REGISTRATE.REGISTER]: Captured registration for entry fruitsdelight:chorus_jello_block of type minecraft:block
[26Feb2026 22:11:02.123] [modloading-worker-0/DEBUG] [com.tterrag.registrate.AbstractRegistrate/REGISTRATE.REGISTER]: Captured registration for entry fruitsdelight:bayberry_jello_block of type minecraft:item
[26Feb2026 22:11:02.123] [modloading-worker-0/DEBUG] [com.tterrag.registrate.AbstractRegistrate/REGISTRATE.REGISTER]: Captured registration for entry fruitsdelight:bayberry_jello_block of type minecraft:block
[26Feb2026 22:11:02.123] [modloading-worker-0/DEBUG] [com.tterrag.registrate.AbstractRegistrate/REGISTRATE.REGISTER]: Captured registration for entry fruitsdelight:kiwi_jello_block of type minecraft:item
[26Feb2026 22:11:02.123] [modloading-worker-0/DEBUG] [com.tterrag.registrate.AbstractRegistrate/REGISTRATE.REGISTER]: Captured registration for entry fruitsdelight:kiwi_jello_block of type minecraft:block
[26Feb2026 22:11:02.123] [modloading-worker-0/DEBUG] [com.tterrag.registrate.AbstractRegistrate/REGISTRATE.REGISTER]: Captured registration for entry fruitsdelight:fig_jello_block of type minecraft:item
[26Feb2026 22:11:02.123] [modloading-worker-0/DEBUG] [com.tterrag.registrate.AbstractRegistrate/REGISTRATE.REGISTER]: Captured registration for entry fruitsdelight:fig_jello_block of type minecraft:block
[26Feb2026 22:11:02.123] [modloading-worker-0/DEBUG] [com.tterrag.registrate.AbstractRegistrate/REGISTRATE.REGISTER]: Captured registration for entry fruitsdelight:durian_jello_block of type minecraft:item
[26Feb2026 22:11:02.123] [modloading-worker-0/DEBUG] [com.tterrag.registrate.AbstractRegistrate/REGISTRATE.REGISTER]: Captured registration for entry fruitsdelight:durian_jello_block of type minecraft:block
[26Feb2026 22:11:02.134] [modloading-worker-0/DEBUG] [com.tterrag.registrate.AbstractRegistrate/REGISTRATE.REGISTER]: Captured registration for entry fruitsdelight:lemonade_cauldron of type minecraft:item
[26Feb2026 22:11:02.134] [modloading-worker-0/DEBUG] [com.tterrag.registrate.AbstractRegistrate/REGISTRATE.REGISTER]: Captured registration for entry fruitsdelight:lemonade_cauldron of type minecraft:block
[26Feb2026 22:11:02.134] [modloading-worker-0/DEBUG] [com.tterrag.registrate.AbstractRegistrate/REGISTRATE.REGISTER]: Captured registration for entry fruitsdelight:apple_cauldron of type minecraft:item
[26Feb2026 22:11:02.140] [modloading-worker-0/DEBUG] [com.tterrag.registrate.AbstractRegistrate/REGISTRATE.REGISTER]: Captured registration for entry fruitsdelight:apple_cauldron of type minecraft:block
[26Feb2026 22:11:02.141] [modloading-worker-0/DEBUG] [com.tterrag.registrate.AbstractRegistrate/REGISTRATE.REGISTER]: Captured registration for entry fruitsdelight:apple_jelly_cauldron of type minecraft:item
[26Feb2026 22:11:02.141] [modloading-worker-0/DEBUG] [com.tterrag.registrate.AbstractRegistrate/REGISTRATE.REGISTER]: Captured registration for entry fruitsdelight:apple_jelly_cauldron of type minecraft:block
[26Feb2026 22:11:02.141] [modloading-worker-0/DEBUG] [com.tterrag.registrate.AbstractRegistrate/REGISTRATE.REGISTER]: Captured registration for entry fruitsdelight:apple_jello_cauldron of type minecraft:item
[26Feb2026 22:11:02.141] [modloading-worker-0/DEBUG] [com.tterrag.registrate.AbstractRegistrate/REGISTRATE.REGISTER]: Captured registration for entry fruitsdelight:apple_jello_cauldron of type minecraft:block
[26Feb2026 22:11:02.141] [modloading-worker-0/DEBUG] [com.tterrag.registrate.AbstractRegistrate/REGISTRATE.REGISTER]: Captured registration for entry fruitsdelight:blueberry_cauldron of type minecraft:item
[26Feb2026 22:11:02.142] [modloading-worker-0/DEBUG] [com.tterrag.registrate.AbstractRegistrate/REGISTRATE.REGISTER]: Captured registration for entry fruitsdelight:blueberry_cauldron of type minecraft:block
[26Feb2026 22:11:02.142] [modloading-worker-0/DEBUG] [com.tterrag.registrate.AbstractRegistrate/REGISTRATE.REGISTER]: Captured registration for entry fruitsdelight:blueberry_jelly_cauldron of type minecraft:item
[26Feb2026 22:11:02.142] [modloading-worker-0/DEBUG] [com.tterrag.registrate.AbstractRegistrate/REGISTRATE.REGISTER]: Captured registration for entry fruitsdelight:blueberry_jelly_cauldron of type minecraft:block
[26Feb2026 22:11:02.142] [modloading-worker-0/DEBUG] [com.tterrag.registrate.AbstractRegistrate/REGISTRATE.REGISTER]: Captured registration for entry fruitsdelight:blueberry_jello_cauldron of type minecraft:item
[26Feb2026 22:11:02.142] [modloading-worker-0/DEBUG] [com.tterrag.registrate.AbstractRegistrate/REGISTRATE.REGISTER]: Captured registration for entry fruitsdelight:blueberry_jello_cauldron of type minecraft:block
[26Feb2026 22:11:02.142] [modloading-worker-0/DEBUG] [com.tterrag.registrate.AbstractRegistrate/REGISTRATE.REGISTER]: Captured registration for entry fruitsdelight:glowberry_cauldron of type minecraft:item
[26Feb2026 22:11:02.142] [modloading-worker-0/DEBUG] [com.tterrag.registrate.AbstractRegistrate/REGISTRATE.REGISTER]: Captured registration for entry fruitsdelight:glowberry_cauldron of type minecraft:block
[26Feb2026 22:11:02.142] [modloading-worker-0/DEBUG] [com.tterrag.registrate.AbstractRegistrate/REGISTRATE.REGISTER]: Captured registration for entry fruitsdelight:glowberry_jelly_cauldron of type minecraft:item
[26Feb2026 22:11:02.142] [modloading-worker-0/DEBUG] [com.tterrag.registrate.AbstractRegistrate/REGISTRATE.REGISTER]: Captured registration for entry fruitsdelight:glowberry_jelly_cauldron of type minecraft:block
[26Feb2026 22:11:02.146] [modloading-worker-0/DEBUG] [com.tterrag.registrate.AbstractRegistrate/REGISTRATE.REGISTER]: Captured registration for entry fruitsdelight:glowberry_jello_cauldron of type minecraft:item
[26Feb2026 22:11:02.147] [modloading-worker-0/DEBUG] [com.tterrag.registrate.AbstractRegistrate/REGISTRATE.REGISTER]: Captured registration for entry fruitsdelight:glowberry_jello_cauldron of type minecraft:block
[26Feb2026 22:11:02.147] [modloading-worker-0/DEBUG] [com.tterrag.registrate.AbstractRegistrate/REGISTRATE.REGISTER]: Captured registration for entry fruitsdelight:hamimelon_cauldron of type minecraft:item
[26Feb2026 22:11:02.147] [modloading-worker-0/DEBUG] [com.tterrag.registrate.AbstractRegistrate/REGISTRATE.REGISTER]: Captured registration for entry fruitsdelight:hamimelon_cauldron of type minecraft:block
[26Feb2026 22:11:02.147] [modloading-worker-0/DEBUG] [com.tterrag.registrate.AbstractRegistrate/REGISTRATE.REGISTER]: Captured registration for entry fruitsdelight:hamimelon_jelly_cauldron of type minecraft:item
[26Feb2026 22:11:02.147] [modloading-worker-0/DEBUG] [com.tterrag.registrate.AbstractRegistrate/REGISTRATE.REGISTER]: Captured registration for entry fruitsdelight:hamimelon_jelly_cauldron of type minecraft:block
[26Feb2026 22:11:02.147] [modloading-worker-0/DEBUG] [com.tterrag.registrate.AbstractRegistrate/REGISTRATE.REGISTER]: Captured registration for entry fruitsdelight:hamimelon_jello_cauldron of type minecraft:item
[26Feb2026 22:11:02.147] [modloading-worker-0/DEBUG] [com.tterrag.registrate.AbstractRegistrate/REGISTRATE.REGISTER]: Captured registration for entry fruitsdelight:hamimelon_jello_cauldron of type minecraft:block
[26Feb2026 22:11:02.147] [modloading-worker-0/DEBUG] [com.tterrag.registrate.AbstractRegistrate/REGISTRATE.REGISTER]: Captured registration for entry fruitsdelight:melon_cauldron of type minecraft:item
[26Feb2026 22:11:02.147] [modloading-worker-0/DEBUG] [com.tterrag.registrate.AbstractRegistrate/REGISTRATE.REGISTER]: Captured registration for entry fruitsdelight:melon_cauldron of type minecraft:block
[26Feb2026 22:11:02.148] [modloading-worker-0/DEBUG] [com.tterrag.registrate.AbstractRegistrate/REGISTRATE.REGISTER]: Captured registration for entry fruitsdelight:melon_jelly_cauldron of type minecraft:item
[26Feb2026 22:11:02.148] [modloading-worker-0/DEBUG] [com.tterrag.registrate.AbstractRegistrate/REGISTRATE.REGISTER]: Captured registration for entry fruitsdelight:melon_jelly_cauldron of type minecraft:block
[26Feb2026 22:11:02.148] [modloading-worker-0/DEBUG] [com.tterrag.registrate.AbstractRegistrate/REGISTRATE.REGISTER]: Captured registration for entry fruitsdelight:melon_jello_cauldron of type minecraft:item
[26Feb2026 22:11:02.148] [modloading-worker-0/DEBUG] [com.tterrag.registrate.AbstractRegistrate/REGISTRATE.REGISTER]: Captured registration for entry fruitsdelight:melon_jello_cauldron of type minecraft:block
[26Feb2026 22:11:02.148] [modloading-worker-0/DEBUG] [com.tterrag.registrate.AbstractRegistrate/REGISTRATE.REGISTER]: Captured registration for entry fruitsdelight:hawberry_cauldron of type minecraft:item
[26Feb2026 22:11:02.148] [modloading-worker-0/DEBUG] [com.tterrag.registrate.AbstractRegistrate/REGISTRATE.REGISTER]: Captured registration for entry fruitsdelight:hawberry_cauldron of type minecraft:block
[26Feb2026 22:11:02.148] [modloading-worker-0/DEBUG] [com.tterrag.registrate.AbstractRegistrate/REGISTRATE.REGISTER]: Captured registration for entry fruitsdelight:hawberry_jelly_cauldron of type minecraft:item
[26Feb2026 22:11:02.148] [modloading-worker-0/DEBUG] [com.tterrag.registrate.AbstractRegistrate/REGISTRATE.REGISTER]: Captured registration for entry fruitsdelight:hawberry_jelly_cauldron of type minecraft:block
[26Feb2026 22:11:02.152] [modloading-worker-0/DEBUG] [com.tterrag.registrate.AbstractRegistrate/REGISTRATE.REGISTER]: Captured registration for entry fruitsdelight:hawberry_jello_cauldron of type minecraft:item
[26Feb2026 22:11:02.153] [modloading-worker-0/DEBUG] [com.tterrag.registrate.AbstractRegistrate/REGISTRATE.REGISTER]: Captured registration for entry fruitsdelight:hawberry_jello_cauldron of type minecraft:block
[26Feb2026 22:11:02.153] [modloading-worker-0/DEBUG] [com.tterrag.registrate.AbstractRegistrate/REGISTRATE.REGISTER]: Captured registration for entry fruitsdelight:lychee_cauldron of type minecraft:item
[26Feb2026 22:11:02.153] [modloading-worker-0/DEBUG] [com.tterrag.registrate.AbstractRegistrate/REGISTRATE.REGISTER]: Captured registration for entry fruitsdelight:lychee_cauldron of type minecraft:block
[26Feb2026 22:11:02.153] [modloading-worker-0/DEBUG] [com.tterrag.registrate.AbstractRegistrate/REGISTRATE.REGISTER]: Captured registration for entry fruitsdelight:lychee_jelly_cauldron of type minecraft:item
[26Feb2026 22:11:02.153] [modloading-worker-0/DEBUG] [com.tterrag.registrate.AbstractRegistrate/REGISTRATE.REGISTER]: Captured registration for entry fruitsdelight:lychee_jelly_cauldron of type minecraft:block
[26Feb2026 22:11:02.153] [modloading-worker-0/DEBUG] [com.tterrag.registrate.AbstractRegistrate/REGISTRATE.REGISTER]: Captured registration for entry fruitsdelight:lychee_jello_cauldron of type minecraft:item
[26Feb2026 22:11:02.153] [modloading-worker-0/DEBUG] [com.tterrag.registrate.AbstractRegistrate/REGISTRATE.REGISTER]: Captured registration for entry fruitsdelight:lychee_jello_cauldron of type minecraft:block
[26Feb2026 22:11:02.153] [modloading-worker-0/DEBUG] [com.tterrag.registrate.AbstractRegistrate/REGISTRATE.REGISTER]: Captured registration for entry fruitsdelight:mango_cauldron of type minecraft:item
[26Feb2026 22:11:02.153] [modloading-worker-0/DEBUG] [com.tterrag.registrate.AbstractRegistrate/REGISTRATE.REGISTER]: Captured registration for entry fruitsdelight:mango_cauldron of type minecraft:block
[26Feb2026 22:11:02.154] [modloading-worker-0/DEBUG] [com.tterrag.registrate.AbstractRegistrate/REGISTRATE.REGISTER]: Captured registration for entry fruitsdelight:mango_jelly_cauldron of type minecraft:item
[26Feb2026 22:11:02.154] [modloading-worker-0/DEBUG] [com.tterrag.registrate.AbstractRegistrate/REGISTRATE.REGISTER]: Captured registration for entry fruitsdelight:mango_jelly_cauldron of type minecraft:block
[26Feb2026 22:11:02.154] [modloading-worker-0/DEBUG] [com.tterrag.registrate.AbstractRegistrate/REGISTRATE.REGISTER]: Captured registration for entry fruitsdelight:mango_jello_cauldron of type minecraft:item
[26Feb2026 22:11:02.154] [modloading-worker-0/DEBUG] [com.tterrag.registrate.AbstractRegistrate/REGISTRATE.REGISTER]: Captured registration for entry fruitsdelight:mango_jello_cauldron of type minecraft:block
[26Feb2026 22:11:02.154] [modloading-worker-0/DEBUG] [com.tterrag.registrate.AbstractRegistrate/REGISTRATE.REGISTER]: Captured registration for entry fruitsdelight:orange_cauldron of type minecraft:item
[26Feb2026 22:11:02.154] [modloading-worker-0/DEBUG] [com.tterrag.registrate.AbstractRegistrate/REGISTRATE.REGISTER]: Captured registration for entry fruitsdelight:orange_cauldron of type minecraft:block
[26Feb2026 22:11:02.154] [modloading-worker-0/DEBUG] [com.tterrag.registrate.AbstractRegistrate/REGISTRATE.REGISTER]: Captured registration for entry fruitsdelight:orange_jelly_cauldron of type minecraft:item
[26Feb2026 22:11:02.154] [modloading-worker-0/DEBUG] [com.tterrag.registrate.AbstractRegistrate/REGISTRATE.REGISTER]: Captured registration for entry fruitsdelight:orange_jelly_cauldron of type minecraft:block
[26Feb2026 22:11:02.158] [modloading-worker-0/DEBUG] [com.tterrag.registrate.AbstractRegistrate/REGISTRATE.REGISTER]: Captured registration for entry fruitsdelight:orange_jello_cauldron of type minecraft:item
[26Feb2026 22:11:02.159] [modloading-worker-0/DEBUG] [com.tterrag.registrate.AbstractRegistrate/REGISTRATE.REGISTER]: Captured registration for entry fruitsdelight:orange_jello_cauldron of type minecraft:block
[26Feb2026 22:11:02.159] [modloading-worker-0/DEBUG] [com.tterrag.registrate.AbstractRegistrate/REGISTRATE.REGISTER]: Captured registration for entry fruitsdelight:peach_cauldron of type minecraft:item
[26Feb2026 22:11:02.159] [modloading-worker-0/DEBUG] [com.tterrag.registrate.AbstractRegistrate/REGISTRATE.REGISTER]: Captured registration for entry fruitsdelight:peach_cauldron of type minecraft:block
[26Feb2026 22:11:02.159] [modloading-worker-0/DEBUG] [com.tterrag.registrate.AbstractRegistrate/REGISTRATE.REGISTER]: Captured registration for entry fruitsdelight:peach_jelly_cauldron of type minecraft:item
[26Feb2026 22:11:02.159] [modloading-worker-0/DEBUG] [com.tterrag.registrate.AbstractRegistrate/REGISTRATE.REGISTER]: Captured registration for entry fruitsdelight:peach_jelly_cauldron of type minecraft:block
[26Feb2026 22:11:02.159] [modloading-worker-0/DEBUG] [com.tterrag.registrate.AbstractRegistrate/REGISTRATE.REGISTER]: Captured registration for entry fruitsdelight:peach_jello_cauldron of type minecraft:item
[26Feb2026 22:11:02.159] [modloading-worker-0/DEBUG] [com.tterrag.registrate.AbstractRegistrate/REGISTRATE.REGISTER]: Captured registration for entry fruitsdelight:peach_jello_cauldron of type minecraft:block
[26Feb2026 22:11:02.159] [modloading-worker-0/DEBUG] [com.tterrag.registrate.AbstractRegistrate/REGISTRATE.REGISTER]: Captured registration for entry fruitsdelight:pear_cauldron of type minecraft:item
[26Feb2026 22:11:02.159] [modloading-worker-0/DEBUG] [com.tterrag.registrate.AbstractRegistrate/REGISTRATE.REGISTER]: Captured registration for entry fruitsdelight:pear_cauldron of type minecraft:block
[26Feb2026 22:11:02.160] [modloading-worker-0/DEBUG] [com.tterrag.registrate.AbstractRegistrate/REGISTRATE.REGISTER]: Captured registration for entry fruitsdelight:pear_jelly_cauldron of type minecraft:item
[26Feb2026 22:11:02.160] [modloading-worker-0/DEBUG] [com.tterrag.registrate.AbstractRegistrate/REGISTRATE.REGISTER]: Captured registration for entry fruitsdelight:pear_jelly_cauldron of type minecraft:block
[26Feb2026 22:11:02.160] [modloading-worker-0/DEBUG] [com.tterrag.registrate.AbstractRegistrate/REGISTRATE.REGISTER]: Captured registration for entry fruitsdelight:pear_jello_cauldron of type minecraft:item
[26Feb2026 22:11:02.160] [modloading-worker-0/DEBUG] [com.tterrag.registrate.AbstractRegistrate/REGISTRATE.REGISTER]: Captured registration for entry fruitsdelight:pear_jello_cauldron of type minecraft:block
[26Feb2026 22:11:02.160] [modloading-worker-0/DEBUG] [com.tterrag.registrate.AbstractRegistrate/REGISTRATE.REGISTER]: Captured registration for entry fruitsdelight:persimmon_cauldron of type minecraft:item
[26Feb2026 22:11:02.160] [modloading-worker-0/DEBUG] [com.tterrag.registrate.AbstractRegistrate/REGISTRATE.REGISTER]: Captured registration for entry fruitsdelight:persimmon_cauldron of type minecraft:block
[26Feb2026 22:11:02.160] [modloading-worker-0/DEBUG] [com.tterrag.registrate.AbstractRegistrate/REGISTRATE.REGISTER]: Captured registration for entry fruitsdelight:persimmon_jelly_cauldron of type minecraft:item
[26Feb2026 22:11:02.160] [modloading-worker-0/DEBUG] [com.tterrag.registrate.AbstractRegistrate/REGISTRATE.REGISTER]: Captured registration for entry fruitsdelight:persimmon_jelly_cauldron of type minecraft:block
[26Feb2026 22:11:02.164] [modloading-worker-0/DEBUG] [com.tterrag.registrate.AbstractRegistrate/REGISTRATE.REGISTER]: Captured registration for entry fruitsdelight:persimmon_jello_cauldron of type minecraft:item
[26Feb2026 22:11:02.165] [modloading-worker-0/DEBUG] [com.tterrag.registrate.AbstractRegistrate/REGISTRATE.REGISTER]: Captured registration for entry fruitsdelight:persimmon_jello_cauldron of type minecraft:block
[26Feb2026 22:11:02.165] [modloading-worker-0/DEBUG] [com.tterrag.registrate.AbstractRegistrate/REGISTRATE.REGISTER]: Captured registration for entry fruitsdelight:pineapple_cauldron of type minecraft:item
[26Feb2026 22:11:02.165] [modloading-worker-0/DEBUG] [com.tterrag.registrate.AbstractRegistrate/REGISTRATE.REGISTER]: Captured registration for entry fruitsdelight:pineapple_cauldron of type minecraft:block
[26Feb2026 22:11:02.165] [modloading-worker-0/DEBUG] [com.tterrag.registrate.AbstractRegistrate/REGISTRATE.REGISTER]: Captured registration for entry fruitsdelight:pineapple_jelly_cauldron of type minecraft:item
[26Feb2026 22:11:02.165] [modloading-worker-0/DEBUG] [com.tterrag.registrate.AbstractRegistrate/REGISTRATE.REGISTER]: Captured registration for entry fruitsdelight:pineapple_jelly_cauldron of type minecraft:block
[26Feb2026 22:11:02.165] [modloading-worker-0/DEBUG] [com.tterrag.registrate.AbstractRegistrate/REGISTRATE.REGISTER]: Captured registration for entry fruitsdelight:pineapple_jello_cauldron of type minecraft:item
[26Feb2026 22:11:02.165] [modloading-worker-0/DEBUG] [com.tterrag.registrate.AbstractRegistrate/REGISTRATE.REGISTER]: Captured registration for entry fruitsdelight:pineapple_jello_cauldron of type minecraft:block
[26Feb2026 22:11:02.165] [modloading-worker-0/DEBUG] [com.tterrag.registrate.AbstractRegistrate/REGISTRATE.REGISTER]: Captured registration for entry fruitsdelight:lemon_cauldron of type minecraft:item
[26Feb2026 22:11:02.165] [modloading-worker-0/DEBUG] [com.tterrag.registrate.AbstractRegistrate/REGISTRATE.REGISTER]: Captured registration for entry fruitsdelight:lemon_cauldron of type minecraft:block
[26Feb2026 22:11:02.166] [modloading-worker-0/DEBUG] [com.tterrag.registrate.AbstractRegistrate/REGISTRATE.REGISTER]: Captured registration for entry fruitsdelight:lemon_jelly_cauldron of type minecraft:item
[26Feb2026 22:11:02.166] [modloading-worker-0/DEBUG] [com.tterrag.registrate.AbstractRegistrate/REGISTRATE.REGISTER]: Captured registration for entry fruitsdelight:lemon_jelly_cauldron of type minecraft:block
[26Feb2026 22:11:02.166] [modloading-worker-0/DEBUG] [com.tterrag.registrate.AbstractRegistrate/REGISTRATE.REGISTER]: Captured registration for entry fruitsdelight:lemon_jello_cauldron of type minecraft:item
[26Feb2026 22:11:02.166] [modloading-worker-0/DEBUG] [com.tterrag.registrate.AbstractRegistrate/REGISTRATE.REGISTER]: Captured registration for entry fruitsdelight:lemon_jello_cauldron of type minecraft:block
[26Feb2026 22:11:02.166] [modloading-worker-0/DEBUG] [com.tterrag.registrate.AbstractRegistrate/REGISTRATE.REGISTER]: Captured registration for entry fruitsdelight:cranberry_cauldron of type minecraft:item
[26Feb2026 22:11:02.166] [modloading-worker-0/DEBUG] [com.tterrag.registrate.AbstractRegistrate/REGISTRATE.REGISTER]: Captured registration for entry fruitsdelight:cranberry_cauldron of type minecraft:block
[26Feb2026 22:11:02.166] [modloading-worker-0/DEBUG] [com.tterrag.registrate.AbstractRegistrate/REGISTRATE.REGISTER]: Captured registration for entry fruitsdelight:cranberry_jelly_cauldron of type minecraft:item
[26Feb2026 22:11:02.169] [modloading-worker-0/DEBUG] [com.tterrag.registrate.AbstractRegistrate/REGISTRATE.REGISTER]: Captured registration for entry fruitsdelight:cranberry_jelly_cauldron of type minecraft:block
[26Feb2026 22:11:02.170] [modloading-worker-0/DEBUG] [com.tterrag.registrate.AbstractRegistrate/REGISTRATE.REGISTER]: Captured registration for entry fruitsdelight:cranberry_jello_cauldron of type minecraft:item
[26Feb2026 22:11:02.170] [modloading-worker-0/DEBUG] [com.tterrag.registrate.AbstractRegistrate/REGISTRATE.REGISTER]: Captured registration for entry fruitsdelight:cranberry_jello_cauldron of type minecraft:block
[26Feb2026 22:11:02.170] [modloading-worker-0/DEBUG] [com.tterrag.registrate.AbstractRegistrate/REGISTRATE.REGISTER]: Captured registration for entry fruitsdelight:mangosteen_cauldron of type minecraft:item
[26Feb2026 22:11:02.170] [modloading-worker-0/DEBUG] [com.tterrag.registrate.AbstractRegistrate/REGISTRATE.REGISTER]: Captured registration for entry fruitsdelight:mangosteen_cauldron of type minecraft:block
[26Feb2026 22:11:02.170] [modloading-worker-0/DEBUG] [com.tterrag.registrate.AbstractRegistrate/REGISTRATE.REGISTER]: Captured registration for entry fruitsdelight:mangosteen_jelly_cauldron of type minecraft:item
[26Feb2026 22:11:02.170] [modloading-worker-0/DEBUG] [com.tterrag.registrate.AbstractRegistrate/REGISTRATE.REGISTER]: Captured registration for entry fruitsdelight:mangosteen_jelly_cauldron of type minecraft:block
[26Feb2026 22:11:02.170] [modloading-worker-0/DEBUG] [com.tterrag.registrate.AbstractRegistrate/REGISTRATE.REGISTER]: Captured registration for entry fruitsdelight:mangosteen_jello_cauldron of type minecraft:item
[26Feb2026 22:11:02.170] [modloading-worker-0/DEBUG] [com.tterrag.registrate.AbstractRegistrate/REGISTRATE.REGISTER]: Captured registration for entry fruitsdelight:mangosteen_jello_cauldron of type minecraft:block
[26Feb2026 22:11:02.170] [modloading-worker-0/DEBUG] [com.tterrag.registrate.AbstractRegistrate/REGISTRATE.REGISTER]: Captured registration for entry fruitsdelight:sweetberry_cauldron of type minecraft:item
[26Feb2026 22:11:02.171] [modloading-worker-0/DEBUG] [com.tterrag.registrate.AbstractRegistrate/REGISTRATE.REGISTER]: Captured registration for entry fruitsdelight:sweetberry_cauldron of type minecraft:block
[26Feb2026 22:11:02.171] [modloading-worker-0/DEBUG] [com.tterrag.registrate.AbstractRegistrate/REGISTRATE.REGISTER]: Captured registration for entry fruitsdelight:sweetberry_jelly_cauldron of type minecraft:item
[26Feb2026 22:11:02.171] [modloading-worker-0/DEBUG] [com.tterrag.registrate.AbstractRegistrate/REGISTRATE.REGISTER]: Captured registration for entry fruitsdelight:sweetberry_jelly_cauldron of type minecraft:block
[26Feb2026 22:11:02.171] [modloading-worker-0/DEBUG] [com.tterrag.registrate.AbstractRegistrate/REGISTRATE.REGISTER]: Captured registration for entry fruitsdelight:sweetberry_jello_cauldron of type minecraft:item
[26Feb2026 22:11:02.171] [modloading-worker-0/DEBUG] [com.tterrag.registrate.AbstractRegistrate/REGISTRATE.REGISTER]: Captured registration for entry fruitsdelight:sweetberry_jello_cauldron of type minecraft:block
[26Feb2026 22:11:02.171] [modloading-worker-0/DEBUG] [com.tterrag.registrate.AbstractRegistrate/REGISTRATE.REGISTER]: Captured registration for entry fruitsdelight:chorus_cauldron of type minecraft:item
[26Feb2026 22:11:02.171] [modloading-worker-0/DEBUG] [com.tterrag.registrate.AbstractRegistrate/REGISTRATE.REGISTER]: Captured registration for entry fruitsdelight:chorus_cauldron of type minecraft:block
[26Feb2026 22:11:02.171] [modloading-worker-0/DEBUG] [com.tterrag.registrate.AbstractRegistrate/REGISTRATE.REGISTER]: Captured registration for entry fruitsdelight:chorus_jelly_cauldron of type minecraft:item
[26Feb2026 22:11:02.176] [modloading-worker-0/DEBUG] [com.tterrag.registrate.AbstractRegistrate/REGISTRATE.REGISTER]: Captured registration for entry fruitsdelight:chorus_jelly_cauldron of type minecraft:block
[26Feb2026 22:11:02.177] [modloading-worker-0/DEBUG] [com.tterrag.registrate.AbstractRegistrate/REGISTRATE.REGISTER]: Captured registration for entry fruitsdelight:chorus_jello_cauldron of type minecraft:item
[26Feb2026 22:11:02.177] [modloading-worker-0/DEBUG] [com.tterrag.registrate.AbstractRegistrate/REGISTRATE.REGISTER]: Captured registration for entry fruitsdelight:chorus_jello_cauldron of type minecraft:block
[26Feb2026 22:11:02.177] [modloading-worker-0/DEBUG] [com.tterrag.registrate.AbstractRegistrate/REGISTRATE.REGISTER]: Captured registration for entry fruitsdelight:bayberry_cauldron of type minecraft:item
[26Feb2026 22:11:02.177] [modloading-worker-0/DEBUG] [com.tterrag.registrate.AbstractRegistrate/REGISTRATE.REGISTER]: Captured registration for entry fruitsdelight:bayberry_cauldron of type minecraft:block
[26Feb2026 22:11:02.177] [modloading-worker-0/DEBUG] [com.tterrag.registrate.AbstractRegistrate/REGISTRATE.REGISTER]: Captured registration for entry fruitsdelight:bayberry_jelly_cauldron of type minecraft:item
[26Feb2026 22:11:02.177] [modloading-worker-0/DEBUG] [com.tterrag.registrate.AbstractRegistrate/REGISTRATE.REGISTER]: Captured registration for entry fruitsdelight:bayberry_jelly_cauldron of type minecraft:block
[26Feb2026 22:11:02.177] [modloading-worker-0/DEBUG] [com.tterrag.registrate.AbstractRegistrate/REGISTRATE.REGISTER]: Captured registration for entry fruitsdelight:bayberry_jello_cauldron of type minecraft:item
[26Feb2026 22:11:02.177] [modloading-worker-0/DEBUG] [com.tterrag.registrate.AbstractRegistrate/REGISTRATE.REGISTER]: Captured registration for entry fruitsdelight:bayberry_jello_cauldron of type minecraft:block
[26Feb2026 22:11:02.177] [modloading-worker-0/DEBUG] [com.tterrag.registrate.AbstractRegistrate/REGISTRATE.REGISTER]: Captured registration for entry fruitsdelight:kiwi_cauldron of type minecraft:item
[26Feb2026 22:11:02.178] [modloading-worker-0/DEBUG] [com.tterrag.registrate.AbstractRegistrate/REGISTRATE.REGISTER]: Captured registration for entry fruitsdelight:kiwi_cauldron of type minecraft:block
[26Feb2026 22:11:02.178] [modloading-worker-0/DEBUG] [com.tterrag.registrate.AbstractRegistrate/REGISTRATE.REGISTER]: Captured registration for entry fruitsdelight:kiwi_jelly_cauldron of type minecraft:item
[26Feb2026 22:11:02.178] [modloading-worker-0/DEBUG] [com.tterrag.registrate.AbstractRegistrate/REGISTRATE.REGISTER]: Captured registration for entry fruitsdelight:kiwi_jelly_cauldron of type minecraft:block
[26Feb2026 22:11:02.178] [modloading-worker-0/DEBUG] [com.tterrag.registrate.AbstractRegistrate/REGISTRATE.REGISTER]: Captured registration for entry fruitsdelight:kiwi_jello_cauldron of type minecraft:item
[26Feb2026 22:11:02.178] [modloading-worker-0/DEBUG] [com.tterrag.registrate.AbstractRegistrate/REGISTRATE.REGISTER]: Captured registration for entry fruitsdelight:kiwi_jello_cauldron of type minecraft:block
[26Feb2026 22:11:02.178] [modloading-worker-0/DEBUG] [com.tterrag.registrate.AbstractRegistrate/REGISTRATE.REGISTER]: Captured registration for entry fruitsdelight:fig_cauldron of type minecraft:item
[26Feb2026 22:11:02.178] [modloading-worker-0/DEBUG] [com.tterrag.registrate.AbstractRegistrate/REGISTRATE.REGISTER]: Captured registration for entry fruitsdelight:fig_cauldron of type minecraft:block
[26Feb2026 22:11:02.178] [modloading-worker-0/DEBUG] [com.tterrag.registrate.AbstractRegistrate/REGISTRATE.REGISTER]: Captured registration for entry fruitsdelight:fig_jelly_cauldron of type minecraft:item
[26Feb2026 22:11:02.182] [modloading-worker-0/DEBUG] [com.tterrag.registrate.AbstractRegistrate/REGISTRATE.REGISTER]: Captured registration for entry fruitsdelight:fig_jelly_cauldron of type minecraft:block
[26Feb2026 22:11:02.183] [modloading-worker-0/DEBUG] [com.tterrag.registrate.AbstractRegistrate/REGISTRATE.REGISTER]: Captured registration for entry fruitsdelight:fig_jello_cauldron of type minecraft:item
[26Feb2026 22:11:02.183] [modloading-worker-0/DEBUG] [com.tterrag.registrate.AbstractRegistrate/REGISTRATE.REGISTER]: Captured registration for entry fruitsdelight:fig_jello_cauldron of type minecraft:block
[26Feb2026 22:11:02.183] [modloading-worker-0/DEBUG] [com.tterrag.registrate.AbstractRegistrate/REGISTRATE.REGISTER]: Captured registration for entry fruitsdelight:durian_cauldron of type minecraft:item
[26Feb2026 22:11:02.183] [modloading-worker-0/DEBUG] [com.tterrag.registrate.AbstractRegistrate/REGISTRATE.REGISTER]: Captured registration for entry fruitsdelight:durian_cauldron of type minecraft:block
[26Feb2026 22:11:02.183] [modloading-worker-0/DEBUG] [com.tterrag.registrate.AbstractRegistrate/REGISTRATE.REGISTER]: Captured registration for entry fruitsdelight:durian_jelly_cauldron of type minecraft:item
[26Feb2026 22:11:02.183] [modloading-worker-0/DEBUG] [com.tterrag.registrate.AbstractRegistrate/REGISTRATE.REGISTER]: Captured registration for entry fruitsdelight:durian_jelly_cauldron of type minecraft:block
[26Feb2026 22:11:02.183] [modloading-worker-0/DEBUG] [com.tterrag.registrate.AbstractRegistrate/REGISTRATE.REGISTER]: Captured registration for entry fruitsdelight:durian_jello_cauldron of type minecraft:item
[26Feb2026 22:11:02.183] [modloading-worker-0/DEBUG] [com.tterrag.registrate.AbstractRegistrate/REGISTRATE.REGISTER]: Captured registration for entry fruitsdelight:durian_jello_cauldron of type minecraft:block
[26Feb2026 22:11:02.184] [modloading-worker-0/DEBUG] [com.tterrag.registrate.AbstractRegistrate/REGISTRATE.REGISTER]: Captured registration for entry fruitsdelight:dummy_cauldron of type minecraft:item
[26Feb2026 22:11:02.190] [modloading-worker-0/DEBUG] [com.tterrag.registrate.AbstractRegistrate/REGISTRATE.REGISTER]: Captured registration for entry fruitsdelight:jelly_craft_shapeless of type minecraft:recipe_serializer
[26Feb2026 22:11:02.193] [modloading-worker-0/DEBUG] [com.tterrag.registrate.AbstractRegistrate/REGISTRATE.REGISTER]: Captured registration for entry fruitsdelight:jelly_craft_shaped of type minecraft:recipe_serializer
[26Feb2026 22:11:02.201] [modloading-worker-0/DEBUG] [net.minecraftforge.fml.ModLoadingContext/]: Attempted to register an empty config for type CLIENT on mod fruitsdelight
[26Feb2026 22:11:02.201] [modloading-worker-0/DEBUG] [net.minecraftforge.fml.config.ConfigTracker/CONFIG]: Config file fruitsdelight-common.toml for fruitsdelight tracking
[26Feb2026 22:11:02.203] [modloading-worker-0/DEBUG] [com.tterrag.registrate.AbstractRegistrate/REGISTRATE.REGISTER]: Captured registration for entry fruitsdelight:replace_item of type forge:global_loot_modifier_serializers
[26Feb2026 22:11:02.229] [modloading-worker-0/DEBUG] [com.tterrag.registrate.AbstractRegistrate/REGISTRATE.REGISTER]: Captured registration for entry fruitsdelight:apple_jam of type forge:fluid_type
[26Feb2026 22:11:02.230] [modloading-worker-0/DEBUG] [com.tterrag.registrate.AbstractRegistrate/REGISTRATE.REGISTER]: Captured registration for entry fruitsdelight:apple_jam of type minecraft:fluid
[26Feb2026 22:11:02.230] [modloading-worker-0/DEBUG] [com.tterrag.registrate.AbstractRegistrate/REGISTRATE.REGISTER]: Captured registration for entry fruitsdelight:flowing_apple_jam of type minecraft:fluid
[26Feb2026 22:11:02.231] [modloading-worker-0/DEBUG] [com.tterrag.registrate.AbstractRegistrate/REGISTRATE.REGISTER]: Captured registration for entry fruitsdelight:apple_jello of type forge:fluid_type
[26Feb2026 22:11:02.231] [modloading-worker-0/DEBUG] [com.tterrag.registrate.AbstractRegistrate/REGISTRATE.REGISTER]: Captured registration for entry fruitsdelight:apple_jello of type minecraft:fluid
[26Feb2026 22:11:02.231] [modloading-worker-0/DEBUG] [com.tterrag.registrate.AbstractRegistrate/REGISTRATE.REGISTER]: Captured registration for entry fruitsdelight:flowing_apple_jello of type minecraft:fluid
[26Feb2026 22:11:02.231] [modloading-worker-0/DEBUG] [com.tterrag.registrate.AbstractRegistrate/REGISTRATE.REGISTER]: Captured registration for entry fruitsdelight:blueberry_jam of type forge:fluid_type
[26Feb2026 22:11:02.231] [modloading-worker-0/DEBUG] [com.tterrag.registrate.AbstractRegistrate/REGISTRATE.REGISTER]: Captured registration for entry fruitsdelight:blueberry_jam of type minecraft:fluid
[26Feb2026 22:11:02.231] [modloading-worker-0/DEBUG] [com.tterrag.registrate.AbstractRegistrate/REGISTRATE.REGISTER]: Captured registration for entry fruitsdelight:flowing_blueberry_jam of type minecraft:fluid
[26Feb2026 22:11:02.231] [modloading-worker-0/DEBUG] [com.tterrag.registrate.AbstractRegistrate/REGISTRATE.REGISTER]: Captured registration for entry fruitsdelight:blueberry_jello of type forge:fluid_type
[26Feb2026 22:11:02.231] [modloading-worker-0/DEBUG] [com.tterrag.registrate.AbstractRegistrate/REGISTRATE.REGISTER]: Captured registration for entry fruitsdelight:blueberry_jello of type minecraft:fluid
[26Feb2026 22:11:02.231] [modloading-worker-0/DEBUG] [com.tterrag.registrate.AbstractRegistrate/REGISTRATE.REGISTER]: Captured registration for entry fruitsdelight:flowing_blueberry_jello of type minecraft:fluid
[26Feb2026 22:11:02.231] [modloading-worker-0/DEBUG] [com.tterrag.registrate.AbstractRegistrate/REGISTRATE.REGISTER]: Captured registration for entry fruitsdelight:glowberry_jam of type forge:fluid_type
[26Feb2026 22:11:02.232] [modloading-worker-0/DEBUG] [com.tterrag.registrate.AbstractRegistrate/REGISTRATE.REGISTER]: Captured registration for entry fruitsdelight:glowberry_jam of type minecraft:fluid
[26Feb2026 22:11:02.232] [modloading-worker-0/DEBUG] [com.tterrag.registrate.AbstractRegistrate/REGISTRATE.REGISTER]: Captured registration for entry fruitsdelight:flowing_glowberry_jam of type minecraft:fluid
[26Feb2026 22:11:02.232] [modloading-worker-0/DEBUG] [com.tterrag.registrate.AbstractRegistrate/REGISTRATE.REGISTER]: Captured registration for entry fruitsdelight:glowberry_jello of type forge:fluid_type
[26Feb2026 22:11:02.232] [modloading-worker-0/DEBUG] [com.tterrag.registrate.AbstractRegistrate/REGISTRATE.REGISTER]: Captured registration for entry fruitsdelight:glowberry_jello of type minecraft:fluid
[26Feb2026 22:11:02.232] [modloading-worker-0/DEBUG] [com.tterrag.registrate.AbstractRegistrate/REGISTRATE.REGISTER]: Captured registration for entry fruitsdelight:flowing_glowberry_jello of type minecraft:fluid
[26Feb2026 22:11:02.232] [modloading-worker-0/DEBUG] [com.tterrag.registrate.AbstractRegistrate/REGISTRATE.REGISTER]: Captured registration for entry fruitsdelight:hamimelon_jam of type forge:fluid_type
[26Feb2026 22:11:02.232] [modloading-worker-0/DEBUG] [com.tterrag.registrate.AbstractRegistrate/REGISTRATE.REGISTER]: Captured registration for entry fruitsdelight:hamimelon_jam of type minecraft:fluid
[26Feb2026 22:11:02.232] [modloading-worker-0/DEBUG] [com.tterrag.registrate.AbstractRegistrate/REGISTRATE.REGISTER]: Captured registration for entry fruitsdelight:flowing_hamimelon_jam of type minecraft:fluid
[26Feb2026 22:11:02.232] [modloading-worker-0/DEBUG] [com.tterrag.registrate.AbstractRegistrate/REGISTRATE.REGISTER]: Captured registration for entry fruitsdelight:hamimelon_jello of type forge:fluid_type
[26Feb2026 22:11:02.232] [modloading-worker-0/DEBUG] [com.tterrag.registrate.AbstractRegistrate/REGISTRATE.REGISTER]: Captured registration for entry fruitsdelight:hamimelon_jello of type minecraft:fluid
[26Feb2026 22:11:02.232] [modloading-worker-0/DEBUG] [com.tterrag.registrate.AbstractRegistrate/REGISTRATE.REGISTER]: Captured registration for entry fruitsdelight:flowing_hamimelon_jello of type minecraft:fluid
[26Feb2026 22:11:02.232] [modloading-worker-0/DEBUG] [com.tterrag.registrate.AbstractRegistrate/REGISTRATE.REGISTER]: Captured registration for entry fruitsdelight:melon_jam of type forge:fluid_type
[26Feb2026 22:11:02.233] [modloading-worker-0/DEBUG] [com.tterrag.registrate.AbstractRegistrate/REGISTRATE.REGISTER]: Captured registration for entry fruitsdelight:melon_jam of type minecraft:fluid
[26Feb2026 22:11:02.233] [modloading-worker-0/DEBUG] [com.tterrag.registrate.AbstractRegistrate/REGISTRATE.REGISTER]: Captured registration for entry fruitsdelight:flowing_melon_jam of type minecraft:fluid
[26Feb2026 22:11:02.233] [modloading-worker-0/DEBUG] [com.tterrag.registrate.AbstractRegistrate/REGISTRATE.REGISTER]: Captured registration for entry fruitsdelight:melon_jello of type forge:fluid_type
[26Feb2026 22:11:02.233] [modloading-worker-0/DEBUG] [com.tterrag.registrate.AbstractRegistrate/REGISTRATE.REGISTER]: Captured registration for entry fruitsdelight:melon_jello of type minecraft:fluid
[26Feb2026 22:11:02.233] [modloading-worker-0/DEBUG] [com.tterrag.registrate.AbstractRegistrate/REGISTRATE.REGISTER]: Captured registration for entry fruitsdelight:flowing_melon_jello of type minecraft:fluid
[26Feb2026 22:11:02.233] [modloading-worker-0/DEBUG] [com.tterrag.registrate.AbstractRegistrate/REGISTRATE.REGISTER]: Captured registration for entry fruitsdelight:hawberry_jam of type forge:fluid_type
[26Feb2026 22:11:02.233] [modloading-worker-0/DEBUG] [com.tterrag.registrate.AbstractRegistrate/REGISTRATE.REGISTER]: Captured registration for entry fruitsdelight:hawberry_jam of type minecraft:fluid
[26Feb2026 22:11:02.233] [modloading-worker-0/DEBUG] [com.tterrag.registrate.AbstractRegistrate/REGISTRATE.REGISTER]: Captured registration for entry fruitsdelight:flowing_hawberry_jam of type minecraft:fluid
[26Feb2026 22:11:02.233] [modloading-worker-0/DEBUG] [com.tterrag.registrate.AbstractRegistrate/REGISTRATE.REGISTER]: Captured registration for entry fruitsdelight:hawberry_jello of type forge:fluid_type
[26Feb2026 22:11:02.233] [modloading-worker-0/DEBUG] [com.tterrag.registrate.AbstractRegistrate/REGISTRATE.REGISTER]: Captured registration for entry fruitsdelight:hawberry_jello of type minecraft:fluid
[26Feb2026 22:11:02.233] [modloading-worker-0/DEBUG] [com.tterrag.registrate.AbstractRegistrate/REGISTRATE.REGISTER]: Captured registration for entry fruitsdelight:flowing_hawberry_jello of type minecraft:fluid
[26Feb2026 22:11:02.233] [modloading-worker-0/DEBUG] [com.tterrag.registrate.AbstractRegistrate/REGISTRATE.REGISTER]: Captured registration for entry fruitsdelight:lychee_jam of type forge:fluid_type
[26Feb2026 22:11:02.233] [modloading-worker-0/DEBUG] [com.tterrag.registrate.AbstractRegistrate/REGISTRATE.REGISTER]: Captured registration for entry fruitsdelight:lychee_jam of type minecraft:fluid
[26Feb2026 22:11:02.233] [modloading-worker-0/DEBUG] [com.tterrag.registrate.AbstractRegistrate/REGISTRATE.REGISTER]: Captured registration for entry fruitsdelight:flowing_lychee_jam of type minecraft:fluid
[26Feb2026 22:11:02.234] [modloading-worker-0/DEBUG] [com.tterrag.registrate.AbstractRegistrate/REGISTRATE.REGISTER]: Captured registration for entry fruitsdelight:lychee_jello of type forge:fluid_type
[26Feb2026 22:11:02.234] [modloading-worker-0/DEBUG] [com.tterrag.registrate.AbstractRegistrate/REGISTRATE.REGISTER]: Captured registration for entry fruitsdelight:lychee_jello of type minecraft:fluid
[26Feb2026 22:11:02.234] [modloading-worker-0/DEBUG] [com.tterrag.registrate.AbstractRegistrate/REGISTRATE.REGISTER]: Captured registration for entry fruitsdelight:flowing_lychee_jello of type minecraft:fluid
[26Feb2026 22:11:02.234] [modloading-worker-0/DEBUG] [com.tterrag.registrate.AbstractRegistrate/REGISTRATE.REGISTER]: Captured registration for entry fruitsdelight:mango_jam of type forge:fluid_type
[26Feb2026 22:11:02.234] [modloading-worker-0/DEBUG] [com.tterrag.registrate.AbstractRegistrate/REGISTRATE.REGISTER]: Captured registration for entry fruitsdelight:mango_jam of type minecraft:fluid
[26Feb2026 22:11:02.234] [modloading-worker-0/DEBUG] [com.tterrag.registrate.AbstractRegistrate/REGISTRATE.REGISTER]: Captured registration for entry fruitsdelight:flowing_mango_jam of type minecraft:fluid
[26Feb2026 22:11:02.234] [modloading-worker-0/DEBUG] [com.tterrag.registrate.AbstractRegistrate/REGISTRATE.REGISTER]: Captured registration for entry fruitsdelight:mango_jello of type forge:fluid_type
[26Feb2026 22:11:02.234] [modloading-worker-0/DEBUG] [com.tterrag.registrate.AbstractRegistrate/REGISTRATE.REGISTER]: Captured registration for entry fruitsdelight:mango_jello of type minecraft:fluid
[26Feb2026 22:11:02.234] [modloading-worker-0/DEBUG] [com.tterrag.registrate.AbstractRegistrate/REGISTRATE.REGISTER]: Captured registration for entry fruitsdelight:flowing_mango_jello of type minecraft:fluid
[26Feb2026 22:11:02.234] [modloading-worker-0/DEBUG] [com.tterrag.registrate.AbstractRegistrate/REGISTRATE.REGISTER]: Captured registration for entry fruitsdelight:orange_jam of type forge:fluid_type
[26Feb2026 22:11:02.234] [modloading-worker-0/DEBUG] [com.tterrag.registrate.AbstractRegistrate/REGISTRATE.REGISTER]: Captured registration for entry fruitsdelight:orange_jam of type minecraft:fluid
[26Feb2026 22:11:02.234] [modloading-worker-0/DEBUG] [com.tterrag.registrate.AbstractRegistrate/REGISTRATE.REGISTER]: Captured registration for entry fruitsdelight:flowing_orange_jam of type minecraft:fluid
[26Feb2026 22:11:02.234] [modloading-worker-0/DEBUG] [com.tterrag.registrate.AbstractRegistrate/REGISTRATE.REGISTER]: Captured registration for entry fruitsdelight:orange_jello of type forge:fluid_type
[26Feb2026 22:11:02.234] [modloading-worker-0/DEBUG] [com.tterrag.registrate.AbstractRegistrate/REGISTRATE.REGISTER]: Captured registration for entry fruitsdelight:orange_jello of type minecraft:fluid
[26Feb2026 22:11:02.235] [modloading-worker-0/DEBUG] [com.tterrag.registrate.AbstractRegistrate/REGISTRATE.REGISTER]: Captured registration for entry fruitsdelight:flowing_orange_jello of type minecraft:fluid
[26Feb2026 22:11:02.235] [modloading-worker-0/DEBUG] [com.tterrag.registrate.AbstractRegistrate/REGISTRATE.REGISTER]: Captured registration for entry fruitsdelight:peach_jam of type forge:fluid_type
[26Feb2026 22:11:02.235] [modloading-worker-0/DEBUG] [com.tterrag.registrate.AbstractRegistrate/REGISTRATE.REGISTER]: Captured registration for entry fruitsdelight:peach_jam of type minecraft:fluid
[26Feb2026 22:11:02.235] [modloading-worker-0/DEBUG] [com.tterrag.registrate.AbstractRegistrate/REGISTRATE.REGISTER]: Captured registration for entry fruitsdelight:flowing_peach_jam of type minecraft:fluid
[26Feb2026 22:11:02.235] [modloading-worker-0/DEBUG] [com.tterrag.registrate.AbstractRegistrate/REGISTRATE.REGISTER]: Captured registration for entry fruitsdelight:peach_jello of type forge:fluid_type
[26Feb2026 22:11:02.235] [modloading-worker-0/DEBUG] [com.tterrag.registrate.AbstractRegistrate/REGISTRATE.REGISTER]: Captured registration for entry fruitsdelight:peach_jello of type minecraft:fluid
[26Feb2026 22:11:02.235] [modloading-worker-0/DEBUG] [com.tterrag.registrate.AbstractRegistrate/REGISTRATE.REGISTER]: Captured registration for entry fruitsdelight:flowing_peach_jello of type minecraft:fluid
[26Feb2026 22:11:02.235] [modloading-worker-0/DEBUG] [com.tterrag.registrate.AbstractRegistrate/REGISTRATE.REGISTER]: Captured registration for entry fruitsdelight:pear_jam of type forge:fluid_type
[26Feb2026 22:11:02.235] [modloading-worker-0/DEBUG] [com.tterrag.registrate.AbstractRegistrate/REGISTRATE.REGISTER]: Captured registration for entry fruitsdelight:pear_jam of type minecraft:fluid
[26Feb2026 22:11:02.235] [modloading-worker-0/DEBUG] [com.tterrag.registrate.AbstractRegistrate/REGISTRATE.REGISTER]: Captured registration for entry fruitsdelight:flowing_pear_jam of type minecraft:fluid
[26Feb2026 22:11:02.235] [modloading-worker-0/DEBUG] [com.tterrag.registrate.AbstractRegistrate/REGISTRATE.REGISTER]: Captured registration for entry fruitsdelight:pear_jello of type forge:fluid_type
[26Feb2026 22:11:02.235] [modloading-worker-0/DEBUG] [com.tterrag.registrate.AbstractRegistrate/REGISTRATE.REGISTER]: Captured registration for entry fruitsdelight:pear_jello of type minecraft:fluid
[26Feb2026 22:11:02.235] [modloading-worker-0/DEBUG] [com.tterrag.registrate.AbstractRegistrate/REGISTRATE.REGISTER]: Captured registration for entry fruitsdelight:flowing_pear_jello of type minecraft:fluid
[26Feb2026 22:11:02.236] [modloading-worker-0/DEBUG] [com.tterrag.registrate.AbstractRegistrate/REGISTRATE.REGISTER]: Captured registration for entry fruitsdelight:persimmon_jam of type forge:fluid_type
[26Feb2026 22:11:02.236] [modloading-worker-0/DEBUG] [com.tterrag.registrate.AbstractRegistrate/REGISTRATE.REGISTER]: Captured registration for entry fruitsdelight:persimmon_jam of type minecraft:fluid
[26Feb2026 22:11:02.236] [modloading-worker-0/DEBUG] [com.tterrag.registrate.AbstractRegistrate/REGISTRATE.REGISTER]: Captured registration for entry fruitsdelight:flowing_persimmon_jam of type minecraft:fluid
[26Feb2026 22:11:02.236] [modloading-worker-0/DEBUG] [com.tterrag.registrate.AbstractRegistrate/REGISTRATE.REGISTER]: Captured registration for entry fruitsdelight:persimmon_jello of type forge:fluid_type
[26Feb2026 22:11:02.236] [modloading-worker-0/DEBUG] [com.tterrag.registrate.AbstractRegistrate/REGISTRATE.REGISTER]: Captured registration for entry fruitsdelight:persimmon_jello of type minecraft:fluid
[26Feb2026 22:11:02.236] [modloading-worker-0/DEBUG] [com.tterrag.registrate.AbstractRegistrate/REGISTRATE.REGISTER]: Captured registration for entry fruitsdelight:flowing_persimmon_jello of type minecraft:fluid
[26Feb2026 22:11:02.236] [modloading-worker-0/DEBUG] [com.tterrag.registrate.AbstractRegistrate/REGISTRATE.REGISTER]: Captured registration for entry fruitsdelight:pineapple_jam of type forge:fluid_type
[26Feb2026 22:11:02.236] [modloading-worker-0/DEBUG] [com.tterrag.registrate.AbstractRegistrate/REGISTRATE.REGISTER]: Captured registration for entry fruitsdelight:pineapple_jam of type minecraft:fluid
[26Feb2026 22:11:02.236] [modloading-worker-0/DEBUG] [com.tterrag.registrate.AbstractRegistrate/REGISTRATE.REGISTER]: Captured registration for entry fruitsdelight:flowing_pineapple_jam of type minecraft:fluid
[26Feb2026 22:11:02.236] [modloading-worker-0/DEBUG] [com.tterrag.registrate.AbstractRegistrate/REGISTRATE.REGISTER]: Captured registration for entry fruitsdelight:pineapple_jello of type forge:fluid_type
[26Feb2026 22:11:02.236] [modloading-worker-0/DEBUG] [com.tterrag.registrate.AbstractRegistrate/REGISTRATE.REGISTER]: Captured registration for entry fruitsdelight:pineapple_jello of type minecraft:fluid
[26Feb2026 22:11:02.236] [modloading-worker-0/DEBUG] [com.tterrag.registrate.AbstractRegistrate/REGISTRATE.REGISTER]: Captured registration for entry fruitsdelight:flowing_pineapple_jello of type minecraft:fluid
[26Feb2026 22:11:02.236] [modloading-worker-0/DEBUG] [com.tterrag.registrate.AbstractRegistrate/REGISTRATE.REGISTER]: Captured registration for entry fruitsdelight:lemon_jam of type forge:fluid_type
[26Feb2026 22:11:02.236] [modloading-worker-0/DEBUG] [com.tterrag.registrate.AbstractRegistrate/REGISTRATE.REGISTER]: Captured registration for entry fruitsdelight:lemon_jam of type minecraft:fluid
[26Feb2026 22:11:02.237] [modloading-worker-0/DEBUG] [com.tterrag.registrate.AbstractRegistrate/REGISTRATE.REGISTER]: Captured registration for entry fruitsdelight:flowing_lemon_jam of type minecraft:fluid
[26Feb2026 22:11:02.237] [modloading-worker-0/DEBUG] [com.tterrag.registrate.AbstractRegistrate/REGISTRATE.REGISTER]: Captured registration for entry fruitsdelight:lemon_jello of type forge:fluid_type
[26Feb2026 22:11:02.237] [modloading-worker-0/DEBUG] [com.tterrag.registrate.AbstractRegistrate/REGISTRATE.REGISTER]: Captured registration for entry fruitsdelight:lemon_jello of type minecraft:fluid
[26Feb2026 22:11:02.237] [modloading-worker-0/DEBUG] [com.tterrag.registrate.AbstractRegistrate/REGISTRATE.REGISTER]: Captured registration for entry fruitsdelight:flowing_lemon_jello of type minecraft:fluid
[26Feb2026 22:11:02.237] [modloading-worker-0/DEBUG] [com.tterrag.registrate.AbstractRegistrate/REGISTRATE.REGISTER]: Captured registration for entry fruitsdelight:cranberry_jam of type forge:fluid_type
[26Feb2026 22:11:02.237] [modloading-worker-0/DEBUG] [com.tterrag.registrate.AbstractRegistrate/REGISTRATE.REGISTER]: Captured registration for entry fruitsdelight:cranberry_jam of type minecraft:fluid
[26Feb2026 22:11:02.237] [modloading-worker-0/DEBUG] [com.tterrag.registrate.AbstractRegistrate/REGISTRATE.REGISTER]: Captured registration for entry fruitsdelight:flowing_cranberry_jam of type minecraft:fluid
[26Feb2026 22:11:02.237] [modloading-worker-0/DEBUG] [com.tterrag.registrate.AbstractRegistrate/REGISTRATE.REGISTER]: Captured registration for entry fruitsdelight:cranberry_jello of type forge:fluid_type
[26Feb2026 22:11:02.237] [modloading-worker-0/DEBUG] [com.tterrag.registrate.AbstractRegistrate/REGISTRATE.REGISTER]: Captured registration for entry fruitsdelight:cranberry_jello of type minecraft:fluid
[26Feb2026 22:11:02.237] [modloading-worker-0/DEBUG] [com.tterrag.registrate.AbstractRegistrate/REGISTRATE.REGISTER]: Captured registration for entry fruitsdelight:flowing_cranberry_jello of type minecraft:fluid
[26Feb2026 22:11:02.237] [modloading-worker-0/DEBUG] [com.tterrag.registrate.AbstractRegistrate/REGISTRATE.REGISTER]: Captured registration for entry fruitsdelight:mangosteen_jam of type forge:fluid_type
[26Feb2026 22:11:02.237] [modloading-worker-0/DEBUG] [com.tterrag.registrate.AbstractRegistrate/REGISTRATE.REGISTER]: Captured registration for entry fruitsdelight:mangosteen_jam of type minecraft:fluid
[26Feb2026 22:11:02.237] [modloading-worker-0/DEBUG] [com.tterrag.registrate.AbstractRegistrate/REGISTRATE.REGISTER]: Captured registration for entry fruitsdelight:flowing_mangosteen_jam of type minecraft:fluid
[26Feb2026 22:11:02.237] [modloading-worker-0/DEBUG] [com.tterrag.registrate.AbstractRegistrate/REGISTRATE.REGISTER]: Captured registration for entry fruitsdelight:mangosteen_jello of type forge:fluid_type
[26Feb2026 22:11:02.237] [modloading-worker-0/DEBUG] [com.tterrag.registrate.AbstractRegistrate/REGISTRATE.REGISTER]: Captured registration for entry fruitsdelight:mangosteen_jello of type minecraft:fluid
[26Feb2026 22:11:02.238] [modloading-worker-0/DEBUG] [com.tterrag.registrate.AbstractRegistrate/REGISTRATE.REGISTER]: Captured registration for entry fruitsdelight:flowing_mangosteen_jello of type minecraft:fluid
[26Feb2026 22:11:02.238] [modloading-worker-0/DEBUG] [com.tterrag.registrate.AbstractRegistrate/REGISTRATE.REGISTER]: Captured registration for entry fruitsdelight:sweetberry_jam of type forge:fluid_type
[26Feb2026 22:11:02.238] [modloading-worker-0/DEBUG] [com.tterrag.registrate.AbstractRegistrate/REGISTRATE.REGISTER]: Captured registration for entry fruitsdelight:sweetberry_jam of type minecraft:fluid
[26Feb2026 22:11:02.238] [modloading-worker-0/DEBUG] [com.tterrag.registrate.AbstractRegistrate/REGISTRATE.REGISTER]: Captured registration for entry fruitsdelight:flowing_sweetberry_jam of type minecraft:fluid
[26Feb2026 22:11:02.238] [modloading-worker-0/DEBUG] [com.tterrag.registrate.AbstractRegistrate/REGISTRATE.REGISTER]: Captured registration for entry fruitsdelight:sweetberry_jello of type forge:fluid_type
[26Feb2026 22:11:02.238] [modloading-worker-0/DEBUG] [com.tterrag.registrate.AbstractRegistrate/REGISTRATE.REGISTER]: Captured registration for entry fruitsdelight:sweetberry_jello of type minecraft:fluid
[26Feb2026 22:11:02.238] [modloading-worker-0/DEBUG] [com.tterrag.registrate.AbstractRegistrate/REGISTRATE.REGISTER]: Captured registration for entry fruitsdelight:flowing_sweetberry_jello of type minecraft:fluid
[26Feb2026 22:11:02.238] [modloading-worker-0/DEBUG] [com.tterrag.registrate.AbstractRegistrate/REGISTRATE.REGISTER]: Captured registration for entry fruitsdelight:chorus_jam of type forge:fluid_type
[26Feb2026 22:11:02.238] [modloading-worker-0/DEBUG] [com.tterrag.registrate.AbstractRegistrate/REGISTRATE.REGISTER]: Captured registration for entry fruitsdelight:chorus_jam of type minecraft:fluid
[26Feb2026 22:11:02.238] [modloading-worker-0/DEBUG] [com.tterrag.registrate.AbstractRegistrate/REGISTRATE.REGISTER]: Captured registration for entry fruitsdelight:flowing_chorus_jam of type minecraft:fluid
[26Feb2026 22:11:02.238] [modloading-worker-0/DEBUG] [com.tterrag.registrate.AbstractRegistrate/REGISTRATE.REGISTER]: Captured registration for entry fruitsdelight:chorus_jello of type forge:fluid_type
[26Feb2026 22:11:02.238] [modloading-worker-0/DEBUG] [com.tterrag.registrate.AbstractRegistrate/REGISTRATE.REGISTER]: Captured registration for entry fruitsdelight:chorus_jello of type minecraft:fluid
[26Feb2026 22:11:02.238] [modloading-worker-0/DEBUG] [com.tterrag.registrate.AbstractRegistrate/REGISTRATE.REGISTER]: Captured registration for entry fruitsdelight:flowing_chorus_jello of type minecraft:fluid
[26Feb2026 22:11:02.238] [modloading-worker-0/DEBUG] [com.tterrag.registrate.AbstractRegistrate/REGISTRATE.REGISTER]: Captured registration for entry fruitsdelight:bayberry_jam of type forge:fluid_type
[26Feb2026 22:11:02.239] [modloading-worker-0/DEBUG] [com.tterrag.registrate.AbstractRegistrate/REGISTRATE.REGISTER]: Captured registration for entry fruitsdelight:bayberry_jam of type minecraft:fluid
[26Feb2026 22:11:02.239] [modloading-worker-0/DEBUG] [com.tterrag.registrate.AbstractRegistrate/REGISTRATE.REGISTER]: Captured registration for entry fruitsdelight:flowing_bayberry_jam of type minecraft:fluid
[26Feb2026 22:11:02.239] [modloading-worker-0/DEBUG] [com.tterrag.registrate.AbstractRegistrate/REGISTRATE.REGISTER]: Captured registration for entry fruitsdelight:bayberry_jello of type forge:fluid_type
[26Feb2026 22:11:02.239] [modloading-worker-0/DEBUG] [com.tterrag.registrate.AbstractRegistrate/REGISTRATE.REGISTER]: Captured registration for entry fruitsdelight:bayberry_jello of type minecraft:fluid
[26Feb2026 22:11:02.239] [modloading-worker-0/DEBUG] [com.tterrag.registrate.AbstractRegistrate/REGISTRATE.REGISTER]: Captured registration for entry fruitsdelight:flowing_bayberry_jello of type minecraft:fluid
[26Feb2026 22:11:02.239] [modloading-worker-0/DEBUG] [com.tterrag.registrate.AbstractRegistrate/REGISTRATE.REGISTER]: Captured registration for entry fruitsdelight:kiwi_jam of type forge:fluid_type
[26Feb2026 22:11:02.239] [modloading-worker-0/DEBUG] [com.tterrag.registrate.AbstractRegistrate/REGISTRATE.REGISTER]: Captured registration for entry fruitsdelight:kiwi_jam of type minecraft:fluid
[26Feb2026 22:11:02.239] [modloading-worker-0/DEBUG] [com.tterrag.registrate.AbstractRegistrate/REGISTRATE.REGISTER]: Captured registration for entry fruitsdelight:flowing_kiwi_jam of type minecraft:fluid
[26Feb2026 22:11:02.239] [modloading-worker-0/DEBUG] [com.tterrag.registrate.AbstractRegistrate/REGISTRATE.REGISTER]: Captured registration for entry fruitsdelight:kiwi_jello of type forge:fluid_type
[26Feb2026 22:11:02.239] [modloading-worker-0/DEBUG] [com.tterrag.registrate.AbstractRegistrate/REGISTRATE.REGISTER]: Captured registration for entry fruitsdelight:kiwi_jello of type minecraft:fluid
[26Feb2026 22:11:02.239] [modloading-worker-0/DEBUG] [com.tterrag.registrate.AbstractRegistrate/REGISTRATE.REGISTER]: Captured registration for entry fruitsdelight:flowing_kiwi_jello of type minecraft:fluid
[26Feb2026 22:11:02.239] [modloading-worker-0/DEBUG] [com.tterrag.registrate.AbstractRegistrate/REGISTRATE.REGISTER]: Captured registration for entry fruitsdelight:fig_jam of type forge:fluid_type
[26Feb2026 22:11:02.239] [modloading-worker-0/DEBUG] [com.tterrag.registrate.AbstractRegistrate/REGISTRATE.REGISTER]: Captured registration for entry fruitsdelight:fig_jam of type minecraft:fluid
[26Feb2026 22:11:02.239] [modloading-worker-0/DEBUG] [com.tterrag.registrate.AbstractRegistrate/REGISTRATE.REGISTER]: Captured registration for entry fruitsdelight:flowing_fig_jam of type minecraft:fluid
[26Feb2026 22:11:02.240] [modloading-worker-0/DEBUG] [com.tterrag.registrate.AbstractRegistrate/REGISTRATE.REGISTER]: Captured registration for entry fruitsdelight:fig_jello of type forge:fluid_type
[26Feb2026 22:11:02.240] [modloading-worker-0/DEBUG] [com.tterrag.registrate.AbstractRegistrate/REGISTRATE.REGISTER]: Captured registration for entry fruitsdelight:fig_jello of type minecraft:fluid
[26Feb2026 22:11:02.240] [modloading-worker-0/DEBUG] [com.tterrag.registrate.AbstractRegistrate/REGISTRATE.REGISTER]: Captured registration for entry fruitsdelight:flowing_fig_jello of type minecraft:fluid
[26Feb2026 22:11:02.240] [modloading-worker-0/DEBUG] [com.tterrag.registrate.AbstractRegistrate/REGISTRATE.REGISTER]: Captured registration for entry fruitsdelight:durian_jam of type forge:fluid_type
[26Feb2026 22:11:02.240] [modloading-worker-0/DEBUG] [com.tterrag.registrate.AbstractRegistrate/REGISTRATE.REGISTER]: Captured registration for entry fruitsdelight:durian_jam of type minecraft:fluid
[26Feb2026 22:11:02.240] [modloading-worker-0/DEBUG] [com.tterrag.registrate.AbstractRegistrate/REGISTRATE.REGISTER]: Captured registration for entry fruitsdelight:flowing_durian_jam of type minecraft:fluid
[26Feb2026 22:11:02.240] [modloading-worker-0/DEBUG] [com.tterrag.registrate.AbstractRegistrate/REGISTRATE.REGISTER]: Captured registration for entry fruitsdelight:durian_jello of type forge:fluid_type
[26Feb2026 22:11:02.240] [modloading-worker-0/DEBUG] [com.tterrag.registrate.AbstractRegistrate/REGISTRATE.REGISTER]: Captured registration for entry fruitsdelight:durian_jello of type minecraft:fluid
[26Feb2026 22:11:02.240] [modloading-worker-0/DEBUG] [com.tterrag.registrate.AbstractRegistrate/REGISTRATE.REGISTER]: Captured registration for entry fruitsdelight:flowing_durian_jello of type minecraft:fluid
[26Feb2026 22:11:02.241] [modloading-worker-0/DEBUG] [com.tterrag.registrate.AbstractRegistrate/REGISTRATE.REGISTER]: Captured registration for entry fruitsdelight:hamimelon_juice of type forge:fluid_type
[26Feb2026 22:11:02.241] [modloading-worker-0/DEBUG] [com.tterrag.registrate.AbstractRegistrate/REGISTRATE.REGISTER]: Captured registration for entry fruitsdelight:hamimelon_juice of type minecraft:fluid
[26Feb2026 22:11:02.241] [modloading-worker-0/DEBUG] [com.tterrag.registrate.AbstractRegistrate/REGISTRATE.REGISTER]: Captured registration for entry fruitsdelight:flowing_hamimelon_juice of type minecraft:fluid
[26Feb2026 22:11:02.241] [modloading-worker-0/DEBUG] [com.tterrag.registrate.AbstractRegistrate/REGISTRATE.REGISTER]: Captured registration for entry fruitsdelight:hawberry_tea of type forge:fluid_type
[26Feb2026 22:11:02.241] [modloading-worker-0/DEBUG] [com.tterrag.registrate.AbstractRegistrate/REGISTRATE.REGISTER]: Captured registration for entry fruitsdelight:hawberry_tea of type minecraft:fluid
[26Feb2026 22:11:02.241] [modloading-worker-0/DEBUG] [com.tterrag.registrate.AbstractRegistrate/REGISTRATE.REGISTER]: Captured registration for entry fruitsdelight:flowing_hawberry_tea of type minecraft:fluid
[26Feb2026 22:11:02.241] [modloading-worker-0/DEBUG] [com.tterrag.registrate.AbstractRegistrate/REGISTRATE.REGISTER]: Captured registration for entry fruitsdelight:orange_juice of type forge:fluid_type
[26Feb2026 22:11:02.241] [modloading-worker-0/DEBUG] [com.tterrag.registrate.AbstractRegistrate/REGISTRATE.REGISTER]: Captured registration for entry fruitsdelight:orange_juice of type minecraft:fluid
[26Feb2026 22:11:02.241] [modloading-worker-0/DEBUG] [com.tterrag.registrate.AbstractRegistrate/REGISTRATE.REGISTER]: Captured registration for entry fruitsdelight:flowing_orange_juice of type minecraft:fluid
[26Feb2026 22:11:02.241] [modloading-worker-0/DEBUG] [com.tterrag.registrate.AbstractRegistrate/REGISTRATE.REGISTER]: Captured registration for entry fruitsdelight:lemon_juice of type forge:fluid_type
[26Feb2026 22:11:02.241] [modloading-worker-0/DEBUG] [com.tterrag.registrate.AbstractRegistrate/REGISTRATE.REGISTER]: Captured registration for entry fruitsdelight:lemon_juice of type minecraft:fluid
[26Feb2026 22:11:02.241] [modloading-worker-0/DEBUG] [com.tterrag.registrate.AbstractRegistrate/REGISTRATE.REGISTER]: Captured registration for entry fruitsdelight:flowing_lemon_juice of type minecraft:fluid
[26Feb2026 22:11:02.241] [modloading-worker-0/DEBUG] [com.tterrag.registrate.AbstractRegistrate/REGISTRATE.REGISTER]: Captured registration for entry fruitsdelight:pear_juice of type forge:fluid_type
[26Feb2026 22:11:02.241] [modloading-worker-0/DEBUG] [com.tterrag.registrate.AbstractRegistrate/REGISTRATE.REGISTER]: Captured registration for entry fruitsdelight:pear_juice of type minecraft:fluid
[26Feb2026 22:11:02.241] [modloading-worker-0/DEBUG] [com.tterrag.registrate.AbstractRegistrate/REGISTRATE.REGISTER]: Captured registration for entry fruitsdelight:flowing_pear_juice of type minecraft:fluid
[26Feb2026 22:11:02.241] [modloading-worker-0/DEBUG] [com.tterrag.registrate.AbstractRegistrate/REGISTRATE.REGISTER]: Captured registration for entry fruitsdelight:mango_tea of type forge:fluid_type
[26Feb2026 22:11:02.241] [modloading-worker-0/DEBUG] [com.tterrag.registrate.AbstractRegistrate/REGISTRATE.REGISTER]: Captured registration for entry fruitsdelight:mango_tea of type minecraft:fluid
[26Feb2026 22:11:02.241] [modloading-worker-0/DEBUG] [com.tterrag.registrate.AbstractRegistrate/REGISTRATE.REGISTER]: Captured registration for entry fruitsdelight:flowing_mango_tea of type minecraft:fluid
[26Feb2026 22:11:02.242] [modloading-worker-0/DEBUG] [com.tterrag.registrate.AbstractRegistrate/REGISTRATE.REGISTER]: Captured registration for entry fruitsdelight:peach_tea of type forge:fluid_type
[26Feb2026 22:11:02.242] [modloading-worker-0/DEBUG] [com.tterrag.registrate.AbstractRegistrate/REGISTRATE.REGISTER]: Captured registration for entry fruitsdelight:peach_tea of type minecraft:fluid
[26Feb2026 22:11:02.242] [modloading-worker-0/DEBUG] [com.tterrag.registrate.AbstractRegistrate/REGISTRATE.REGISTER]: Captured registration for entry fruitsdelight:flowing_peach_tea of type minecraft:fluid
[26Feb2026 22:11:02.242] [modloading-worker-0/DEBUG] [com.tterrag.registrate.AbstractRegistrate/REGISTRATE.REGISTER]: Captured registration for entry fruitsdelight:lychee_cherry_tea of type forge:fluid_type
[26Feb2026 22:11:02.242] [modloading-worker-0/DEBUG] [com.tterrag.registrate.AbstractRegistrate/REGISTRATE.REGISTER]: Captured registration for entry fruitsdelight:lychee_cherry_tea of type minecraft:fluid
[26Feb2026 22:11:02.242] [modloading-worker-0/DEBUG] [com.tterrag.registrate.AbstractRegistrate/REGISTRATE.REGISTER]: Captured registration for entry fruitsdelight:flowing_lychee_cherry_tea of type minecraft:fluid
[26Feb2026 22:11:02.242] [modloading-worker-0/DEBUG] [com.tterrag.registrate.AbstractRegistrate/REGISTRATE.REGISTER]: Captured registration for entry fruitsdelight:mangosteen_tea of type forge:fluid_type
[26Feb2026 22:11:02.242] [modloading-worker-0/DEBUG] [com.tterrag.registrate.AbstractRegistrate/REGISTRATE.REGISTER]: Captured registration for entry fruitsdelight:mangosteen_tea of type minecraft:fluid
[26Feb2026 22:11:02.242] [modloading-worker-0/DEBUG] [com.tterrag.registrate.AbstractRegistrate/REGISTRATE.REGISTER]: Captured registration for entry fruitsdelight:flowing_mangosteen_tea of type minecraft:fluid
[26Feb2026 22:11:02.242] [modloading-worker-0/DEBUG] [com.tterrag.registrate.AbstractRegistrate/REGISTRATE.REGISTER]: Captured registration for entry fruitsdelight:bayberry_soup of type forge:fluid_type
[26Feb2026 22:11:02.242] [modloading-worker-0/DEBUG] [com.tterrag.registrate.AbstractRegistrate/REGISTRATE.REGISTER]: Captured registration for entry fruitsdelight:bayberry_soup of type minecraft:fluid
[26Feb2026 22:11:02.243] [modloading-worker-0/DEBUG] [com.tterrag.registrate.AbstractRegistrate/REGISTRATE.REGISTER]: Captured registration for entry fruitsdelight:flowing_bayberry_soup of type minecraft:fluid
[26Feb2026 22:11:02.243] [modloading-worker-0/DEBUG] [com.tterrag.registrate.AbstractRegistrate/REGISTRATE.REGISTER]: Captured registration for entry fruitsdelight:kiwi_juice of type forge:fluid_type
[26Feb2026 22:11:02.243] [modloading-worker-0/DEBUG] [com.tterrag.registrate.AbstractRegistrate/REGISTRATE.REGISTER]: Captured registration for entry fruitsdelight:kiwi_juice of type minecraft:fluid
[26Feb2026 22:11:02.243] [modloading-worker-0/DEBUG] [com.tterrag.registrate.AbstractRegistrate/REGISTRATE.REGISTER]: Captured registration for entry fruitsdelight:flowing_kiwi_juice of type minecraft:fluid
[26Feb2026 22:11:02.243] [modloading-worker-0/DEBUG] [com.tterrag.registrate.AbstractRegistrate/REGISTRATE.REGISTER]: Captured registration for entry fruitsdelight:bellini_cocktail of type forge:fluid_type
[26Feb2026 22:11:02.243] [modloading-worker-0/DEBUG] [com.tterrag.registrate.AbstractRegistrate/REGISTRATE.REGISTER]: Captured registration for entry fruitsdelight:bellini_cocktail of type minecraft:fluid
[26Feb2026 22:11:02.243] [modloading-worker-0/DEBUG] [com.tterrag.registrate.AbstractRegistrate/REGISTRATE.REGISTER]: Captured registration for entry fruitsdelight:flowing_bellini_cocktail of type minecraft:fluid
[26Feb2026 22:11:02.253] [modloading-worker-0/DEBUG] [net.minecraftforge.fml.javafmlmod.AutomaticEventSubscriber/LOADING]: Attempting to inject @EventBusSubscriber classes into the eventbus for fruitsdelight
[26Feb2026 22:11:02.253] [modloading-worker-0/DEBUG] [net.minecraftforge.fml.javafmlmod.AutomaticEventSubscriber/LOADING]: Auto-subscribing dev.xkmc.fruitsdelight.init.FruitsDelight to MOD
[26Feb2026 22:11:02.255] [modloading-worker-0/DEBUG] [net.minecraftforge.fml.javafmlmod.AutomaticEventSubscriber/LOADING]: Auto-subscribing dev.xkmc.fruitsdelight.events.EffectHandlers to FORGE
[26Feb2026 22:11:02.334] [main/DEBUG] [net.minecraftforge.common.capabilities.CapabilityManager/CAPABILITIES]: Attempting to automatically register: Lnet/minecraftforge/energy/IEnergyStorage;
[26Feb2026 22:11:02.335] [main/DEBUG] [net.minecraftforge.common.capabilities.CapabilityManager/CAPABILITIES]: Attempting to automatically register: Lnet/minecraftforge/fluids/capability/IFluidHandler;
[26Feb2026 22:11:02.335] [main/DEBUG] [net.minecraftforge.common.capabilities.CapabilityManager/CAPABILITIES]: Attempting to automatically register: Lnet/minecraftforge/fluids/capability/IFluidHandlerItem;
[26Feb2026 22:11:02.335] [main/DEBUG] [net.minecraftforge.common.capabilities.CapabilityManager/CAPABILITIES]: Attempting to automatically register: Lnet/minecraftforge/items/IItemHandler;
[26Feb2026 22:11:02.356] [main/DEBUG] [com.tterrag.registrate.AbstractRegistrate/REGISTRATE.REGISTER]: (fruitsdelight) Registering 112 known objects of type minecraft:fluid
[26Feb2026 22:11:02.358] [main/DEBUG] [com.tterrag.registrate.AbstractRegistrate/REGISTRATE.REGISTER]: Registered fruitsdelight:apple_jam to registry minecraft:fluid
[26Feb2026 22:11:02.358] [main/DEBUG] [com.tterrag.registrate.AbstractRegistrate/REGISTRATE.REGISTER]: Registered fruitsdelight:flowing_apple_jam to registry minecraft:fluid
[26Feb2026 22:11:02.358] [main/DEBUG] [com.tterrag.registrate.AbstractRegistrate/REGISTRATE.REGISTER]: Registered fruitsdelight:apple_jello to registry minecraft:fluid
[26Feb2026 22:11:02.358] [main/DEBUG] [com.tterrag.registrate.AbstractRegistrate/REGISTRATE.REGISTER]: Registered fruitsdelight:flowing_apple_jello to registry minecraft:fluid
[26Feb2026 22:11:02.358] [main/DEBUG] [com.tterrag.registrate.AbstractRegistrate/REGISTRATE.REGISTER]: Registered fruitsdelight:blueberry_jam to registry minecraft:fluid
[26Feb2026 22:11:02.359] [main/DEBUG] [com.tterrag.registrate.AbstractRegistrate/REGISTRATE.REGISTER]: Registered fruitsdelight:flowing_blueberry_jam to registry minecraft:fluid
[26Feb2026 22:11:02.359] [main/DEBUG] [com.tterrag.registrate.AbstractRegistrate/REGISTRATE.REGISTER]: Registered fruitsdelight:blueberry_jello to registry minecraft:fluid
[26Feb2026 22:11:02.359] [main/DEBUG] [com.tterrag.registrate.AbstractRegistrate/REGISTRATE.REGISTER]: Registered fruitsdelight:flowing_blueberry_jello to registry minecraft:fluid
[26Feb2026 22:11:02.359] [main/DEBUG] [com.tterrag.registrate.AbstractRegistrate/REGISTRATE.REGISTER]: Registered fruitsdelight:glowberry_jam to registry minecraft:fluid
[26Feb2026 22:11:02.359] [main/DEBUG] [com.tterrag.registrate.AbstractRegistrate/REGISTRATE.REGISTER]: Registered fruitsdelight:flowing_glowberry_jam to registry minecraft:fluid
[26Feb2026 22:11:02.359] [main/DEBUG] [com.tterrag.registrate.AbstractRegistrate/REGISTRATE.REGISTER]: Registered fruitsdelight:glowberry_jello to registry minecraft:fluid
[26Feb2026 22:11:02.359] [main/DEBUG] [com.tterrag.registrate.AbstractRegistrate/REGISTRATE.REGISTER]: Registered fruitsdelight:flowing_glowberry_jello to registry minecraft:fluid
[26Feb2026 22:11:02.359] [main/DEBUG] [com.tterrag.registrate.AbstractRegistrate/REGISTRATE.REGISTER]: Registered fruitsdelight:hamimelon_jam to registry minecraft:fluid
[26Feb2026 22:11:02.360] [main/DEBUG] [com.tterrag.registrate.AbstractRegistrate/REGISTRATE.REGISTER]: Registered fruitsdelight:flowing_hamimelon_jam to registry minecraft:fluid
[26Feb2026 22:11:02.360] [main/DEBUG] [com.tterrag.registrate.AbstractRegistrate/REGISTRATE.REGISTER]: Registered fruitsdelight:hamimelon_jello to registry minecraft:fluid
[26Feb2026 22:11:02.360] [main/DEBUG] [com.tterrag.registrate.AbstractRegistrate/REGISTRATE.REGISTER]: Registered fruitsdelight:flowing_hamimelon_jello to registry minecraft:fluid
[26Feb2026 22:11:02.360] [main/DEBUG] [com.tterrag.registrate.AbstractRegistrate/REGISTRATE.REGISTER]: Registered fruitsdelight:melon_jam to registry minecraft:fluid
[26Feb2026 22:11:02.360] [main/DEBUG] [com.tterrag.registrate.AbstractRegistrate/REGISTRATE.REGISTER]: Registered fruitsdelight:flowing_melon_jam to registry minecraft:fluid
[26Feb2026 22:11:02.361] [main/DEBUG] [com.tterrag.registrate.AbstractRegistrate/REGISTRATE.REGISTER]: Registered fruitsdelight:melon_jello to registry minecraft:fluid
[26Feb2026 22:11:02.361] [main/DEBUG] [com.tterrag.registrate.AbstractRegistrate/REGISTRATE.REGISTER]: Registered fruitsdelight:flowing_melon_jello to registry minecraft:fluid
[26Feb2026 22:11:02.361] [main/DEBUG] [com.tterrag.registrate.AbstractRegistrate/REGISTRATE.REGISTER]: Registered fruitsdelight:hawberry_jam to registry minecraft:fluid
[26Feb2026 22:11:02.361] [main/DEBUG] [com.tterrag.registrate.AbstractRegistrate/REGISTRATE.REGISTER]: Registered fruitsdelight:flowing_hawberry_jam to registry minecraft:fluid
[26Feb2026 22:11:02.361] [main/DEBUG] [com.tterrag.registrate.AbstractRegistrate/REGISTRATE.REGISTER]: Registered fruitsdelight:hawberry_jello to registry minecraft:fluid
[26Feb2026 22:11:02.361] [main/DEBUG] [com.tterrag.registrate.AbstractRegistrate/REGISTRATE.REGISTER]: Registered fruitsdelight:flowing_hawberry_jello to registry minecraft:fluid
[26Feb2026 22:11:02.361] [main/DEBUG] [com.tterrag.registrate.AbstractRegistrate/REGISTRATE.REGISTER]: Registered fruitsdelight:lychee_jam to registry minecraft:fluid
[26Feb2026 22:11:02.364] [main/DEBUG] [com.tterrag.registrate.AbstractRegistrate/REGISTRATE.REGISTER]: Registered fruitsdelight:flowing_lychee_jam to registry minecraft:fluid
[26Feb2026 22:11:02.364] [main/DEBUG] [com.tterrag.registrate.AbstractRegistrate/REGISTRATE.REGISTER]: Registered fruitsdelight:lychee_jello to registry minecraft:fluid
[26Feb2026 22:11:02.364] [main/DEBUG] [com.tterrag.registrate.AbstractRegistrate/REGISTRATE.REGISTER]: Registered fruitsdelight:flowing_lychee_jello to registry minecraft:fluid
[26Feb2026 22:11:02.364] [main/DEBUG] [com.tterrag.registrate.AbstractRegistrate/REGISTRATE.REGISTER]: Registered fruitsdelight:mango_jam to registry minecraft:fluid
[26Feb2026 22:11:02.364] [main/DEBUG] [com.tterrag.registrate.AbstractRegistrate/REGISTRATE.REGISTER]: Registered fruitsdelight:flowing_mango_jam to registry minecraft:fluid
[26Feb2026 22:11:02.364] [main/DEBUG] [com.tterrag.registrate.AbstractRegistrate/REGISTRATE.REGISTER]: Registered fruitsdelight:mango_jello to registry minecraft:fluid
[26Feb2026 22:11:02.364] [main/DEBUG] [com.tterrag.registrate.AbstractRegistrate/REGISTRATE.REGISTER]: Registered fruitsdelight:flowing_mango_jello to registry minecraft:fluid
[26Feb2026 22:11:02.366] [main/DEBUG] [com.tterrag.registrate.AbstractRegistrate/REGISTRATE.REGISTER]: Registered fruitsdelight:orange_jam to registry minecraft:fluid
[26Feb2026 22:11:02.367] [main/DEBUG] [com.tterrag.registrate.AbstractRegistrate/REGISTRATE.REGISTER]: Registered fruitsdelight:flowing_orange_jam to registry minecraft:fluid
[26Feb2026 22:11:02.367] [main/DEBUG] [com.tterrag.registrate.AbstractRegistrate/REGISTRATE.REGISTER]: Registered fruitsdelight:orange_jello to registry minecraft:fluid
[26Feb2026 22:11:02.367] [main/DEBUG] [com.tterrag.registrate.AbstractRegistrate/REGISTRATE.REGISTER]: Registered fruitsdelight:flowing_orange_jello to registry minecraft:fluid
[26Feb2026 22:11:02.367] [main/DEBUG] [com.tterrag.registrate.AbstractRegistrate/REGISTRATE.REGISTER]: Registered fruitsdelight:peach_jam to registry minecraft:fluid
[26Feb2026 22:11:02.367] [main/DEBUG] [com.tterrag.registrate.AbstractRegistrate/REGISTRATE.REGISTER]: Registered fruitsdelight:flowing_peach_jam to registry minecraft:fluid
[26Feb2026 22:11:02.367] [main/DEBUG] [com.tterrag.registrate.AbstractRegistrate/REGISTRATE.REGISTER]: Registered fruitsdelight:peach_jello to registry minecraft:fluid
[26Feb2026 22:11:02.367] [main/DEBUG] [com.tterrag.registrate.AbstractRegistrate/REGISTRATE.REGISTER]: Registered fruitsdelight:flowing_peach_jello to registry minecraft:fluid
[26Feb2026 22:11:02.369] [main/DEBUG] [com.tterrag.registrate.AbstractRegistrate/REGISTRATE.REGISTER]: Registered fruitsdelight:pear_jam to registry minecraft:fluid
[26Feb2026 22:11:02.370] [main/DEBUG] [com.tterrag.registrate.AbstractRegistrate/REGISTRATE.REGISTER]: Registered fruitsdelight:flowing_pear_jam to registry minecraft:fluid
[26Feb2026 22:11:02.370] [main/DEBUG] [com.tterrag.registrate.AbstractRegistrate/REGISTRATE.REGISTER]: Registered fruitsdelight:pear_jello to registry minecraft:fluid
[26Feb2026 22:11:02.370] [main/DEBUG] [com.tterrag.registrate.AbstractRegistrate/REGISTRATE.REGISTER]: Registered fruitsdelight:flowing_pear_jello to registry minecraft:fluid
[26Feb2026 22:11:02.370] [main/DEBUG] [com.tterrag.registrate.AbstractRegistrate/REGISTRATE.REGISTER]: Registered fruitsdelight:persimmon_jam to registry minecraft:fluid
[26Feb2026 22:11:02.370] [main/DEBUG] [com.tterrag.registrate.AbstractRegistrate/REGISTRATE.REGISTER]: Registered fruitsdelight:flowing_persimmon_jam to registry minecraft:fluid
[26Feb2026 22:11:02.370] [main/DEBUG] [com.tterrag.registrate.AbstractRegistrate/REGISTRATE.REGISTER]: Registered fruitsdelight:persimmon_jello to registry minecraft:fluid
[26Feb2026 22:11:02.371] [main/DEBUG] [com.tterrag.registrate.AbstractRegistrate/REGISTRATE.REGISTER]: Registered fruitsdelight:flowing_persimmon_jello to registry minecraft:fluid
[26Feb2026 22:11:02.372] [main/DEBUG] [com.tterrag.registrate.AbstractRegistrate/REGISTRATE.REGISTER]: Registered fruitsdelight:pineapple_jam to registry minecraft:fluid
[26Feb2026 22:11:02.372] [main/DEBUG] [com.tterrag.registrate.AbstractRegistrate/REGISTRATE.REGISTER]: Registered fruitsdelight:flowing_pineapple_jam to registry minecraft:fluid
[26Feb2026 22:11:02.372] [main/DEBUG] [com.tterrag.registrate.AbstractRegistrate/REGISTRATE.REGISTER]: Registered fruitsdelight:pineapple_jello to registry minecraft:fluid
[26Feb2026 22:11:02.372] [main/DEBUG] [com.tterrag.registrate.AbstractRegistrate/REGISTRATE.REGISTER]: Registered fruitsdelight:flowing_pineapple_jello to registry minecraft:fluid
[26Feb2026 22:11:02.372] [main/DEBUG] [com.tterrag.registrate.AbstractRegistrate/REGISTRATE.REGISTER]: Registered fruitsdelight:lemon_jam to registry minecraft:fluid
[26Feb2026 22:11:02.372] [main/DEBUG] [com.tterrag.registrate.AbstractRegistrate/REGISTRATE.REGISTER]: Registered fruitsdelight:flowing_lemon_jam to registry minecraft:fluid
[26Feb2026 22:11:02.372] [main/DEBUG] [com.tterrag.registrate.AbstractRegistrate/REGISTRATE.REGISTER]: Registered fruitsdelight:lemon_jello to registry minecraft:fluid
[26Feb2026 22:11:02.372] [main/DEBUG] [com.tterrag.registrate.AbstractRegistrate/REGISTRATE.REGISTER]: Registered fruitsdelight:flowing_lemon_jello to registry minecraft:fluid
[26Feb2026 22:11:02.373] [main/DEBUG] [com.tterrag.registrate.AbstractRegistrate/REGISTRATE.REGISTER]: Registered fruitsdelight:cranberry_jam to registry minecraft:fluid
[26Feb2026 22:11:02.373] [main/DEBUG] [com.tterrag.registrate.AbstractRegistrate/REGISTRATE.REGISTER]: Registered fruitsdelight:flowing_cranberry_jam to registry minecraft:fluid
[26Feb2026 22:11:02.373] [main/DEBUG] [com.tterrag.registrate.AbstractRegistrate/REGISTRATE.REGISTER]: Registered fruitsdelight:cranberry_jello to registry minecraft:fluid
[26Feb2026 22:11:02.373] [main/DEBUG] [com.tterrag.registrate.AbstractRegistrate/REGISTRATE.REGISTER]: Registered fruitsdelight:flowing_cranberry_jello to registry minecraft:fluid
[26Feb2026 22:11:02.373] [main/DEBUG] [com.tterrag.registrate.AbstractRegistrate/REGISTRATE.REGISTER]: Registered fruitsdelight:mangosteen_jam to registry minecraft:fluid
[26Feb2026 22:11:02.373] [main/DEBUG] [com.tterrag.registrate.AbstractRegistrate/REGISTRATE.REGISTER]: Registered fruitsdelight:flowing_mangosteen_jam to registry minecraft:fluid
[26Feb2026 22:11:02.373] [main/DEBUG] [com.tterrag.registrate.AbstractRegistrate/REGISTRATE.REGISTER]: Registered fruitsdelight:mangosteen_jello to registry minecraft:fluid
[26Feb2026 22:11:02.373] [main/DEBUG] [com.tterrag.registrate.AbstractRegistrate/REGISTRATE.REGISTER]: Registered fruitsdelight:flowing_mangosteen_jello to registry minecraft:fluid
[26Feb2026 22:11:02.374] [main/DEBUG] [com.tterrag.registrate.AbstractRegistrate/REGISTRATE.REGISTER]: Registered fruitsdelight:sweetberry_jam to registry minecraft:fluid
[26Feb2026 22:11:02.374] [main/DEBUG] [com.tterrag.registrate.AbstractRegistrate/REGISTRATE.REGISTER]: Registered fruitsdelight:flowing_sweetberry_jam to registry minecraft:fluid
[26Feb2026 22:11:02.374] [main/DEBUG] [com.tterrag.registrate.AbstractRegistrate/REGISTRATE.REGISTER]: Registered fruitsdelight:sweetberry_jello to registry minecraft:fluid
[26Feb2026 22:11:02.374] [main/DEBUG] [com.tterrag.registrate.AbstractRegistrate/REGISTRATE.REGISTER]: Registered fruitsdelight:flowing_sweetberry_jello to registry minecraft:fluid
[26Feb2026 22:11:02.374] [main/DEBUG] [com.tterrag.registrate.AbstractRegistrate/REGISTRATE.REGISTER]: Registered fruitsdelight:chorus_jam to registry minecraft:fluid
[26Feb2026 22:11:02.374] [main/DEBUG] [com.tterrag.registrate.AbstractRegistrate/REGISTRATE.REGISTER]: Registered fruitsdelight:flowing_chorus_jam to registry minecraft:fluid
[26Feb2026 22:11:02.374] [main/DEBUG] [com.tterrag.registrate.AbstractRegistrate/REGISTRATE.REGISTER]: Registered fruitsdelight:chorus_jello to registry minecraft:fluid
[26Feb2026 22:11:02.375] [main/DEBUG] [com.tterrag.registrate.AbstractRegistrate/REGISTRATE.REGISTER]: Registered fruitsdelight:flowing_chorus_jello to registry minecraft:fluid
[26Feb2026 22:11:02.375] [main/DEBUG] [com.tterrag.registrate.AbstractRegistrate/REGISTRATE.REGISTER]: Registered fruitsdelight:bayberry_jam to registry minecraft:fluid
[26Feb2026 22:11:02.375] [main/DEBUG] [com.tterrag.registrate.AbstractRegistrate/REGISTRATE.REGISTER]: Registered fruitsdelight:flowing_bayberry_jam to registry minecraft:fluid
[26Feb2026 22:11:02.375] [main/DEBUG] [com.tterrag.registrate.AbstractRegistrate/REGISTRATE.REGISTER]: Registered fruitsdelight:bayberry_jello to registry minecraft:fluid
[26Feb2026 22:11:02.375] [main/DEBUG] [com.tterrag.registrate.AbstractRegistrate/REGISTRATE.REGISTER]: Registered fruitsdelight:flowing_bayberry_jello to registry minecraft:fluid
[26Feb2026 22:11:02.375] [main/DEBUG] [com.tterrag.registrate.AbstractRegistrate/REGISTRATE.REGISTER]: Registered fruitsdelight:kiwi_jam to registry minecraft:fluid
[26Feb2026 22:11:02.375] [main/DEBUG] [com.tterrag.registrate.AbstractRegistrate/REGISTRATE.REGISTER]: Registered fruitsdelight:flowing_kiwi_jam to registry minecraft:fluid
[26Feb2026 22:11:02.375] [main/DEBUG] [com.tterrag.registrate.AbstractRegistrate/REGISTRATE.REGISTER]: Registered fruitsdelight:kiwi_jello to registry minecraft:fluid
[26Feb2026 22:11:02.376] [main/DEBUG] [com.tterrag.registrate.AbstractRegistrate/REGISTRATE.REGISTER]: Registered fruitsdelight:flowing_kiwi_jello to registry minecraft:fluid
[26Feb2026 22:11:02.376] [main/DEBUG] [com.tterrag.registrate.AbstractRegistrate/REGISTRATE.REGISTER]: Registered fruitsdelight:fig_jam to registry minecraft:fluid
[26Feb2026 22:11:02.376] [main/DEBUG] [com.tterrag.registrate.AbstractRegistrate/REGISTRATE.REGISTER]: Registered fruitsdelight:flowing_fig_jam to registry minecraft:fluid
[26Feb2026 22:11:02.376] [main/DEBUG] [com.tterrag.registrate.AbstractRegistrate/REGISTRATE.REGISTER]: Registered fruitsdelight:fig_jello to registry minecraft:fluid
[26Feb2026 22:11:02.376] [main/DEBUG] [com.tterrag.registrate.AbstractRegistrate/REGISTRATE.REGISTER]: Registered fruitsdelight:flowing_fig_jello to registry minecraft:fluid
[26Feb2026 22:11:02.376] [main/DEBUG] [com.tterrag.registrate.AbstractRegistrate/REGISTRATE.REGISTER]: Registered fruitsdelight:durian_jam to registry minecraft:fluid
[26Feb2026 22:11:02.376] [main/DEBUG] [com.tterrag.registrate.AbstractRegistrate/REGISTRATE.REGISTER]: Registered fruitsdelight:flowing_durian_jam to registry minecraft:fluid
[26Feb2026 22:11:02.376] [main/DEBUG] [com.tterrag.registrate.AbstractRegistrate/REGISTRATE.REGISTER]: Registered fruitsdelight:durian_jello to registry minecraft:fluid
[26Feb2026 22:11:02.377] [main/DEBUG] [com.tterrag.registrate.AbstractRegistrate/REGISTRATE.REGISTER]: Registered fruitsdelight:flowing_durian_jello to registry minecraft:fluid
[26Feb2026 22:11:02.377] [main/DEBUG] [com.tterrag.registrate.AbstractRegistrate/REGISTRATE.REGISTER]: Registered fruitsdelight:hamimelon_juice to registry minecraft:fluid
[26Feb2026 22:11:02.377] [main/DEBUG] [com.tterrag.registrate.AbstractRegistrate/REGISTRATE.REGISTER]: Registered fruitsdelight:flowing_hamimelon_juice to registry minecraft:fluid
[26Feb2026 22:11:02.377] [main/DEBUG] [com.tterrag.registrate.AbstractRegistrate/REGISTRATE.REGISTER]: Registered fruitsdelight:hawberry_tea to registry minecraft:fluid
[26Feb2026 22:11:02.377] [main/DEBUG] [com.tterrag.registrate.AbstractRegistrate/REGISTRATE.REGISTER]: Registered fruitsdelight:flowing_hawberry_tea to registry minecraft:fluid
[26Feb2026 22:11:02.377] [main/DEBUG] [com.tterrag.registrate.AbstractRegistrate/REGISTRATE.REGISTER]: Registered fruitsdelight:orange_juice to registry minecraft:fluid
[26Feb2026 22:11:02.377] [main/DEBUG] [com.tterrag.registrate.AbstractRegistrate/REGISTRATE.REGISTER]: Registered fruitsdelight:flowing_orange_juice to registry minecraft:fluid
[26Feb2026 22:11:02.378] [main/DEBUG] [com.tterrag.registrate.AbstractRegistrate/REGISTRATE.REGISTER]: Registered fruitsdelight:lemon_juice to registry minecraft:fluid
[26Feb2026 22:11:02.378] [main/DEBUG] [com.tterrag.registrate.AbstractRegistrate/REGISTRATE.REGISTER]: Registered fruitsdelight:flowing_lemon_juice to registry minecraft:fluid
[26Feb2026 22:11:02.378] [main/DEBUG] [com.tterrag.registrate.AbstractRegistrate/REGISTRATE.REGISTER]: Registered fruitsdelight:pear_juice to registry minecraft:fluid
[26Feb2026 22:11:02.378] [main/DEBUG] [com.tterrag.registrate.AbstractRegistrate/REGISTRATE.REGISTER]: Registered fruitsdelight:flowing_pear_juice to registry minecraft:fluid
[26Feb2026 22:11:02.378] [main/DEBUG] [com.tterrag.registrate.AbstractRegistrate/REGISTRATE.REGISTER]: Registered fruitsdelight:mango_tea to registry minecraft:fluid
[26Feb2026 22:11:02.378] [main/DEBUG] [com.tterrag.registrate.AbstractRegistrate/REGISTRATE.REGISTER]: Registered fruitsdelight:flowing_mango_tea to registry minecraft:fluid
[26Feb2026 22:11:02.379] [main/DEBUG] [com.tterrag.registrate.AbstractRegistrate/REGISTRATE.REGISTER]: Registered fruitsdelight:peach_tea to registry minecraft:fluid
[26Feb2026 22:11:02.379] [main/DEBUG] [com.tterrag.registrate.AbstractRegistrate/REGISTRATE.REGISTER]: Registered fruitsdelight:flowing_peach_tea to registry minecraft:fluid
[26Feb2026 22:11:02.379] [main/DEBUG] [com.tterrag.registrate.AbstractRegistrate/REGISTRATE.REGISTER]: Registered fruitsdelight:lychee_cherry_tea to registry minecraft:fluid
[26Feb2026 22:11:02.379] [main/DEBUG] [com.tterrag.registrate.AbstractRegistrate/REGISTRATE.REGISTER]: Registered fruitsdelight:flowing_lychee_cherry_tea to registry minecraft:fluid
[26Feb2026 22:11:02.379] [main/DEBUG] [com.tterrag.registrate.AbstractRegistrate/REGISTRATE.REGISTER]: Registered fruitsdelight:mangosteen_tea to registry minecraft:fluid
[26Feb2026 22:11:02.379] [main/DEBUG] [com.tterrag.registrate.AbstractRegistrate/REGISTRATE.REGISTER]: Registered fruitsdelight:flowing_mangosteen_tea to registry minecraft:fluid
[26Feb2026 22:11:02.379] [main/DEBUG] [com.tterrag.registrate.AbstractRegistrate/REGISTRATE.REGISTER]: Registered fruitsdelight:bayberry_soup to registry minecraft:fluid
[26Feb2026 22:11:02.379] [main/DEBUG] [com.tterrag.registrate.AbstractRegistrate/REGISTRATE.REGISTER]: Registered fruitsdelight:flowing_bayberry_soup to registry minecraft:fluid
[26Feb2026 22:11:02.379] [main/DEBUG] [com.tterrag.registrate.AbstractRegistrate/REGISTRATE.REGISTER]: Registered fruitsdelight:kiwi_juice to registry minecraft:fluid
[26Feb2026 22:11:02.379] [main/DEBUG] [com.tterrag.registrate.AbstractRegistrate/REGISTRATE.REGISTER]: Registered fruitsdelight:flowing_kiwi_juice to registry minecraft:fluid
[26Feb2026 22:11:02.379] [main/DEBUG] [com.tterrag.registrate.AbstractRegistrate/REGISTRATE.REGISTER]: Registered fruitsdelight:bellini_cocktail to registry minecraft:fluid
[26Feb2026 22:11:02.380] [main/DEBUG] [com.tterrag.registrate.AbstractRegistrate/REGISTRATE.REGISTER]: Registered fruitsdelight:flowing_bellini_cocktail to registry minecraft:fluid
[26Feb2026 22:11:06.919] [main/DEBUG] [com.tterrag.registrate.AbstractRegistrate/REGISTRATE.REGISTER]: (fruitsdelight) Registering 200 known objects of type minecraft:block
[26Feb2026 22:11:06.922] [main/DEBUG] [com.tterrag.registrate.AbstractRegistrate/REGISTRATE.REGISTER]: Registered fruitsdelight:pear_leaves to registry minecraft:block
[26Feb2026 22:11:06.923] [main/DEBUG] [com.tterrag.registrate.AbstractRegistrate/REGISTRATE.REGISTER]: Registered fruitsdelight:pear_sapling to registry minecraft:block
[26Feb2026 22:11:06.923] [main/DEBUG] [com.tterrag.registrate.AbstractRegistrate/REGISTRATE.REGISTER]: Registered fruitsdelight:potted_pear_sapling to registry minecraft:block
[26Feb2026 22:11:06.925] [main/DEBUG] [com.tterrag.registrate.AbstractRegistrate/REGISTRATE.REGISTER]: Registered fruitsdelight:hawberry_leaves to registry minecraft:block
[26Feb2026 22:11:06.925] [main/DEBUG] [com.tterrag.registrate.AbstractRegistrate/REGISTRATE.REGISTER]: Registered fruitsdelight:hawberry_sapling to registry minecraft:block
[26Feb2026 22:11:06.925] [main/DEBUG] [com.tterrag.registrate.AbstractRegistrate/REGISTRATE.REGISTER]: Registered fruitsdelight:potted_hawberry_sapling to registry minecraft:block
[26Feb2026 22:11:06.927] [main/DEBUG] [com.tterrag.registrate.AbstractRegistrate/REGISTRATE.REGISTER]: Registered fruitsdelight:lychee_leaves to registry minecraft:block
[26Feb2026 22:11:06.927] [main/DEBUG] [com.tterrag.registrate.AbstractRegistrate/REGISTRATE.REGISTER]: Registered fruitsdelight:lychee_sapling to registry minecraft:block
[26Feb2026 22:11:06.927] [main/DEBUG] [com.tterrag.registrate.AbstractRegistrate/REGISTRATE.REGISTER]: Registered fruitsdelight:potted_lychee_sapling to registry minecraft:block
[26Feb2026 22:11:06.929] [main/DEBUG] [com.tterrag.registrate.AbstractRegistrate/REGISTRATE.REGISTER]: Registered fruitsdelight:mango_leaves to registry minecraft:block
[26Feb2026 22:11:06.929] [main/DEBUG] [com.tterrag.registrate.AbstractRegistrate/REGISTRATE.REGISTER]: Registered fruitsdelight:mango_sapling to registry minecraft:block
[26Feb2026 22:11:06.930] [main/DEBUG] [com.tterrag.registrate.AbstractRegistrate/REGISTRATE.REGISTER]: Registered fruitsdelight:potted_mango_sapling to registry minecraft:block
[26Feb2026 22:11:06.931] [main/DEBUG] [com.tterrag.registrate.AbstractRegistrate/REGISTRATE.REGISTER]: Registered fruitsdelight:persimmon_leaves to registry minecraft:block
[26Feb2026 22:11:06.931] [main/DEBUG] [com.tterrag.registrate.AbstractRegistrate/REGISTRATE.REGISTER]: Registered fruitsdelight:persimmon_sapling to registry minecraft:block
[26Feb2026 22:11:06.932] [main/DEBUG] [com.tterrag.registrate.AbstractRegistrate/REGISTRATE.REGISTER]: Registered fruitsdelight:potted_persimmon_sapling to registry minecraft:block
[26Feb2026 22:11:06.936] [main/DEBUG] [com.tterrag.registrate.AbstractRegistrate/REGISTRATE.REGISTER]: Registered fruitsdelight:peach_leaves to registry minecraft:block
[26Feb2026 22:11:06.936] [main/DEBUG] [com.tterrag.registrate.AbstractRegistrate/REGISTRATE.REGISTER]: Registered fruitsdelight:peach_sapling to registry minecraft:block
[26Feb2026 22:11:06.936] [main/DEBUG] [com.tterrag.registrate.AbstractRegistrate/REGISTRATE.REGISTER]: Registered fruitsdelight:potted_peach_sapling to registry minecraft:block
[26Feb2026 22:11:06.938] [main/DEBUG] [com.tterrag.registrate.AbstractRegistrate/REGISTRATE.REGISTER]: Registered fruitsdelight:orange_leaves to registry minecraft:block
[26Feb2026 22:11:06.938] [main/DEBUG] [com.tterrag.registrate.AbstractRegistrate/REGISTRATE.REGISTER]: Registered fruitsdelight:orange_sapling to registry minecraft:block
[26Feb2026 22:11:06.939] [main/DEBUG] [com.tterrag.registrate.AbstractRegistrate/REGISTRATE.REGISTER]: Registered fruitsdelight:potted_orange_sapling to registry minecraft:block
[26Feb2026 22:11:06.940] [main/DEBUG] [com.tterrag.registrate.AbstractRegistrate/REGISTRATE.REGISTER]: Registered fruitsdelight:apple_leaves to registry minecraft:block
[26Feb2026 22:11:06.941] [main/DEBUG] [com.tterrag.registrate.AbstractRegistrate/REGISTRATE.REGISTER]: Registered fruitsdelight:apple_sapling to registry minecraft:block
[26Feb2026 22:11:06.941] [main/DEBUG] [com.tterrag.registrate.AbstractRegistrate/REGISTRATE.REGISTER]: Registered fruitsdelight:potted_apple_sapling to registry minecraft:block
[26Feb2026 22:11:06.943] [main/DEBUG] [com.tterrag.registrate.AbstractRegistrate/REGISTRATE.REGISTER]: Registered fruitsdelight:mangosteen_leaves to registry minecraft:block
[26Feb2026 22:11:06.943] [main/DEBUG] [com.tterrag.registrate.AbstractRegistrate/REGISTRATE.REGISTER]: Registered fruitsdelight:mangosteen_sapling to registry minecraft:block
[26Feb2026 22:11:06.943] [main/DEBUG] [com.tterrag.registrate.AbstractRegistrate/REGISTRATE.REGISTER]: Registered fruitsdelight:potted_mangosteen_sapling to registry minecraft:block
[26Feb2026 22:11:06.945] [main/DEBUG] [com.tterrag.registrate.AbstractRegistrate/REGISTRATE.REGISTER]: Registered fruitsdelight:bayberry_leaves to registry minecraft:block
[26Feb2026 22:11:06.945] [main/DEBUG] [com.tterrag.registrate.AbstractRegistrate/REGISTRATE.REGISTER]: Registered fruitsdelight:bayberry_sapling to registry minecraft:block
[26Feb2026 22:11:06.945] [main/DEBUG] [com.tterrag.registrate.AbstractRegistrate/REGISTRATE.REGISTER]: Registered fruitsdelight:potted_bayberry_sapling to registry minecraft:block
[26Feb2026 22:11:06.947] [main/DEBUG] [com.tterrag.registrate.AbstractRegistrate/REGISTRATE.REGISTER]: Registered fruitsdelight:kiwi_leaves to registry minecraft:block
[26Feb2026 22:11:06.947] [main/DEBUG] [com.tterrag.registrate.AbstractRegistrate/REGISTRATE.REGISTER]: Registered fruitsdelight:kiwi_sapling to registry minecraft:block
[26Feb2026 22:11:06.948] [main/DEBUG] [com.tterrag.registrate.AbstractRegistrate/REGISTRATE.REGISTER]: Registered fruitsdelight:potted_kiwi_sapling to registry minecraft:block
[26Feb2026 22:11:06.950] [main/DEBUG] [com.tterrag.registrate.AbstractRegistrate/REGISTRATE.REGISTER]: Registered fruitsdelight:fig_leaves to registry minecraft:block
[26Feb2026 22:11:06.950] [main/DEBUG] [com.tterrag.registrate.AbstractRegistrate/REGISTRATE.REGISTER]: Registered fruitsdelight:fig_sapling to registry minecraft:block
[26Feb2026 22:11:06.950] [main/DEBUG] [com.tterrag.registrate.AbstractRegistrate/REGISTRATE.REGISTER]: Registered fruitsdelight:potted_fig_sapling to registry minecraft:block
[26Feb2026 22:11:06.960] [main/DEBUG] [com.tterrag.registrate.AbstractRegistrate/REGISTRATE.REGISTER]: Registered fruitsdelight:durian_leaves to registry minecraft:block
[26Feb2026 22:11:06.960] [main/DEBUG] [com.tterrag.registrate.AbstractRegistrate/REGISTRATE.REGISTER]: Registered fruitsdelight:durian_sapling to registry minecraft:block
[26Feb2026 22:11:06.960] [main/DEBUG] [com.tterrag.registrate.AbstractRegistrate/REGISTRATE.REGISTER]: Registered fruitsdelight:potted_durian_sapling to registry minecraft:block
[26Feb2026 22:11:06.961] [main/DEBUG] [com.tterrag.registrate.AbstractRegistrate/REGISTRATE.REGISTER]: Registered fruitsdelight:durian to registry minecraft:block
[26Feb2026 22:11:06.962] [main/DEBUG] [com.tterrag.registrate.AbstractRegistrate/REGISTRATE.REGISTER]: Registered fruitsdelight:blueberry_bush to registry minecraft:block
[26Feb2026 22:11:06.963] [main/DEBUG] [com.tterrag.registrate.AbstractRegistrate/REGISTRATE.REGISTER]: Registered fruitsdelight:lemon_tree to registry minecraft:block
[26Feb2026 22:11:06.963] [main/DEBUG] [com.tterrag.registrate.AbstractRegistrate/REGISTRATE.REGISTER]: Registered fruitsdelight:cranberry_bush to registry minecraft:block
[26Feb2026 22:11:06.963] [main/DEBUG] [com.tterrag.registrate.AbstractRegistrate/REGISTRATE.REGISTER]: Registered fruitsdelight:hamimelon to registry minecraft:block
[26Feb2026 22:11:06.964] [main/DEBUG] [com.tterrag.registrate.AbstractRegistrate/REGISTRATE.REGISTER]: Registered fruitsdelight:hamimelon_stem to registry minecraft:block
[26Feb2026 22:11:06.964] [main/DEBUG] [com.tterrag.registrate.AbstractRegistrate/REGISTRATE.REGISTER]: Registered fruitsdelight:attached_hamimelon_stem to registry minecraft:block
[26Feb2026 22:11:06.965] [main/DEBUG] [com.tterrag.registrate.AbstractRegistrate/REGISTRATE.REGISTER]: Registered fruitsdelight:pineapple to registry minecraft:block
[26Feb2026 22:11:06.965] [main/DEBUG] [com.tterrag.registrate.AbstractRegistrate/REGISTRATE.REGISTER]: Registered fruitsdelight:wild_pineapple to registry minecraft:block
[26Feb2026 22:11:06.965] [main/DEBUG] [com.tterrag.registrate.AbstractRegistrate/REGISTRATE.REGISTER]: Registered fruitsdelight:apple_jelly to registry minecraft:block
[26Feb2026 22:11:06.965] [main/DEBUG] [com.tterrag.registrate.AbstractRegistrate/REGISTRATE.REGISTER]: Registered fruitsdelight:blueberry_jelly to registry minecraft:block
[26Feb2026 22:11:06.965] [main/DEBUG] [com.tterrag.registrate.AbstractRegistrate/REGISTRATE.REGISTER]: Registered fruitsdelight:glowberry_jelly to registry minecraft:block
[26Feb2026 22:11:06.966] [main/DEBUG] [com.tterrag.registrate.AbstractRegistrate/REGISTRATE.REGISTER]: Registered fruitsdelight:hamimelon_jelly to registry minecraft:block
[26Feb2026 22:11:06.966] [main/DEBUG] [com.tterrag.registrate.AbstractRegistrate/REGISTRATE.REGISTER]: Registered fruitsdelight:melon_jelly to registry minecraft:block
[26Feb2026 22:11:06.966] [main/DEBUG] [com.tterrag.registrate.AbstractRegistrate/REGISTRATE.REGISTER]: Registered fruitsdelight:hawberry_jelly to registry minecraft:block
[26Feb2026 22:11:06.967] [main/DEBUG] [com.tterrag.registrate.AbstractRegistrate/REGISTRATE.REGISTER]: Registered fruitsdelight:lychee_jelly to registry minecraft:block
[26Feb2026 22:11:06.967] [main/DEBUG] [com.tterrag.registrate.AbstractRegistrate/REGISTRATE.REGISTER]: Registered fruitsdelight:mango_jelly to registry minecraft:block
[26Feb2026 22:11:06.967] [main/DEBUG] [com.tterrag.registrate.AbstractRegistrate/REGISTRATE.REGISTER]: Registered fruitsdelight:orange_jelly to registry minecraft:block
[26Feb2026 22:11:06.967] [main/DEBUG] [com.tterrag.registrate.AbstractRegistrate/REGISTRATE.REGISTER]: Registered fruitsdelight:peach_jelly to registry minecraft:block
[26Feb2026 22:11:06.967] [main/DEBUG] [com.tterrag.registrate.AbstractRegistrate/REGISTRATE.REGISTER]: Registered fruitsdelight:pear_jelly to registry minecraft:block
[26Feb2026 22:11:06.967] [main/DEBUG] [com.tterrag.registrate.AbstractRegistrate/REGISTRATE.REGISTER]: Registered fruitsdelight:persimmon_jelly to registry minecraft:block
[26Feb2026 22:11:06.967] [main/DEBUG] [com.tterrag.registrate.AbstractRegistrate/REGISTRATE.REGISTER]: Registered fruitsdelight:pineapple_jelly to registry minecraft:block
[26Feb2026 22:11:06.967] [main/DEBUG] [com.tterrag.registrate.AbstractRegistrate/REGISTRATE.REGISTER]: Registered fruitsdelight:lemon_jelly to registry minecraft:block
[26Feb2026 22:11:06.968] [main/DEBUG] [com.tterrag.registrate.AbstractRegistrate/REGISTRATE.REGISTER]: Registered fruitsdelight:cranberry_jelly to registry minecraft:block
[26Feb2026 22:11:06.968] [main/DEBUG] [com.tterrag.registrate.AbstractRegistrate/REGISTRATE.REGISTER]: Registered fruitsdelight:mangosteen_jelly to registry minecraft:block
[26Feb2026 22:11:06.968] [main/DEBUG] [com.tterrag.registrate.AbstractRegistrate/REGISTRATE.REGISTER]: Registered fruitsdelight:sweetberry_jelly to registry minecraft:block
[26Feb2026 22:11:06.968] [main/DEBUG] [com.tterrag.registrate.AbstractRegistrate/REGISTRATE.REGISTER]: Registered fruitsdelight:chorus_jelly to registry minecraft:block
[26Feb2026 22:11:06.968] [main/DEBUG] [com.tterrag.registrate.AbstractRegistrate/REGISTRATE.REGISTER]: Registered fruitsdelight:bayberry_jelly to registry minecraft:block
[26Feb2026 22:11:06.968] [main/DEBUG] [com.tterrag.registrate.AbstractRegistrate/REGISTRATE.REGISTER]: Registered fruitsdelight:kiwi_jelly to registry minecraft:block
[26Feb2026 22:11:06.968] [main/DEBUG] [com.tterrag.registrate.AbstractRegistrate/REGISTRATE.REGISTER]: Registered fruitsdelight:fig_jelly to registry minecraft:block
[26Feb2026 22:11:06.968] [main/DEBUG] [com.tterrag.registrate.AbstractRegistrate/REGISTRATE.REGISTER]: Registered fruitsdelight:durian_jelly to registry minecraft:block
[26Feb2026 22:11:06.970] [main/DEBUG] [com.tterrag.registrate.AbstractRegistrate/REGISTRATE.REGISTER]: Registered fruitsdelight:pineapple_fried_rice to registry minecraft:block
[26Feb2026 22:11:06.970] [main/DEBUG] [com.tterrag.registrate.AbstractRegistrate/REGISTRATE.REGISTER]: Registered fruitsdelight:mangosteen_cake to registry minecraft:block
[26Feb2026 22:11:06.971] [main/DEBUG] [com.tterrag.registrate.AbstractRegistrate/REGISTRATE.REGISTER]: Registered fruitsdelight:fig_pudding to registry minecraft:block
[26Feb2026 22:11:06.971] [main/DEBUG] [com.tterrag.registrate.AbstractRegistrate/REGISTRATE.REGISTER]: Registered fruitsdelight:pear_crate to registry minecraft:block
[26Feb2026 22:11:06.971] [main/DEBUG] [com.tterrag.registrate.AbstractRegistrate/REGISTRATE.REGISTER]: Registered fruitsdelight:hawberry_crate to registry minecraft:block
[26Feb2026 22:11:06.971] [main/DEBUG] [com.tterrag.registrate.AbstractRegistrate/REGISTRATE.REGISTER]: Registered fruitsdelight:lychee_crate to registry minecraft:block
[26Feb2026 22:11:06.972] [main/DEBUG] [com.tterrag.registrate.AbstractRegistrate/REGISTRATE.REGISTER]: Registered fruitsdelight:mango_crate to registry minecraft:block
[26Feb2026 22:11:06.972] [main/DEBUG] [com.tterrag.registrate.AbstractRegistrate/REGISTRATE.REGISTER]: Registered fruitsdelight:persimmon_crate to registry minecraft:block
[26Feb2026 22:11:06.972] [main/DEBUG] [com.tterrag.registrate.AbstractRegistrate/REGISTRATE.REGISTER]: Registered fruitsdelight:peach_crate to registry minecraft:block
[26Feb2026 22:11:06.972] [main/DEBUG] [com.tterrag.registrate.AbstractRegistrate/REGISTRATE.REGISTER]: Registered fruitsdelight:orange_crate to registry minecraft:block
[26Feb2026 22:11:06.972] [main/DEBUG] [com.tterrag.registrate.AbstractRegistrate/REGISTRATE.REGISTER]: Registered fruitsdelight:mangosteen_crate to registry minecraft:block
[26Feb2026 22:11:06.972] [main/DEBUG] [com.tterrag.registrate.AbstractRegistrate/REGISTRATE.REGISTER]: Registered fruitsdelight:bayberry_crate to registry minecraft:block
[26Feb2026 22:11:06.972] [main/DEBUG] [com.tterrag.registrate.AbstractRegistrate/REGISTRATE.REGISTER]: Registered fruitsdelight:kiwi_crate to registry minecraft:block
[26Feb2026 22:11:06.972] [main/DEBUG] [com.tterrag.registrate.AbstractRegistrate/REGISTRATE.REGISTER]: Registered fruitsdelight:fig_crate to registry minecraft:block
[26Feb2026 22:11:06.972] [main/DEBUG] [com.tterrag.registrate.AbstractRegistrate/REGISTRATE.REGISTER]: Registered fruitsdelight:blueberry_crate to registry minecraft:block
[26Feb2026 22:11:06.972] [main/DEBUG] [com.tterrag.registrate.AbstractRegistrate/REGISTRATE.REGISTER]: Registered fruitsdelight:lemon_crate to registry minecraft:block
[26Feb2026 22:11:06.972] [main/DEBUG] [com.tterrag.registrate.AbstractRegistrate/REGISTRATE.REGISTER]: Registered fruitsdelight:cranberry_crate to registry minecraft:block
[26Feb2026 22:11:06.972] [main/DEBUG] [com.tterrag.registrate.AbstractRegistrate/REGISTRATE.REGISTER]: Registered fruitsdelight:pineapple_crate to registry minecraft:block
[26Feb2026 22:11:06.973] [main/DEBUG] [com.tterrag.registrate.AbstractRegistrate/REGISTRATE.REGISTER]: Registered fruitsdelight:apple_crate to registry minecraft:block
[26Feb2026 22:11:06.975] [main/DEBUG] [com.tterrag.registrate.AbstractRegistrate/REGISTRATE.REGISTER]: Registered fruitsdelight:apple_jelly_block to registry minecraft:block
[26Feb2026 22:11:06.976] [main/DEBUG] [com.tterrag.registrate.AbstractRegistrate/REGISTRATE.REGISTER]: Registered fruitsdelight:blueberry_jelly_block to registry minecraft:block
[26Feb2026 22:11:06.976] [main/DEBUG] [com.tterrag.registrate.AbstractRegistrate/REGISTRATE.REGISTER]: Registered fruitsdelight:glowberry_jelly_block to registry minecraft:block
[26Feb2026 22:11:06.976] [main/DEBUG] [com.tterrag.registrate.AbstractRegistrate/REGISTRATE.REGISTER]: Registered fruitsdelight:hamimelon_jelly_block to registry minecraft:block
[26Feb2026 22:11:06.976] [main/DEBUG] [com.tterrag.registrate.AbstractRegistrate/REGISTRATE.REGISTER]: Registered fruitsdelight:melon_jelly_block to registry minecraft:block
[26Feb2026 22:11:06.976] [main/DEBUG] [com.tterrag.registrate.AbstractRegistrate/REGISTRATE.REGISTER]: Registered fruitsdelight:hawberry_jelly_block to registry minecraft:block
[26Feb2026 22:11:06.976] [main/DEBUG] [com.tterrag.registrate.AbstractRegistrate/REGISTRATE.REGISTER]: Registered fruitsdelight:lychee_jelly_block to registry minecraft:block
[26Feb2026 22:11:06.976] [main/DEBUG] [com.tterrag.registrate.AbstractRegistrate/REGISTRATE.REGISTER]: Registered fruitsdelight:mango_jelly_block to registry minecraft:block
[26Feb2026 22:11:06.976] [main/DEBUG] [com.tterrag.registrate.AbstractRegistrate/REGISTRATE.REGISTER]: Registered fruitsdelight:orange_jelly_block to registry minecraft:block
[26Feb2026 22:11:06.976] [main/DEBUG] [com.tterrag.registrate.AbstractRegistrate/REGISTRATE.REGISTER]: Registered fruitsdelight:peach_jelly_block to registry minecraft:block
[26Feb2026 22:11:06.976] [main/DEBUG] [com.tterrag.registrate.AbstractRegistrate/REGISTRATE.REGISTER]: Registered fruitsdelight:pear_jelly_block to registry minecraft:block
[26Feb2026 22:11:06.976] [main/DEBUG] [com.tterrag.registrate.AbstractRegistrate/REGISTRATE.REGISTER]: Registered fruitsdelight:persimmon_jelly_block to registry minecraft:block
[26Feb2026 22:11:06.977] [main/DEBUG] [com.tterrag.registrate.AbstractRegistrate/REGISTRATE.REGISTER]: Registered fruitsdelight:pineapple_jelly_block to registry minecraft:block
[26Feb2026 22:11:06.977] [main/DEBUG] [com.tterrag.registrate.AbstractRegistrate/REGISTRATE.REGISTER]: Registered fruitsdelight:lemon_jelly_block to registry minecraft:block
[26Feb2026 22:11:06.977] [main/DEBUG] [com.tterrag.registrate.AbstractRegistrate/REGISTRATE.REGISTER]: Registered fruitsdelight:cranberry_jelly_block to registry minecraft:block
[26Feb2026 22:11:06.977] [main/DEBUG] [com.tterrag.registrate.AbstractRegistrate/REGISTRATE.REGISTER]: Registered fruitsdelight:mangosteen_jelly_block to registry minecraft:block
[26Feb2026 22:11:06.977] [main/DEBUG] [com.tterrag.registrate.AbstractRegistrate/REGISTRATE.REGISTER]: Registered fruitsdelight:sweetberry_jelly_block to registry minecraft:block
[26Feb2026 22:11:06.977] [main/DEBUG] [com.tterrag.registrate.AbstractRegistrate/REGISTRATE.REGISTER]: Registered fruitsdelight:chorus_jelly_block to registry minecraft:block
[26Feb2026 22:11:06.977] [main/DEBUG] [com.tterrag.registrate.AbstractRegistrate/REGISTRATE.REGISTER]: Registered fruitsdelight:bayberry_jelly_block to registry minecraft:block
[26Feb2026 22:11:06.977] [main/DEBUG] [com.tterrag.registrate.AbstractRegistrate/REGISTRATE.REGISTER]: Registered fruitsdelight:kiwi_jelly_block to registry minecraft:block
[26Feb2026 22:11:06.977] [main/DEBUG] [com.tterrag.registrate.AbstractRegistrate/REGISTRATE.REGISTER]: Registered fruitsdelight:fig_jelly_block to registry minecraft:block
[26Feb2026 22:11:06.977] [main/DEBUG] [com.tterrag.registrate.AbstractRegistrate/REGISTRATE.REGISTER]: Registered fruitsdelight:durian_jelly_block to registry minecraft:block
[26Feb2026 22:11:06.978] [main/DEBUG] [com.tterrag.registrate.AbstractRegistrate/REGISTRATE.REGISTER]: Registered fruitsdelight:apple_jello_block to registry minecraft:block
[26Feb2026 22:11:06.978] [main/DEBUG] [com.tterrag.registrate.AbstractRegistrate/REGISTRATE.REGISTER]: Registered fruitsdelight:blueberry_jello_block to registry minecraft:block
[26Feb2026 22:11:06.978] [main/DEBUG] [com.tterrag.registrate.AbstractRegistrate/REGISTRATE.REGISTER]: Registered fruitsdelight:glowberry_jello_block to registry minecraft:block
[26Feb2026 22:11:06.978] [main/DEBUG] [com.tterrag.registrate.AbstractRegistrate/REGISTRATE.REGISTER]: Registered fruitsdelight:hamimelon_jello_block to registry minecraft:block
[26Feb2026 22:11:06.978] [main/DEBUG] [com.tterrag.registrate.AbstractRegistrate/REGISTRATE.REGISTER]: Registered fruitsdelight:melon_jello_block to registry minecraft:block
[26Feb2026 22:11:06.978] [main/DEBUG] [com.tterrag.registrate.AbstractRegistrate/REGISTRATE.REGISTER]: Registered fruitsdelight:hawberry_jello_block to registry minecraft:block
[26Feb2026 22:11:06.978] [main/DEBUG] [com.tterrag.registrate.AbstractRegistrate/REGISTRATE.REGISTER]: Registered fruitsdelight:lychee_jello_block to registry minecraft:block
[26Feb2026 22:11:06.978] [main/DEBUG] [com.tterrag.registrate.AbstractRegistrate/REGISTRATE.REGISTER]: Registered fruitsdelight:mango_jello_block to registry minecraft:block
[26Feb2026 22:11:06.979] [main/DEBUG] [com.tterrag.registrate.AbstractRegistrate/REGISTRATE.REGISTER]: Registered fruitsdelight:orange_jello_block to registry minecraft:block
[26Feb2026 22:11:06.979] [main/DEBUG] [com.tterrag.registrate.AbstractRegistrate/REGISTRATE.REGISTER]: Registered fruitsdelight:peach_jello_block to registry minecraft:block
[26Feb2026 22:11:06.979] [main/DEBUG] [com.tterrag.registrate.AbstractRegistrate/REGISTRATE.REGISTER]: Registered fruitsdelight:pear_jello_block to registry minecraft:block
[26Feb2026 22:11:06.979] [main/DEBUG] [com.tterrag.registrate.AbstractRegistrate/REGISTRATE.REGISTER]: Registered fruitsdelight:persimmon_jello_block to registry minecraft:block
[26Feb2026 22:11:06.979] [main/DEBUG] [com.tterrag.registrate.AbstractRegistrate/REGISTRATE.REGISTER]: Registered fruitsdelight:pineapple_jello_block to registry minecraft:block
[26Feb2026 22:11:06.979] [main/DEBUG] [com.tterrag.registrate.AbstractRegistrate/REGISTRATE.REGISTER]: Registered fruitsdelight:lemon_jello_block to registry minecraft:block
[26Feb2026 22:11:06.979] [main/DEBUG] [com.tterrag.registrate.AbstractRegistrate/REGISTRATE.REGISTER]: Registered fruitsdelight:cranberry_jello_block to registry minecraft:block
[26Feb2026 22:11:06.979] [main/DEBUG] [com.tterrag.registrate.AbstractRegistrate/REGISTRATE.REGISTER]: Registered fruitsdelight:mangosteen_jello_block to registry minecraft:block
[26Feb2026 22:11:06.979] [main/DEBUG] [com.tterrag.registrate.AbstractRegistrate/REGISTRATE.REGISTER]: Registered fruitsdelight:sweetberry_jello_block to registry minecraft:block
[26Feb2026 22:11:06.979] [main/DEBUG] [com.tterrag.registrate.AbstractRegistrate/REGISTRATE.REGISTER]: Registered fruitsdelight:chorus_jello_block to registry minecraft:block
[26Feb2026 22:11:06.980] [main/DEBUG] [com.tterrag.registrate.AbstractRegistrate/REGISTRATE.REGISTER]: Registered fruitsdelight:bayberry_jello_block to registry minecraft:block
[26Feb2026 22:11:06.980] [main/DEBUG] [com.tterrag.registrate.AbstractRegistrate/REGISTRATE.REGISTER]: Registered fruitsdelight:kiwi_jello_block to registry minecraft:block
[26Feb2026 22:11:06.980] [main/DEBUG] [com.tterrag.registrate.AbstractRegistrate/REGISTRATE.REGISTER]: Registered fruitsdelight:fig_jello_block to registry minecraft:block
[26Feb2026 22:11:06.980] [main/DEBUG] [com.tterrag.registrate.AbstractRegistrate/REGISTRATE.REGISTER]: Registered fruitsdelight:durian_jello_block to registry minecraft:block
[26Feb2026 22:11:06.980] [main/DEBUG] [com.tterrag.registrate.AbstractRegistrate/REGISTRATE.REGISTER]: Registered fruitsdelight:lemonade_cauldron to registry minecraft:block
[26Feb2026 22:11:06.981] [main/DEBUG] [com.tterrag.registrate.AbstractRegistrate/REGISTRATE.REGISTER]: Registered fruitsdelight:apple_cauldron to registry minecraft:block
[26Feb2026 22:11:06.981] [main/DEBUG] [com.tterrag.registrate.AbstractRegistrate/REGISTRATE.REGISTER]: Registered fruitsdelight:apple_jelly_cauldron to registry minecraft:block
[26Feb2026 22:11:06.981] [main/DEBUG] [com.tterrag.registrate.AbstractRegistrate/REGISTRATE.REGISTER]: Registered fruitsdelight:apple_jello_cauldron to registry minecraft:block
[26Feb2026 22:11:06.981] [main/DEBUG] [com.tterrag.registrate.AbstractRegistrate/REGISTRATE.REGISTER]: Registered fruitsdelight:blueberry_cauldron to registry minecraft:block
[26Feb2026 22:11:06.982] [main/DEBUG] [com.tterrag.registrate.AbstractRegistrate/REGISTRATE.REGISTER]: Registered fruitsdelight:blueberry_jelly_cauldron to registry minecraft:block
[26Feb2026 22:11:06.982] [main/DEBUG] [com.tterrag.registrate.AbstractRegistrate/REGISTRATE.REGISTER]: Registered fruitsdelight:blueberry_jello_cauldron to registry minecraft:block
[26Feb2026 22:11:06.982] [main/DEBUG] [com.tterrag.registrate.AbstractRegistrate/REGISTRATE.REGISTER]: Registered fruitsdelight:glowberry_cauldron to registry minecraft:block
[26Feb2026 22:11:06.982] [main/DEBUG] [com.tterrag.registrate.AbstractRegistrate/REGISTRATE.REGISTER]: Registered fruitsdelight:glowberry_jelly_cauldron to registry minecraft:block
[26Feb2026 22:11:06.982] [main/DEBUG] [com.tterrag.registrate.AbstractRegistrate/REGISTRATE.REGISTER]: Registered fruitsdelight:glowberry_jello_cauldron to registry minecraft:block
[26Feb2026 22:11:06.983] [main/DEBUG] [com.tterrag.registrate.AbstractRegistrate/REGISTRATE.REGISTER]: Registered fruitsdelight:hamimelon_cauldron to registry minecraft:block
[26Feb2026 22:11:06.984] [main/DEBUG] [com.tterrag.registrate.AbstractRegistrate/REGISTRATE.REGISTER]: Registered fruitsdelight:hamimelon_jelly_cauldron to registry minecraft:block
[26Feb2026 22:11:06.987] [main/DEBUG] [com.tterrag.registrate.AbstractRegistrate/REGISTRATE.REGISTER]: Registered fruitsdelight:hamimelon_jello_cauldron to registry minecraft:block
[26Feb2026 22:11:06.987] [main/DEBUG] [com.tterrag.registrate.AbstractRegistrate/REGISTRATE.REGISTER]: Registered fruitsdelight:melon_cauldron to registry minecraft:block
[26Feb2026 22:11:06.987] [main/DEBUG] [com.tterrag.registrate.AbstractRegistrate/REGISTRATE.REGISTER]: Registered fruitsdelight:melon_jelly_cauldron to registry minecraft:block
[26Feb2026 22:11:06.987] [main/DEBUG] [com.tterrag.registrate.AbstractRegistrate/REGISTRATE.REGISTER]: Registered fruitsdelight:melon_jello_cauldron to registry minecraft:block
[26Feb2026 22:11:06.987] [main/DEBUG] [com.tterrag.registrate.AbstractRegistrate/REGISTRATE.REGISTER]: Registered fruitsdelight:hawberry_cauldron to registry minecraft:block
[26Feb2026 22:11:06.988] [main/DEBUG] [com.tterrag.registrate.AbstractRegistrate/REGISTRATE.REGISTER]: Registered fruitsdelight:hawberry_jelly_cauldron to registry minecraft:block
[26Feb2026 22:11:06.988] [main/DEBUG] [com.tterrag.registrate.AbstractRegistrate/REGISTRATE.REGISTER]: Registered fruitsdelight:hawberry_jello_cauldron to registry minecraft:block
[26Feb2026 22:11:06.988] [main/DEBUG] [com.tterrag.registrate.AbstractRegistrate/REGISTRATE.REGISTER]: Registered fruitsdelight:lychee_cauldron to registry minecraft:block
[26Feb2026 22:11:06.989] [main/DEBUG] [com.tterrag.registrate.AbstractRegistrate/REGISTRATE.REGISTER]: Registered fruitsdelight:lychee_jelly_cauldron to registry minecraft:block
[26Feb2026 22:11:06.989] [main/DEBUG] [com.tterrag.registrate.AbstractRegistrate/REGISTRATE.REGISTER]: Registered fruitsdelight:lychee_jello_cauldron to registry minecraft:block
[26Feb2026 22:11:06.990] [main/DEBUG] [com.tterrag.registrate.AbstractRegistrate/REGISTRATE.REGISTER]: Registered fruitsdelight:mango_cauldron to registry minecraft:block
[26Feb2026 22:11:06.990] [main/DEBUG] [com.tterrag.registrate.AbstractRegistrate/REGISTRATE.REGISTER]: Registered fruitsdelight:mango_jelly_cauldron to registry minecraft:block
[26Feb2026 22:11:06.991] [main/DEBUG] [com.tterrag.registrate.AbstractRegistrate/REGISTRATE.REGISTER]: Registered fruitsdelight:mango_jello_cauldron to registry minecraft:block
[26Feb2026 22:11:06.991] [main/DEBUG] [com.tterrag.registrate.AbstractRegistrate/REGISTRATE.REGISTER]: Registered fruitsdelight:orange_cauldron to registry minecraft:block
[26Feb2026 22:11:06.992] [main/DEBUG] [com.tterrag.registrate.AbstractRegistrate/REGISTRATE.REGISTER]: Registered fruitsdelight:orange_jelly_cauldron to registry minecraft:block
[26Feb2026 22:11:06.992] [main/DEBUG] [com.tterrag.registrate.AbstractRegistrate/REGISTRATE.REGISTER]: Registered fruitsdelight:orange_jello_cauldron to registry minecraft:block
[26Feb2026 22:11:06.992] [main/DEBUG] [com.tterrag.registrate.AbstractRegistrate/REGISTRATE.REGISTER]: Registered fruitsdelight:peach_cauldron to registry minecraft:block
[26Feb2026 22:11:06.992] [main/DEBUG] [com.tterrag.registrate.AbstractRegistrate/REGISTRATE.REGISTER]: Registered fruitsdelight:peach_jelly_cauldron to registry minecraft:block
[26Feb2026 22:11:06.992] [main/DEBUG] [com.tterrag.registrate.AbstractRegistrate/REGISTRATE.REGISTER]: Registered fruitsdelight:peach_jello_cauldron to registry minecraft:block
[26Feb2026 22:11:06.993] [main/DEBUG] [com.tterrag.registrate.AbstractRegistrate/REGISTRATE.REGISTER]: Registered fruitsdelight:pear_cauldron to registry minecraft:block
[26Feb2026 22:11:06.993] [main/DEBUG] [com.tterrag.registrate.AbstractRegistrate/REGISTRATE.REGISTER]: Registered fruitsdelight:pear_jelly_cauldron to registry minecraft:block
[26Feb2026 22:11:06.993] [main/DEBUG] [com.tterrag.registrate.AbstractRegistrate/REGISTRATE.REGISTER]: Registered fruitsdelight:pear_jello_cauldron to registry minecraft:block
[26Feb2026 22:11:06.993] [main/DEBUG] [com.tterrag.registrate.AbstractRegistrate/REGISTRATE.REGISTER]: Registered fruitsdelight:persimmon_cauldron to registry minecraft:block
[26Feb2026 22:11:06.994] [main/DEBUG] [com.tterrag.registrate.AbstractRegistrate/REGISTRATE.REGISTER]: Registered fruitsdelight:persimmon_jelly_cauldron to registry minecraft:block
[26Feb2026 22:11:06.995] [main/DEBUG] [com.tterrag.registrate.AbstractRegistrate/REGISTRATE.REGISTER]: Registered fruitsdelight:persimmon_jello_cauldron to registry minecraft:block
[26Feb2026 22:11:06.996] [main/DEBUG] [com.tterrag.registrate.AbstractRegistrate/REGISTRATE.REGISTER]: Registered fruitsdelight:pineapple_cauldron to registry minecraft:block
[26Feb2026 22:11:06.996] [main/DEBUG] [com.tterrag.registrate.AbstractRegistrate/REGISTRATE.REGISTER]: Registered fruitsdelight:pineapple_jelly_cauldron to registry minecraft:block
[26Feb2026 22:11:06.996] [main/DEBUG] [com.tterrag.registrate.AbstractRegistrate/REGISTRATE.REGISTER]: Registered fruitsdelight:pineapple_jello_cauldron to registry minecraft:block
[26Feb2026 22:11:06.997] [main/DEBUG] [com.tterrag.registrate.AbstractRegistrate/REGISTRATE.REGISTER]: Registered fruitsdelight:lemon_cauldron to registry minecraft:block
[26Feb2026 22:11:06.997] [main/DEBUG] [com.tterrag.registrate.AbstractRegistrate/REGISTRATE.REGISTER]: Registered fruitsdelight:lemon_jelly_cauldron to registry minecraft:block
[26Feb2026 22:11:06.997] [main/DEBUG] [com.tterrag.registrate.AbstractRegistrate/REGISTRATE.REGISTER]: Registered fruitsdelight:lemon_jello_cauldron to registry minecraft:block
[26Feb2026 22:11:06.998] [main/DEBUG] [com.tterrag.registrate.AbstractRegistrate/REGISTRATE.REGISTER]: Registered fruitsdelight:cranberry_cauldron to registry minecraft:block
[26Feb2026 22:11:06.998] [main/DEBUG] [com.tterrag.registrate.AbstractRegistrate/REGISTRATE.REGISTER]: Registered fruitsdelight:cranberry_jelly_cauldron to registry minecraft:block
[26Feb2026 22:11:06.998] [main/DEBUG] [com.tterrag.registrate.AbstractRegistrate/REGISTRATE.REGISTER]: Registered fruitsdelight:cranberry_jello_cauldron to registry minecraft:block
[26Feb2026 22:11:06.998] [main/DEBUG] [com.tterrag.registrate.AbstractRegistrate/REGISTRATE.REGISTER]: Registered fruitsdelight:mangosteen_cauldron to registry minecraft:block
[26Feb2026 22:11:06.998] [main/DEBUG] [com.tterrag.registrate.AbstractRegistrate/REGISTRATE.REGISTER]: Registered fruitsdelight:mangosteen_jelly_cauldron to registry minecraft:block
[26Feb2026 22:11:06.998] [main/DEBUG] [com.tterrag.registrate.AbstractRegistrate/REGISTRATE.REGISTER]: Registered fruitsdelight:mangosteen_jello_cauldron to registry minecraft:block
[26Feb2026 22:11:06.999] [main/DEBUG] [com.tterrag.registrate.AbstractRegistrate/REGISTRATE.REGISTER]: Registered fruitsdelight:sweetberry_cauldron to registry minecraft:block
[26Feb2026 22:11:06.999] [main/DEBUG] [com.tterrag.registrate.AbstractRegistrate/REGISTRATE.REGISTER]: Registered fruitsdelight:sweetberry_jelly_cauldron to registry minecraft:block
[26Feb2026 22:11:06.999] [main/DEBUG] [com.tterrag.registrate.AbstractRegistrate/REGISTRATE.REGISTER]: Registered fruitsdelight:sweetberry_jello_cauldron to registry minecraft:block
[26Feb2026 22:11:07.000] [main/DEBUG] [com.tterrag.registrate.AbstractRegistrate/REGISTRATE.REGISTER]: Registered fruitsdelight:chorus_cauldron to registry minecraft:block
[26Feb2026 22:11:07.000] [main/DEBUG] [com.tterrag.registrate.AbstractRegistrate/REGISTRATE.REGISTER]: Registered fruitsdelight:chorus_jelly_cauldron to registry minecraft:block
[26Feb2026 22:11:07.000] [main/DEBUG] [com.tterrag.registrate.AbstractRegistrate/REGISTRATE.REGISTER]: Registered fruitsdelight:chorus_jello_cauldron to registry minecraft:block
[26Feb2026 22:11:07.000] [main/DEBUG] [com.tterrag.registrate.AbstractRegistrate/REGISTRATE.REGISTER]: Registered fruitsdelight:bayberry_cauldron to registry minecraft:block
[26Feb2026 22:11:07.001] [main/DEBUG] [com.tterrag.registrate.AbstractRegistrate/REGISTRATE.REGISTER]: Registered fruitsdelight:bayberry_jelly_cauldron to registry minecraft:block
[26Feb2026 22:11:07.001] [main/DEBUG] [com.tterrag.registrate.AbstractRegistrate/REGISTRATE.REGISTER]: Registered fruitsdelight:bayberry_jello_cauldron to registry minecraft:block
[26Feb2026 22:11:07.001] [main/DEBUG] [com.tterrag.registrate.AbstractRegistrate/REGISTRATE.REGISTER]: Registered fruitsdelight:kiwi_cauldron to registry minecraft:block
[26Feb2026 22:11:07.001] [main/DEBUG] [com.tterrag.registrate.AbstractRegistrate/REGISTRATE.REGISTER]: Registered fruitsdelight:kiwi_jelly_cauldron to registry minecraft:block
[26Feb2026 22:11:07.001] [main/DEBUG] [com.tterrag.registrate.AbstractRegistrate/REGISTRATE.REGISTER]: Registered fruitsdelight:kiwi_jello_cauldron to registry minecraft:block
[26Feb2026 22:11:07.002] [main/DEBUG] [com.tterrag.registrate.AbstractRegistrate/REGISTRATE.REGISTER]: Registered fruitsdelight:fig_cauldron to registry minecraft:block
[26Feb2026 22:11:07.002] [main/DEBUG] [com.tterrag.registrate.AbstractRegistrate/REGISTRATE.REGISTER]: Registered fruitsdelight:fig_jelly_cauldron to registry minecraft:block
[26Feb2026 22:11:07.002] [main/DEBUG] [com.tterrag.registrate.AbstractRegistrate/REGISTRATE.REGISTER]: Registered fruitsdelight:fig_jello_cauldron to registry minecraft:block
[26Feb2026 22:11:07.002] [main/DEBUG] [com.tterrag.registrate.AbstractRegistrate/REGISTRATE.REGISTER]: Registered fruitsdelight:durian_cauldron to registry minecraft:block
[26Feb2026 22:11:07.002] [main/DEBUG] [com.tterrag.registrate.AbstractRegistrate/REGISTRATE.REGISTER]: Registered fruitsdelight:durian_jelly_cauldron to registry minecraft:block
[26Feb2026 22:11:07.003] [main/DEBUG] [com.tterrag.registrate.AbstractRegistrate/REGISTRATE.REGISTER]: Registered fruitsdelight:durian_jello_cauldron to registry minecraft:block
[26Feb2026 22:11:07.011] [main/DEBUG] [com.tterrag.registrate.AbstractRegistrate/REGISTRATE.REGISTER]: (fruitsdelight) Registering 18 known objects of type minecraft:mob_effect
[26Feb2026 22:11:07.011] [main/DEBUG] [com.tterrag.registrate.AbstractRegistrate/REGISTRATE.REGISTER]: Registered fruitsdelight:astringent to registry minecraft:mob_effect
[26Feb2026 22:11:07.012] [main/DEBUG] [com.tterrag.registrate.AbstractRegistrate/REGISTRATE.REGISTER]: Registered fruitsdelight:sliding to registry minecraft:mob_effect
[26Feb2026 22:11:07.012] [main/DEBUG] [com.tterrag.registrate.AbstractRegistrate/REGISTRATE.REGISTER]: Registered fruitsdelight:shrinking to registry minecraft:mob_effect
[26Feb2026 22:11:07.012] [main/DEBUG] [com.tterrag.registrate.AbstractRegistrate/REGISTRATE.REGISTER]: Registered fruitsdelight:lozenge to registry minecraft:mob_effect
[26Feb2026 22:11:07.012] [main/DEBUG] [com.tterrag.registrate.AbstractRegistrate/REGISTRATE.REGISTER]: Registered fruitsdelight:appetizing to registry minecraft:mob_effect
[26Feb2026 22:11:07.012] [main/DEBUG] [com.tterrag.registrate.AbstractRegistrate/REGISTRATE.REGISTER]: Registered fruitsdelight:rage_aura to registry minecraft:mob_effect
[26Feb2026 22:11:07.012] [main/DEBUG] [com.tterrag.registrate.AbstractRegistrate/REGISTRATE.REGISTER]: Registered fruitsdelight:heal_aura to registry minecraft:mob_effect
[26Feb2026 22:11:07.013] [main/DEBUG] [com.tterrag.registrate.AbstractRegistrate/REGISTRATE.REGISTER]: Registered fruitsdelight:refreshing to registry minecraft:mob_effect
[26Feb2026 22:11:07.013] [main/DEBUG] [com.tterrag.registrate.AbstractRegistrate/REGISTRATE.REGISTER]: Registered fruitsdelight:sweetening to registry minecraft:mob_effect
[26Feb2026 22:11:07.014] [main/DEBUG] [com.tterrag.registrate.AbstractRegistrate/REGISTRATE.REGISTER]: Registered fruitsdelight:brightening to registry minecraft:mob_effect
[26Feb2026 22:11:07.014] [main/DEBUG] [com.tterrag.registrate.AbstractRegistrate/REGISTRATE.REGISTER]: Registered fruitsdelight:recovering to registry minecraft:mob_effect
[26Feb2026 22:11:07.014] [main/DEBUG] [com.tterrag.registrate.AbstractRegistrate/REGISTRATE.REGISTER]: Registered fruitsdelight:chorus to registry minecraft:mob_effect
[26Feb2026 22:11:07.014] [main/DEBUG] [com.tterrag.registrate.AbstractRegistrate/REGISTRATE.REGISTER]: Registered fruitsdelight:digesting to registry minecraft:mob_effect
[26Feb2026 22:11:07.015] [main/DEBUG] [com.tterrag.registrate.AbstractRegistrate/REGISTRATE.REGISTER]: Registered fruitsdelight:leaf_piercing to registry minecraft:mob_effect
[26Feb2026 22:11:07.016] [main/DEBUG] [com.tterrag.registrate.AbstractRegistrate/REGISTRATE.REGISTER]: Registered fruitsdelight:cycling to registry minecraft:mob_effect
[26Feb2026 22:11:07.016] [main/DEBUG] [com.tterrag.registrate.AbstractRegistrate/REGISTRATE.REGISTER]: Registered fruitsdelight:disgusted to registry minecraft:mob_effect
[26Feb2026 22:11:07.016] [main/DEBUG] [com.tterrag.registrate.AbstractRegistrate/REGISTRATE.REGISTER]: Registered fruitsdelight:alienating to registry minecraft:mob_effect
[26Feb2026 22:11:07.016] [main/DEBUG] [com.tterrag.registrate.AbstractRegistrate/REGISTRATE.REGISTER]: Registered fruitsdelight:suspicious_smell to registry minecraft:mob_effect
[26Feb2026 22:11:07.200] [main/DEBUG] [com.tterrag.registrate.AbstractRegistrate/REGISTRATE.REGISTER]: (fruitsdelight) Registering 274 known objects of type minecraft:item
[26Feb2026 22:11:07.202] [main/DEBUG] [com.tterrag.registrate.AbstractRegistrate/REGISTRATE.REGISTER]: Registered fruitsdelight:pear_leaves to registry minecraft:item
[26Feb2026 22:11:07.202] [main/DEBUG] [com.tterrag.registrate.AbstractRegistrate/REGISTRATE.REGISTER]: Registered fruitsdelight:pear_sapling to registry minecraft:item
[26Feb2026 22:11:07.202] [main/DEBUG] [com.tterrag.registrate.AbstractRegistrate/REGISTRATE.REGISTER]: Registered fruitsdelight:pear to registry minecraft:item
[26Feb2026 22:11:07.202] [main/DEBUG] [com.tterrag.registrate.AbstractRegistrate/REGISTRATE.REGISTER]: Registered fruitsdelight:hawberry_leaves to registry minecraft:item
[26Feb2026 22:11:07.203] [main/DEBUG] [com.tterrag.registrate.AbstractRegistrate/REGISTRATE.REGISTER]: Registered fruitsdelight:hawberry_sapling to registry minecraft:item
[26Feb2026 22:11:07.203] [main/DEBUG] [com.tterrag.registrate.AbstractRegistrate/REGISTRATE.REGISTER]: Registered fruitsdelight:hawberry to registry minecraft:item
[26Feb2026 22:11:07.203] [main/DEBUG] [com.tterrag.registrate.AbstractRegistrate/REGISTRATE.REGISTER]: Registered fruitsdelight:lychee_leaves to registry minecraft:item
[26Feb2026 22:11:07.203] [main/DEBUG] [com.tterrag.registrate.AbstractRegistrate/REGISTRATE.REGISTER]: Registered fruitsdelight:lychee_sapling to registry minecraft:item
[26Feb2026 22:11:07.203] [main/DEBUG] [com.tterrag.registrate.AbstractRegistrate/REGISTRATE.REGISTER]: Registered fruitsdelight:lychee to registry minecraft:item
[26Feb2026 22:11:07.203] [main/DEBUG] [com.tterrag.registrate.AbstractRegistrate/REGISTRATE.REGISTER]: Registered fruitsdelight:mango_leaves to registry minecraft:item
[26Feb2026 22:11:07.203] [main/DEBUG] [com.tterrag.registrate.AbstractRegistrate/REGISTRATE.REGISTER]: Registered fruitsdelight:mango_sapling to registry minecraft:item
[26Feb2026 22:11:07.204] [main/DEBUG] [com.tterrag.registrate.AbstractRegistrate/REGISTRATE.REGISTER]: Registered fruitsdelight:mango to registry minecraft:item
[26Feb2026 22:11:07.204] [main/DEBUG] [com.tterrag.registrate.AbstractRegistrate/REGISTRATE.REGISTER]: Registered fruitsdelight:persimmon_leaves to registry minecraft:item
[26Feb2026 22:11:07.204] [main/DEBUG] [com.tterrag.registrate.AbstractRegistrate/REGISTRATE.REGISTER]: Registered fruitsdelight:persimmon_sapling to registry minecraft:item
[26Feb2026 22:11:07.204] [main/DEBUG] [com.tterrag.registrate.AbstractRegistrate/REGISTRATE.REGISTER]: Registered fruitsdelight:persimmon to registry minecraft:item
[26Feb2026 22:11:07.204] [main/DEBUG] [com.tterrag.registrate.AbstractRegistrate/REGISTRATE.REGISTER]: Registered fruitsdelight:peach_leaves to registry minecraft:item
[26Feb2026 22:11:07.204] [main/DEBUG] [com.tterrag.registrate.AbstractRegistrate/REGISTRATE.REGISTER]: Registered fruitsdelight:peach_sapling to registry minecraft:item
[26Feb2026 22:11:07.204] [main/DEBUG] [com.tterrag.registrate.AbstractRegistrate/REGISTRATE.REGISTER]: Registered fruitsdelight:peach to registry minecraft:item
[26Feb2026 22:11:07.204] [main/DEBUG] [com.tterrag.registrate.AbstractRegistrate/REGISTRATE.REGISTER]: Registered fruitsdelight:orange_leaves to registry minecraft:item
[26Feb2026 22:11:07.204] [main/DEBUG] [com.tterrag.registrate.AbstractRegistrate/REGISTRATE.REGISTER]: Registered fruitsdelight:orange_sapling to registry minecraft:item
[26Feb2026 22:11:07.204] [main/DEBUG] [com.tterrag.registrate.AbstractRegistrate/REGISTRATE.REGISTER]: Registered fruitsdelight:orange to registry minecraft:item
[26Feb2026 22:11:07.204] [main/DEBUG] [com.tterrag.registrate.AbstractRegistrate/REGISTRATE.REGISTER]: Registered fruitsdelight:apple_leaves to registry minecraft:item
[26Feb2026 22:11:07.204] [main/DEBUG] [com.tterrag.registrate.AbstractRegistrate/REGISTRATE.REGISTER]: Registered fruitsdelight:apple_sapling to registry minecraft:item
[26Feb2026 22:11:07.204] [main/DEBUG] [com.tterrag.registrate.AbstractRegistrate/REGISTRATE.REGISTER]: Registered fruitsdelight:mangosteen_leaves to registry minecraft:item
[26Feb2026 22:11:07.204] [main/DEBUG] [com.tterrag.registrate.AbstractRegistrate/REGISTRATE.REGISTER]: Registered fruitsdelight:mangosteen_sapling to registry minecraft:item
[26Feb2026 22:11:07.204] [main/DEBUG] [com.tterrag.registrate.AbstractRegistrate/REGISTRATE.REGISTER]: Registered fruitsdelight:mangosteen to registry minecraft:item
[26Feb2026 22:11:07.204] [main/DEBUG] [com.tterrag.registrate.AbstractRegistrate/REGISTRATE.REGISTER]: Registered fruitsdelight:bayberry_leaves to registry minecraft:item
[26Feb2026 22:11:07.205] [main/DEBUG] [com.tterrag.registrate.AbstractRegistrate/REGISTRATE.REGISTER]: Registered fruitsdelight:bayberry_sapling to registry minecraft:item
[26Feb2026 22:11:07.205] [main/DEBUG] [com.tterrag.registrate.AbstractRegistrate/REGISTRATE.REGISTER]: Registered fruitsdelight:bayberry to registry minecraft:item
[26Feb2026 22:11:07.205] [main/DEBUG] [com.tterrag.registrate.AbstractRegistrate/REGISTRATE.REGISTER]: Registered fruitsdelight:kiwi_leaves to registry minecraft:item
[26Feb2026 22:11:07.205] [main/DEBUG] [com.tterrag.registrate.AbstractRegistrate/REGISTRATE.REGISTER]: Registered fruitsdelight:kiwi_sapling to registry minecraft:item
[26Feb2026 22:11:07.205] [main/DEBUG] [com.tterrag.registrate.AbstractRegistrate/REGISTRATE.REGISTER]: Registered fruitsdelight:kiwi to registry minecraft:item
[26Feb2026 22:11:07.205] [main/DEBUG] [com.tterrag.registrate.AbstractRegistrate/REGISTRATE.REGISTER]: Registered fruitsdelight:fig_leaves to registry minecraft:item
[26Feb2026 22:11:07.205] [main/DEBUG] [com.tterrag.registrate.AbstractRegistrate/REGISTRATE.REGISTER]: Registered fruitsdelight:fig_sapling to registry minecraft:item
[26Feb2026 22:11:07.205] [main/DEBUG] [com.tterrag.registrate.AbstractRegistrate/REGISTRATE.REGISTER]: Registered fruitsdelight:fig to registry minecraft:item
[26Feb2026 22:11:07.205] [main/DEBUG] [com.tterrag.registrate.AbstractRegistrate/REGISTRATE.REGISTER]: Registered fruitsdelight:durian_leaves to registry minecraft:item
[26Feb2026 22:11:07.205] [main/DEBUG] [com.tterrag.registrate.AbstractRegistrate/REGISTRATE.REGISTER]: Registered fruitsdelight:durian_sapling to registry minecraft:item
[26Feb2026 22:11:07.205] [main/DEBUG] [com.tterrag.registrate.AbstractRegistrate/REGISTRATE.REGISTER]: Registered fruitsdelight:durian to registry minecraft:item
[26Feb2026 22:11:07.205] [main/DEBUG] [com.tterrag.registrate.AbstractRegistrate/REGISTRATE.REGISTER]: Registered fruitsdelight:durian_helmet to registry minecraft:item
[26Feb2026 22:11:07.205] [main/DEBUG] [com.tterrag.registrate.AbstractRegistrate/REGISTRATE.REGISTER]: Registered fruitsdelight:durian_shell to registry minecraft:item
[26Feb2026 22:11:07.205] [main/DEBUG] [com.tterrag.registrate.AbstractRegistrate/REGISTRATE.REGISTER]: Registered fruitsdelight:blueberry_bush to registry minecraft:item
[26Feb2026 22:11:07.208] [main/DEBUG] [com.tterrag.registrate.AbstractRegistrate/REGISTRATE.REGISTER]: Registered fruitsdelight:blueberry to registry minecraft:item
[26Feb2026 22:11:07.209] [main/DEBUG] [com.tterrag.registrate.AbstractRegistrate/REGISTRATE.REGISTER]: Registered fruitsdelight:lemon_tree to registry minecraft:item
[26Feb2026 22:11:07.210] [main/DEBUG] [com.tterrag.registrate.AbstractRegistrate/REGISTRATE.REGISTER]: Registered fruitsdelight:lemon to registry minecraft:item
[26Feb2026 22:11:07.210] [main/DEBUG] [com.tterrag.registrate.AbstractRegistrate/REGISTRATE.REGISTER]: Registered fruitsdelight:lemon_seeds to registry minecraft:item
[26Feb2026 22:11:07.210] [main/DEBUG] [com.tterrag.registrate.AbstractRegistrate/REGISTRATE.REGISTER]: Registered fruitsdelight:cranberry to registry minecraft:item
[26Feb2026 22:11:07.210] [main/DEBUG] [com.tterrag.registrate.AbstractRegistrate/REGISTRATE.REGISTER]: Registered fruitsdelight:hamimelon to registry minecraft:item
[26Feb2026 22:11:07.210] [main/DEBUG] [com.tterrag.registrate.AbstractRegistrate/REGISTRATE.REGISTER]: Registered fruitsdelight:hamimelon_slice to registry minecraft:item
[26Feb2026 22:11:07.210] [main/DEBUG] [com.tterrag.registrate.AbstractRegistrate/REGISTRATE.REGISTER]: Registered fruitsdelight:hamimelon_seeds to registry minecraft:item
[26Feb2026 22:11:07.210] [main/DEBUG] [com.tterrag.registrate.AbstractRegistrate/REGISTRATE.REGISTER]: Registered fruitsdelight:wild_pineapple to registry minecraft:item
[26Feb2026 22:11:07.210] [main/DEBUG] [com.tterrag.registrate.AbstractRegistrate/REGISTRATE.REGISTER]: Registered fruitsdelight:pineapple to registry minecraft:item
[26Feb2026 22:11:07.210] [main/DEBUG] [com.tterrag.registrate.AbstractRegistrate/REGISTRATE.REGISTER]: Registered fruitsdelight:pineapple_slice to registry minecraft:item
[26Feb2026 22:11:07.212] [main/DEBUG] [com.tterrag.registrate.AbstractRegistrate/REGISTRATE.REGISTER]: Registered fruitsdelight:pineapple_sapling to registry minecraft:item
[26Feb2026 22:11:07.214] [main/DEBUG] [com.tterrag.registrate.AbstractRegistrate/REGISTRATE.REGISTER]: Registered fruitsdelight:apple_jelly to registry minecraft:item
[26Feb2026 22:11:07.214] [main/DEBUG] [com.tterrag.registrate.AbstractRegistrate/REGISTRATE.REGISTER]: Registered fruitsdelight:blueberry_jelly to registry minecraft:item
[26Feb2026 22:11:07.214] [main/DEBUG] [com.tterrag.registrate.AbstractRegistrate/REGISTRATE.REGISTER]: Registered fruitsdelight:glowberry_jelly to registry minecraft:item
[26Feb2026 22:11:07.214] [main/DEBUG] [com.tterrag.registrate.AbstractRegistrate/REGISTRATE.REGISTER]: Registered fruitsdelight:hamimelon_jelly to registry minecraft:item
[26Feb2026 22:11:07.214] [main/DEBUG] [com.tterrag.registrate.AbstractRegistrate/REGISTRATE.REGISTER]: Registered fruitsdelight:melon_jelly to registry minecraft:item
[26Feb2026 22:11:07.214] [main/DEBUG] [com.tterrag.registrate.AbstractRegistrate/REGISTRATE.REGISTER]: Registered fruitsdelight:hawberry_jelly to registry minecraft:item
[26Feb2026 22:11:07.215] [main/DEBUG] [com.tterrag.registrate.AbstractRegistrate/REGISTRATE.REGISTER]: Registered fruitsdelight:lychee_jelly to registry minecraft:item
[26Feb2026 22:11:07.216] [main/DEBUG] [com.tterrag.registrate.AbstractRegistrate/REGISTRATE.REGISTER]: Registered fruitsdelight:mango_jelly to registry minecraft:item
[26Feb2026 22:11:07.216] [main/DEBUG] [com.tterrag.registrate.AbstractRegistrate/REGISTRATE.REGISTER]: Registered fruitsdelight:orange_jelly to registry minecraft:item
[26Feb2026 22:11:07.216] [main/DEBUG] [com.tterrag.registrate.AbstractRegistrate/REGISTRATE.REGISTER]: Registered fruitsdelight:peach_jelly to registry minecraft:item
[26Feb2026 22:11:07.216] [main/DEBUG] [com.tterrag.registrate.AbstractRegistrate/REGISTRATE.REGISTER]: Registered fruitsdelight:pear_jelly to registry minecraft:item
[26Feb2026 22:11:07.216] [main/DEBUG] [com.tterrag.registrate.AbstractRegistrate/REGISTRATE.REGISTER]: Registered fruitsdelight:persimmon_jelly to registry minecraft:item
[26Feb2026 22:11:07.216] [main/DEBUG] [com.tterrag.registrate.AbstractRegistrate/REGISTRATE.REGISTER]: Registered fruitsdelight:pineapple_jelly to registry minecraft:item
[26Feb2026 22:11:07.216] [main/DEBUG] [com.tterrag.registrate.AbstractRegistrate/REGISTRATE.REGISTER]: Registered fruitsdelight:lemon_jelly to registry minecraft:item
[26Feb2026 22:11:07.216] [main/DEBUG] [com.tterrag.registrate.AbstractRegistrate/REGISTRATE.REGISTER]: Registered fruitsdelight:cranberry_jelly to registry minecraft:item
[26Feb2026 22:11:07.216] [main/DEBUG] [com.tterrag.registrate.AbstractRegistrate/REGISTRATE.REGISTER]: Registered fruitsdelight:mangosteen_jelly to registry minecraft:item
[26Feb2026 22:11:07.216] [main/DEBUG] [com.tterrag.registrate.AbstractRegistrate/REGISTRATE.REGISTER]: Registered fruitsdelight:sweetberry_jelly to registry minecraft:item
[26Feb2026 22:11:07.216] [main/DEBUG] [com.tterrag.registrate.AbstractRegistrate/REGISTRATE.REGISTER]: Registered fruitsdelight:chorus_jelly to registry minecraft:item
[26Feb2026 22:11:07.216] [main/DEBUG] [com.tterrag.registrate.AbstractRegistrate/REGISTRATE.REGISTER]: Registered fruitsdelight:bayberry_jelly to registry minecraft:item
[26Feb2026 22:11:07.217] [main/DEBUG] [com.tterrag.registrate.AbstractRegistrate/REGISTRATE.REGISTER]: Registered fruitsdelight:kiwi_jelly to registry minecraft:item
[26Feb2026 22:11:07.217] [main/DEBUG] [com.tterrag.registrate.AbstractRegistrate/REGISTRATE.REGISTER]: Registered fruitsdelight:fig_jelly to registry minecraft:item
[26Feb2026 22:11:07.217] [main/DEBUG] [com.tterrag.registrate.AbstractRegistrate/REGISTRATE.REGISTER]: Registered fruitsdelight:durian_jelly to registry minecraft:item
[26Feb2026 22:11:07.217] [main/DEBUG] [com.tterrag.registrate.AbstractRegistrate/REGISTRATE.REGISTER]: Registered fruitsdelight:apple_jello to registry minecraft:item
[26Feb2026 22:11:07.217] [main/DEBUG] [com.tterrag.registrate.AbstractRegistrate/REGISTRATE.REGISTER]: Registered fruitsdelight:blueberry_jello to registry minecraft:item
[26Feb2026 22:11:07.217] [main/DEBUG] [com.tterrag.registrate.AbstractRegistrate/REGISTRATE.REGISTER]: Registered fruitsdelight:glowberry_jello to registry minecraft:item
[26Feb2026 22:11:07.217] [main/DEBUG] [com.tterrag.registrate.AbstractRegistrate/REGISTRATE.REGISTER]: Registered fruitsdelight:hamimelon_jello to registry minecraft:item
[26Feb2026 22:11:07.217] [main/DEBUG] [com.tterrag.registrate.AbstractRegistrate/REGISTRATE.REGISTER]: Registered fruitsdelight:melon_jello to registry minecraft:item
[26Feb2026 22:11:07.217] [main/DEBUG] [com.tterrag.registrate.AbstractRegistrate/REGISTRATE.REGISTER]: Registered fruitsdelight:hawberry_jello to registry minecraft:item
[26Feb2026 22:11:07.217] [main/DEBUG] [com.tterrag.registrate.AbstractRegistrate/REGISTRATE.REGISTER]: Registered fruitsdelight:lychee_jello to registry minecraft:item
[26Feb2026 22:11:07.217] [main/DEBUG] [com.tterrag.registrate.AbstractRegistrate/REGISTRATE.REGISTER]: Registered fruitsdelight:mango_jello to registry minecraft:item
[26Feb2026 22:11:07.219] [main/DEBUG] [com.tterrag.registrate.AbstractRegistrate/REGISTRATE.REGISTER]: Registered fruitsdelight:orange_jello to registry minecraft:item
[26Feb2026 22:11:07.220] [main/DEBUG] [com.tterrag.registrate.AbstractRegistrate/REGISTRATE.REGISTER]: Registered fruitsdelight:peach_jello to registry minecraft:item
[26Feb2026 22:11:07.220] [main/DEBUG] [com.tterrag.registrate.AbstractRegistrate/REGISTRATE.REGISTER]: Registered fruitsdelight:pear_jello to registry minecraft:item
[26Feb2026 22:11:07.220] [main/DEBUG] [com.tterrag.registrate.AbstractRegistrate/REGISTRATE.REGISTER]: Registered fruitsdelight:persimmon_jello to registry minecraft:item
[26Feb2026 22:11:07.220] [main/DEBUG] [com.tterrag.registrate.AbstractRegistrate/REGISTRATE.REGISTER]: Registered fruitsdelight:pineapple_jello to registry minecraft:item
[26Feb2026 22:11:07.220] [main/DEBUG] [com.tterrag.registrate.AbstractRegistrate/REGISTRATE.REGISTER]: Registered fruitsdelight:lemon_jello to registry minecraft:item
[26Feb2026 22:11:07.220] [main/DEBUG] [com.tterrag.registrate.AbstractRegistrate/REGISTRATE.REGISTER]: Registered fruitsdelight:cranberry_jello to registry minecraft:item
[26Feb2026 22:11:07.220] [main/DEBUG] [com.tterrag.registrate.AbstractRegistrate/REGISTRATE.REGISTER]: Registered fruitsdelight:mangosteen_jello to registry minecraft:item
[26Feb2026 22:11:07.220] [main/DEBUG] [com.tterrag.registrate.AbstractRegistrate/REGISTRATE.REGISTER]: Registered fruitsdelight:sweetberry_jello to registry minecraft:item
[26Feb2026 22:11:07.220] [main/DEBUG] [com.tterrag.registrate.AbstractRegistrate/REGISTRATE.REGISTER]: Registered fruitsdelight:chorus_jello to registry minecraft:item
[26Feb2026 22:11:07.220] [main/DEBUG] [com.tterrag.registrate.AbstractRegistrate/REGISTRATE.REGISTER]: Registered fruitsdelight:bayberry_jello to registry minecraft:item
[26Feb2026 22:11:07.220] [main/DEBUG] [com.tterrag.registrate.AbstractRegistrate/REGISTRATE.REGISTER]: Registered fruitsdelight:kiwi_jello to registry minecraft:item
[26Feb2026 22:11:07.220] [main/DEBUG] [com.tterrag.registrate.AbstractRegistrate/REGISTRATE.REGISTER]: Registered fruitsdelight:fig_jello to registry minecraft:item
[26Feb2026 22:11:07.221] [main/DEBUG] [com.tterrag.registrate.AbstractRegistrate/REGISTRATE.REGISTER]: Registered fruitsdelight:durian_jello to registry minecraft:item
[26Feb2026 22:11:07.221] [main/DEBUG] [com.tterrag.registrate.AbstractRegistrate/REGISTRATE.REGISTER]: Registered fruitsdelight:hamimelon_juice to registry minecraft:item
[26Feb2026 22:11:07.221] [main/DEBUG] [com.tterrag.registrate.AbstractRegistrate/REGISTRATE.REGISTER]: Registered fruitsdelight:hawberry_tea to registry minecraft:item
[26Feb2026 22:11:07.221] [main/DEBUG] [com.tterrag.registrate.AbstractRegistrate/REGISTRATE.REGISTER]: Registered fruitsdelight:orange_juice to registry minecraft:item
[26Feb2026 22:11:07.221] [main/DEBUG] [com.tterrag.registrate.AbstractRegistrate/REGISTRATE.REGISTER]: Registered fruitsdelight:lemon_juice to registry minecraft:item
[26Feb2026 22:11:07.221] [main/DEBUG] [com.tterrag.registrate.AbstractRegistrate/REGISTRATE.REGISTER]: Registered fruitsdelight:pear_juice to registry minecraft:item
[26Feb2026 22:11:07.221] [main/DEBUG] [com.tterrag.registrate.AbstractRegistrate/REGISTRATE.REGISTER]: Registered fruitsdelight:mango_tea to registry minecraft:item
[26Feb2026 22:11:07.221] [main/DEBUG] [com.tterrag.registrate.AbstractRegistrate/REGISTRATE.REGISTER]: Registered fruitsdelight:peach_tea to registry minecraft:item
[26Feb2026 22:11:07.221] [main/DEBUG] [com.tterrag.registrate.AbstractRegistrate/REGISTRATE.REGISTER]: Registered fruitsdelight:lychee_cherry_tea to registry minecraft:item
[26Feb2026 22:11:07.221] [main/DEBUG] [com.tterrag.registrate.AbstractRegistrate/REGISTRATE.REGISTER]: Registered fruitsdelight:mangosteen_tea to registry minecraft:item
[26Feb2026 22:11:07.221] [main/DEBUG] [com.tterrag.registrate.AbstractRegistrate/REGISTRATE.REGISTER]: Registered fruitsdelight:bayberry_soup to registry minecraft:item
[26Feb2026 22:11:07.221] [main/DEBUG] [com.tterrag.registrate.AbstractRegistrate/REGISTRATE.REGISTER]: Registered fruitsdelight:kiwi_juice to registry minecraft:item
[26Feb2026 22:11:07.224] [main/DEBUG] [com.tterrag.registrate.AbstractRegistrate/REGISTRATE.REGISTER]: Registered fruitsdelight:bellini_cocktail to registry minecraft:item
[26Feb2026 22:11:07.224] [main/DEBUG] [com.tterrag.registrate.AbstractRegistrate/REGISTRATE.REGISTER]: Registered fruitsdelight:blueberry_custard to registry minecraft:item
[26Feb2026 22:11:07.224] [main/DEBUG] [com.tterrag.registrate.AbstractRegistrate/REGISTRATE.REGISTER]: Registered fruitsdelight:blueberry_muffin to registry minecraft:item
[26Feb2026 22:11:07.224] [main/DEBUG] [com.tterrag.registrate.AbstractRegistrate/REGISTRATE.REGISTER]: Registered fruitsdelight:cranberry_muffin to registry minecraft:item
[26Feb2026 22:11:07.224] [main/DEBUG] [com.tterrag.registrate.AbstractRegistrate/REGISTRATE.REGISTER]: Registered fruitsdelight:fig_pudding_slice to registry minecraft:item
[26Feb2026 22:11:07.224] [main/DEBUG] [com.tterrag.registrate.AbstractRegistrate/REGISTRATE.REGISTER]: Registered fruitsdelight:hamimelon_popsicle to registry minecraft:item
[26Feb2026 22:11:07.224] [main/DEBUG] [com.tterrag.registrate.AbstractRegistrate/REGISTRATE.REGISTER]: Registered fruitsdelight:kiwi_popsicle to registry minecraft:item
[26Feb2026 22:11:07.224] [main/DEBUG] [com.tterrag.registrate.AbstractRegistrate/REGISTRATE.REGISTER]: Registered fruitsdelight:hamimelon_shaved_ice to registry minecraft:item
[26Feb2026 22:11:07.224] [main/DEBUG] [com.tterrag.registrate.AbstractRegistrate/REGISTRATE.REGISTER]: Registered fruitsdelight:hawberry_roll to registry minecraft:item
[26Feb2026 22:11:07.224] [main/DEBUG] [com.tterrag.registrate.AbstractRegistrate/REGISTRATE.REGISTER]: Registered fruitsdelight:hawberry_sheet to registry minecraft:item
[26Feb2026 22:11:07.224] [main/DEBUG] [com.tterrag.registrate.AbstractRegistrate/REGISTRATE.REGISTER]: Registered fruitsdelight:hawberry_stick to registry minecraft:item
[26Feb2026 22:11:07.224] [main/DEBUG] [com.tterrag.registrate.AbstractRegistrate/REGISTRATE.REGISTER]: Registered fruitsdelight:orange_slice to registry minecraft:item
[26Feb2026 22:11:07.225] [main/DEBUG] [com.tterrag.registrate.AbstractRegistrate/REGISTRATE.REGISTER]: Registered fruitsdelight:lemon_slice to registry minecraft:item
[26Feb2026 22:11:07.225] [main/DEBUG] [com.tterrag.registrate.AbstractRegistrate/REGISTRATE.REGISTER]: Registered fruitsdelight:durian_flesh to registry minecraft:item
[26Feb2026 22:11:07.225] [main/DEBUG] [com.tterrag.registrate.AbstractRegistrate/REGISTRATE.REGISTER]: Registered fruitsdelight:baked_pear to registry minecraft:item
[26Feb2026 22:11:07.225] [main/DEBUG] [com.tterrag.registrate.AbstractRegistrate/REGISTRATE.REGISTER]: Registered fruitsdelight:baked_durian to registry minecraft:item
[26Feb2026 22:11:07.225] [main/DEBUG] [com.tterrag.registrate.AbstractRegistrate/REGISTRATE.REGISTER]: Registered fruitsdelight:pineapple_pie to registry minecraft:item
[26Feb2026 22:11:07.225] [main/DEBUG] [com.tterrag.registrate.AbstractRegistrate/REGISTRATE.REGISTER]: Registered fruitsdelight:durian_pie to registry minecraft:item
[26Feb2026 22:11:07.225] [main/DEBUG] [com.tterrag.registrate.AbstractRegistrate/REGISTRATE.REGISTER]: Registered fruitsdelight:lemon_tart to registry minecraft:item
[26Feb2026 22:11:07.225] [main/DEBUG] [com.tterrag.registrate.AbstractRegistrate/REGISTRATE.REGISTER]: Registered fruitsdelight:fig_tart to registry minecraft:item
[26Feb2026 22:11:07.225] [main/DEBUG] [com.tterrag.registrate.AbstractRegistrate/REGISTRATE.REGISTER]: Registered fruitsdelight:mango_milkshake to registry minecraft:item
[26Feb2026 22:11:07.225] [main/DEBUG] [com.tterrag.registrate.AbstractRegistrate/REGISTRATE.REGISTER]: Registered fruitsdelight:mango_salad to registry minecraft:item
[26Feb2026 22:11:07.225] [main/DEBUG] [com.tterrag.registrate.AbstractRegistrate/REGISTRATE.REGISTER]: Registered fruitsdelight:dried_persimmon to registry minecraft:item
[26Feb2026 22:11:07.225] [main/DEBUG] [com.tterrag.registrate.AbstractRegistrate/REGISTRATE.REGISTER]: Registered fruitsdelight:persimmon_cookie to registry minecraft:item
[26Feb2026 22:11:07.225] [main/DEBUG] [com.tterrag.registrate.AbstractRegistrate/REGISTRATE.REGISTER]: Registered fruitsdelight:lemon_cookie to registry minecraft:item
[26Feb2026 22:11:07.225] [main/DEBUG] [com.tterrag.registrate.AbstractRegistrate/REGISTRATE.REGISTER]: Registered fruitsdelight:cranberry_cookie to registry minecraft:item
[26Feb2026 22:11:07.227] [main/DEBUG] [com.tterrag.registrate.AbstractRegistrate/REGISTRATE.REGISTER]: Registered fruitsdelight:bayberry_cookie to registry minecraft:item
[26Feb2026 22:11:07.228] [main/DEBUG] [com.tterrag.registrate.AbstractRegistrate/REGISTRATE.REGISTER]: Registered fruitsdelight:mangosteen_cake to registry minecraft:item
[26Feb2026 22:11:07.228] [main/DEBUG] [com.tterrag.registrate.AbstractRegistrate/REGISTRATE.REGISTER]: Registered fruitsdelight:pear_with_rock_sugar to registry minecraft:item
[26Feb2026 22:11:07.228] [main/DEBUG] [com.tterrag.registrate.AbstractRegistrate/REGISTRATE.REGISTER]: Registered fruitsdelight:orange_chicken to registry minecraft:item
[26Feb2026 22:11:07.228] [main/DEBUG] [com.tterrag.registrate.AbstractRegistrate/REGISTRATE.REGISTER]: Registered fruitsdelight:fig_chicken_stew to registry minecraft:item
[26Feb2026 22:11:07.228] [main/DEBUG] [com.tterrag.registrate.AbstractRegistrate/REGISTRATE.REGISTER]: Registered fruitsdelight:orange_marinated_pork to registry minecraft:item
[26Feb2026 22:11:07.228] [main/DEBUG] [com.tterrag.registrate.AbstractRegistrate/REGISTRATE.REGISTER]: Registered fruitsdelight:bowl_of_pineapple_fried_rice to registry minecraft:item
[26Feb2026 22:11:07.228] [main/DEBUG] [com.tterrag.registrate.AbstractRegistrate/REGISTRATE.REGISTER]: Registered fruitsdelight:pineapple_marinated_pork to registry minecraft:item
[26Feb2026 22:11:07.228] [main/DEBUG] [com.tterrag.registrate.AbstractRegistrate/REGISTRATE.REGISTER]: Registered fruitsdelight:lychee_chicken to registry minecraft:item
[26Feb2026 22:11:07.228] [main/DEBUG] [com.tterrag.registrate.AbstractRegistrate/REGISTRATE.REGISTER]: Registered fruitsdelight:jelly_bread to registry minecraft:item
[26Feb2026 22:11:07.228] [main/DEBUG] [com.tterrag.registrate.AbstractRegistrate/REGISTRATE.REGISTER]: Registered fruitsdelight:pineapple_fried_rice to registry minecraft:item
[26Feb2026 22:11:07.228] [main/DEBUG] [com.tterrag.registrate.AbstractRegistrate/REGISTRATE.REGISTER]: Registered fruitsdelight:fig_pudding to registry minecraft:item
[26Feb2026 22:11:07.228] [main/DEBUG] [com.tterrag.registrate.AbstractRegistrate/REGISTRATE.REGISTER]: Registered fruitsdelight:pear_crate to registry minecraft:item
[26Feb2026 22:11:07.228] [main/DEBUG] [com.tterrag.registrate.AbstractRegistrate/REGISTRATE.REGISTER]: Registered fruitsdelight:hawberry_crate to registry minecraft:item
[26Feb2026 22:11:07.228] [main/DEBUG] [com.tterrag.registrate.AbstractRegistrate/REGISTRATE.REGISTER]: Registered fruitsdelight:lychee_crate to registry minecraft:item
[26Feb2026 22:11:07.229] [main/DEBUG] [com.tterrag.registrate.AbstractRegistrate/REGISTRATE.REGISTER]: Registered fruitsdelight:mango_crate to registry minecraft:item
[26Feb2026 22:11:07.229] [main/DEBUG] [com.tterrag.registrate.AbstractRegistrate/REGISTRATE.REGISTER]: Registered fruitsdelight:persimmon_crate to registry minecraft:item
[26Feb2026 22:11:07.229] [main/DEBUG] [com.tterrag.registrate.AbstractRegistrate/REGISTRATE.REGISTER]: Registered fruitsdelight:peach_crate to registry minecraft:item
[26Feb2026 22:11:07.229] [main/DEBUG] [com.tterrag.registrate.AbstractRegistrate/REGISTRATE.REGISTER]: Registered fruitsdelight:orange_crate to registry minecraft:item
[26Feb2026 22:11:07.229] [main/DEBUG] [com.tterrag.registrate.AbstractRegistrate/REGISTRATE.REGISTER]: Registered fruitsdelight:mangosteen_crate to registry minecraft:item
[26Feb2026 22:11:07.229] [main/DEBUG] [com.tterrag.registrate.AbstractRegistrate/REGISTRATE.REGISTER]: Registered fruitsdelight:bayberry_crate to registry minecraft:item
[26Feb2026 22:11:07.229] [main/DEBUG] [com.tterrag.registrate.AbstractRegistrate/REGISTRATE.REGISTER]: Registered fruitsdelight:kiwi_crate to registry minecraft:item
[26Feb2026 22:11:07.229] [main/DEBUG] [com.tterrag.registrate.AbstractRegistrate/REGISTRATE.REGISTER]: Registered fruitsdelight:fig_crate to registry minecraft:item
[26Feb2026 22:11:07.229] [main/DEBUG] [com.tterrag.registrate.AbstractRegistrate/REGISTRATE.REGISTER]: Registered fruitsdelight:blueberry_crate to registry minecraft:item
[26Feb2026 22:11:07.229] [main/DEBUG] [com.tterrag.registrate.AbstractRegistrate/REGISTRATE.REGISTER]: Registered fruitsdelight:lemon_crate to registry minecraft:item
[26Feb2026 22:11:07.229] [main/DEBUG] [com.tterrag.registrate.AbstractRegistrate/REGISTRATE.REGISTER]: Registered fruitsdelight:cranberry_crate to registry minecraft:item
[26Feb2026 22:11:07.229] [main/DEBUG] [com.tterrag.registrate.AbstractRegistrate/REGISTRATE.REGISTER]: Registered fruitsdelight:pineapple_crate to registry minecraft:item
[26Feb2026 22:11:07.231] [main/DEBUG] [com.tterrag.registrate.AbstractRegistrate/REGISTRATE.REGISTER]: Registered fruitsdelight:apple_crate to registry minecraft:item
[26Feb2026 22:11:07.232] [main/DEBUG] [com.tterrag.registrate.AbstractRegistrate/REGISTRATE.REGISTER]: Registered fruitsdelight:apple_jelly_block to registry minecraft:item
[26Feb2026 22:11:07.232] [main/DEBUG] [com.tterrag.registrate.AbstractRegistrate/REGISTRATE.REGISTER]: Registered fruitsdelight:blueberry_jelly_block to registry minecraft:item
[26Feb2026 22:11:07.232] [main/DEBUG] [com.tterrag.registrate.AbstractRegistrate/REGISTRATE.REGISTER]: Registered fruitsdelight:glowberry_jelly_block to registry minecraft:item
[26Feb2026 22:11:07.232] [main/DEBUG] [com.tterrag.registrate.AbstractRegistrate/REGISTRATE.REGISTER]: Registered fruitsdelight:hamimelon_jelly_block to registry minecraft:item
[26Feb2026 22:11:07.232] [main/DEBUG] [com.tterrag.registrate.AbstractRegistrate/REGISTRATE.REGISTER]: Registered fruitsdelight:melon_jelly_block to registry minecraft:item
[26Feb2026 22:11:07.232] [main/DEBUG] [com.tterrag.registrate.AbstractRegistrate/REGISTRATE.REGISTER]: Registered fruitsdelight:hawberry_jelly_block to registry minecraft:item
[26Feb2026 22:11:07.232] [main/DEBUG] [com.tterrag.registrate.AbstractRegistrate/REGISTRATE.REGISTER]: Registered fruitsdelight:lychee_jelly_block to registry minecraft:item
[26Feb2026 22:11:07.232] [main/DEBUG] [com.tterrag.registrate.AbstractRegistrate/REGISTRATE.REGISTER]: Registered fruitsdelight:mango_jelly_block to registry minecraft:item
[26Feb2026 22:11:07.233] [main/DEBUG] [com.tterrag.registrate.AbstractRegistrate/REGISTRATE.REGISTER]: Registered fruitsdelight:orange_jelly_block to registry minecraft:item
[26Feb2026 22:11:07.233] [main/DEBUG] [com.tterrag.registrate.AbstractRegistrate/REGISTRATE.REGISTER]: Registered fruitsdelight:peach_jelly_block to registry minecraft:item
[26Feb2026 22:11:07.233] [main/DEBUG] [com.tterrag.registrate.AbstractRegistrate/REGISTRATE.REGISTER]: Registered fruitsdelight:pear_jelly_block to registry minecraft:item
[26Feb2026 22:11:07.233] [main/DEBUG] [com.tterrag.registrate.AbstractRegistrate/REGISTRATE.REGISTER]: Registered fruitsdelight:persimmon_jelly_block to registry minecraft:item
[26Feb2026 22:11:07.233] [main/DEBUG] [com.tterrag.registrate.AbstractRegistrate/REGISTRATE.REGISTER]: Registered fruitsdelight:pineapple_jelly_block to registry minecraft:item
[26Feb2026 22:11:07.233] [main/DEBUG] [com.tterrag.registrate.AbstractRegistrate/REGISTRATE.REGISTER]: Registered fruitsdelight:lemon_jelly_block to registry minecraft:item
[26Feb2026 22:11:07.233] [main/DEBUG] [com.tterrag.registrate.AbstractRegistrate/REGISTRATE.REGISTER]: Registered fruitsdelight:cranberry_jelly_block to registry minecraft:item
[26Feb2026 22:11:07.233] [main/DEBUG] [com.tterrag.registrate.AbstractRegistrate/REGISTRATE.REGISTER]: Registered fruitsdelight:mangosteen_jelly_block to registry minecraft:item
[26Feb2026 22:11:07.233] [main/DEBUG] [com.tterrag.registrate.AbstractRegistrate/REGISTRATE.REGISTER]: Registered fruitsdelight:sweetberry_jelly_block to registry minecraft:item
[26Feb2026 22:11:07.233] [main/DEBUG] [com.tterrag.registrate.AbstractRegistrate/REGISTRATE.REGISTER]: Registered fruitsdelight:chorus_jelly_block to registry minecraft:item
[26Feb2026 22:11:07.233] [main/DEBUG] [com.tterrag.registrate.AbstractRegistrate/REGISTRATE.REGISTER]: Registered fruitsdelight:bayberry_jelly_block to registry minecraft:item
[26Feb2026 22:11:07.235] [main/DEBUG] [com.tterrag.registrate.AbstractRegistrate/REGISTRATE.REGISTER]: Registered fruitsdelight:kiwi_jelly_block to registry minecraft:item
[26Feb2026 22:11:07.236] [main/DEBUG] [com.tterrag.registrate.AbstractRegistrate/REGISTRATE.REGISTER]: Registered fruitsdelight:fig_jelly_block to registry minecraft:item
[26Feb2026 22:11:07.236] [main/DEBUG] [com.tterrag.registrate.AbstractRegistrate/REGISTRATE.REGISTER]: Registered fruitsdelight:durian_jelly_block to registry minecraft:item
[26Feb2026 22:11:07.236] [main/DEBUG] [com.tterrag.registrate.AbstractRegistrate/REGISTRATE.REGISTER]: Registered fruitsdelight:apple_jello_block to registry minecraft:item
[26Feb2026 22:11:07.236] [main/DEBUG] [com.tterrag.registrate.AbstractRegistrate/REGISTRATE.REGISTER]: Registered fruitsdelight:blueberry_jello_block to registry minecraft:item
[26Feb2026 22:11:07.236] [main/DEBUG] [com.tterrag.registrate.AbstractRegistrate/REGISTRATE.REGISTER]: Registered fruitsdelight:glowberry_jello_block to registry minecraft:item
[26Feb2026 22:11:07.236] [main/DEBUG] [com.tterrag.registrate.AbstractRegistrate/REGISTRATE.REGISTER]: Registered fruitsdelight:hamimelon_jello_block to registry minecraft:item
[26Feb2026 22:11:07.236] [main/DEBUG] [com.tterrag.registrate.AbstractRegistrate/REGISTRATE.REGISTER]: Registered fruitsdelight:melon_jello_block to registry minecraft:item
[26Feb2026 22:11:07.236] [main/DEBUG] [com.tterrag.registrate.AbstractRegistrate/REGISTRATE.REGISTER]: Registered fruitsdelight:hawberry_jello_block to registry minecraft:item
[26Feb2026 22:11:07.236] [main/DEBUG] [com.tterrag.registrate.AbstractRegistrate/REGISTRATE.REGISTER]: Registered fruitsdelight:lychee_jello_block to registry minecraft:item
[26Feb2026 22:11:07.236] [main/DEBUG] [com.tterrag.registrate.AbstractRegistrate/REGISTRATE.REGISTER]: Registered fruitsdelight:mango_jello_block to registry minecraft:item
[26Feb2026 22:11:07.236] [main/DEBUG] [com.tterrag.registrate.AbstractRegistrate/REGISTRATE.REGISTER]: Registered fruitsdelight:orange_jello_block to registry minecraft:item
[26Feb2026 22:11:07.236] [main/DEBUG] [com.tterrag.registrate.AbstractRegistrate/REGISTRATE.REGISTER]: Registered fruitsdelight:peach_jello_block to registry minecraft:item
[26Feb2026 22:11:07.236] [main/DEBUG] [com.tterrag.registrate.AbstractRegistrate/REGISTRATE.REGISTER]: Registered fruitsdelight:pear_jello_block to registry minecraft:item
[26Feb2026 22:11:07.237] [main/DEBUG] [com.tterrag.registrate.AbstractRegistrate/REGISTRATE.REGISTER]: Registered fruitsdelight:persimmon_jello_block to registry minecraft:item
[26Feb2026 22:11:07.237] [main/DEBUG] [com.tterrag.registrate.AbstractRegistrate/REGISTRATE.REGISTER]: Registered fruitsdelight:pineapple_jello_block to registry minecraft:item
[26Feb2026 22:11:07.237] [main/DEBUG] [com.tterrag.registrate.AbstractRegistrate/REGISTRATE.REGISTER]: Registered fruitsdelight:lemon_jello_block to registry minecraft:item
[26Feb2026 22:11:07.237] [main/DEBUG] [com.tterrag.registrate.AbstractRegistrate/REGISTRATE.REGISTER]: Registered fruitsdelight:cranberry_jello_block to registry minecraft:item
[26Feb2026 22:11:07.237] [main/DEBUG] [com.tterrag.registrate.AbstractRegistrate/REGISTRATE.REGISTER]: Registered fruitsdelight:mangosteen_jello_block to registry minecraft:item
[26Feb2026 22:11:07.237] [main/DEBUG] [com.tterrag.registrate.AbstractRegistrate/REGISTRATE.REGISTER]: Registered fruitsdelight:sweetberry_jello_block to registry minecraft:item
[26Feb2026 22:11:07.237] [main/DEBUG] [com.tterrag.registrate.AbstractRegistrate/REGISTRATE.REGISTER]: Registered fruitsdelight:chorus_jello_block to registry minecraft:item
[26Feb2026 22:11:07.237] [main/DEBUG] [com.tterrag.registrate.AbstractRegistrate/REGISTRATE.REGISTER]: Registered fruitsdelight:bayberry_jello_block to registry minecraft:item
[26Feb2026 22:11:07.237] [main/DEBUG] [com.tterrag.registrate.AbstractRegistrate/REGISTRATE.REGISTER]: Registered fruitsdelight:kiwi_jello_block to registry minecraft:item
[26Feb2026 22:11:07.237] [main/DEBUG] [com.tterrag.registrate.AbstractRegistrate/REGISTRATE.REGISTER]: Registered fruitsdelight:fig_jello_block to registry minecraft:item
[26Feb2026 22:11:07.237] [main/DEBUG] [com.tterrag.registrate.AbstractRegistrate/REGISTRATE.REGISTER]: Registered fruitsdelight:durian_jello_block to registry minecraft:item
[26Feb2026 22:11:07.237] [main/DEBUG] [com.tterrag.registrate.AbstractRegistrate/REGISTRATE.REGISTER]: Registered fruitsdelight:lemonade_cauldron to registry minecraft:item
[26Feb2026 22:11:07.238] [main/DEBUG] [com.tterrag.registrate.AbstractRegistrate/REGISTRATE.REGISTER]: Registered fruitsdelight:apple_cauldron to registry minecraft:item
[26Feb2026 22:11:07.238] [main/DEBUG] [com.tterrag.registrate.AbstractRegistrate/REGISTRATE.REGISTER]: Registered fruitsdelight:apple_jelly_cauldron to registry minecraft:item
[26Feb2026 22:11:07.238] [main/DEBUG] [com.tterrag.registrate.AbstractRegistrate/REGISTRATE.REGISTER]: Registered fruitsdelight:apple_jello_cauldron to registry minecraft:item
[26Feb2026 22:11:07.238] [main/DEBUG] [com.tterrag.registrate.AbstractRegistrate/REGISTRATE.REGISTER]: Registered fruitsdelight:blueberry_cauldron to registry minecraft:item
[26Feb2026 22:11:07.240] [main/DEBUG] [com.tterrag.registrate.AbstractRegistrate/REGISTRATE.REGISTER]: Registered fruitsdelight:blueberry_jelly_cauldron to registry minecraft:item
[26Feb2026 22:11:07.241] [main/DEBUG] [com.tterrag.registrate.AbstractRegistrate/REGISTRATE.REGISTER]: Registered fruitsdelight:blueberry_jello_cauldron to registry minecraft:item
[26Feb2026 22:11:07.241] [main/DEBUG] [com.tterrag.registrate.AbstractRegistrate/REGISTRATE.REGISTER]: Registered fruitsdelight:glowberry_cauldron to registry minecraft:item
[26Feb2026 22:11:07.241] [main/DEBUG] [com.tterrag.registrate.AbstractRegistrate/REGISTRATE.REGISTER]: Registered fruitsdelight:glowberry_jelly_cauldron to registry minecraft:item
[26Feb2026 22:11:07.241] [main/DEBUG] [com.tterrag.registrate.AbstractRegistrate/REGISTRATE.REGISTER]: Registered fruitsdelight:glowberry_jello_cauldron to registry minecraft:item
[26Feb2026 22:11:07.241] [main/DEBUG] [com.tterrag.registrate.AbstractRegistrate/REGISTRATE.REGISTER]: Registered fruitsdelight:hamimelon_cauldron to registry minecraft:item
[26Feb2026 22:11:07.241] [main/DEBUG] [com.tterrag.registrate.AbstractRegistrate/REGISTRATE.REGISTER]: Registered fruitsdelight:hamimelon_jelly_cauldron to registry minecraft:item
[26Feb2026 22:11:07.241] [main/DEBUG] [com.tterrag.registrate.AbstractRegistrate/REGISTRATE.REGISTER]: Registered fruitsdelight:hamimelon_jello_cauldron to registry minecraft:item
[26Feb2026 22:11:07.241] [main/DEBUG] [com.tterrag.registrate.AbstractRegistrate/REGISTRATE.REGISTER]: Registered fruitsdelight:melon_cauldron to registry minecraft:item
[26Feb2026 22:11:07.241] [main/DEBUG] [com.tterrag.registrate.AbstractRegistrate/REGISTRATE.REGISTER]: Registered fruitsdelight:melon_jelly_cauldron to registry minecraft:item
[26Feb2026 22:11:07.241] [main/DEBUG] [com.tterrag.registrate.AbstractRegistrate/REGISTRATE.REGISTER]: Registered fruitsdelight:melon_jello_cauldron to registry minecraft:item
[26Feb2026 22:11:07.241] [main/DEBUG] [com.tterrag.registrate.AbstractRegistrate/REGISTRATE.REGISTER]: Registered fruitsdelight:hawberry_cauldron to registry minecraft:item
[26Feb2026 22:11:07.241] [main/DEBUG] [com.tterrag.registrate.AbstractRegistrate/REGISTRATE.REGISTER]: Registered fruitsdelight:hawberry_jelly_cauldron to registry minecraft:item
[26Feb2026 22:11:07.241] [main/DEBUG] [com.tterrag.registrate.AbstractRegistrate/REGISTRATE.REGISTER]: Registered fruitsdelight:hawberry_jello_cauldron to registry minecraft:item
[26Feb2026 22:11:07.241] [main/DEBUG] [com.tterrag.registrate.AbstractRegistrate/REGISTRATE.REGISTER]: Registered fruitsdelight:lychee_cauldron to registry minecraft:item
[26Feb2026 22:11:07.242] [main/DEBUG] [com.tterrag.registrate.AbstractRegistrate/REGISTRATE.REGISTER]: Registered fruitsdelight:lychee_jelly_cauldron to registry minecraft:item
[26Feb2026 22:11:07.242] [main/DEBUG] [com.tterrag.registrate.AbstractRegistrate/REGISTRATE.REGISTER]: Registered fruitsdelight:lychee_jello_cauldron to registry minecraft:item
[26Feb2026 22:11:07.242] [main/DEBUG] [com.tterrag.registrate.AbstractRegistrate/REGISTRATE.REGISTER]: Registered fruitsdelight:mango_cauldron to registry minecraft:item
[26Feb2026 22:11:07.242] [main/DEBUG] [com.tterrag.registrate.AbstractRegistrate/REGISTRATE.REGISTER]: Registered fruitsdelight:mango_jelly_cauldron to registry minecraft:item
[26Feb2026 22:11:07.242] [main/DEBUG] [com.tterrag.registrate.AbstractRegistrate/REGISTRATE.REGISTER]: Registered fruitsdelight:mango_jello_cauldron to registry minecraft:item
[26Feb2026 22:11:07.242] [main/DEBUG] [com.tterrag.registrate.AbstractRegistrate/REGISTRATE.REGISTER]: Registered fruitsdelight:orange_cauldron to registry minecraft:item
[26Feb2026 22:11:07.242] [main/DEBUG] [com.tterrag.registrate.AbstractRegistrate/REGISTRATE.REGISTER]: Registered fruitsdelight:orange_jelly_cauldron to registry minecraft:item
[26Feb2026 22:11:07.242] [main/DEBUG] [com.tterrag.registrate.AbstractRegistrate/REGISTRATE.REGISTER]: Registered fruitsdelight:orange_jello_cauldron to registry minecraft:item
[26Feb2026 22:11:07.242] [main/DEBUG] [com.tterrag.registrate.AbstractRegistrate/REGISTRATE.REGISTER]: Registered fruitsdelight:peach_cauldron to registry minecraft:item
[26Feb2026 22:11:07.242] [main/DEBUG] [com.tterrag.registrate.AbstractRegistrate/REGISTRATE.REGISTER]: Registered fruitsdelight:peach_jelly_cauldron to registry minecraft:item
[26Feb2026 22:11:07.242] [main/DEBUG] [com.tterrag.registrate.AbstractRegistrate/REGISTRATE.REGISTER]: Registered fruitsdelight:peach_jello_cauldron to registry minecraft:item
[26Feb2026 22:11:07.242] [main/DEBUG] [com.tterrag.registrate.AbstractRegistrate/REGISTRATE.REGISTER]: Registered fruitsdelight:pear_cauldron to registry minecraft:item
[26Feb2026 22:11:07.244] [main/DEBUG] [com.tterrag.registrate.AbstractRegistrate/REGISTRATE.REGISTER]: Registered fruitsdelight:pear_jelly_cauldron to registry minecraft:item
[26Feb2026 22:11:07.245] [main/DEBUG] [com.tterrag.registrate.AbstractRegistrate/REGISTRATE.REGISTER]: Registered fruitsdelight:pear_jello_cauldron to registry minecraft:item
[26Feb2026 22:11:07.245] [main/DEBUG] [com.tterrag.registrate.AbstractRegistrate/REGISTRATE.REGISTER]: Registered fruitsdelight:persimmon_cauldron to registry minecraft:item
[26Feb2026 22:11:07.245] [main/DEBUG] [com.tterrag.registrate.AbstractRegistrate/REGISTRATE.REGISTER]: Registered fruitsdelight:persimmon_jelly_cauldron to registry minecraft:item
[26Feb2026 22:11:07.245] [main/DEBUG] [com.tterrag.registrate.AbstractRegistrate/REGISTRATE.REGISTER]: Registered fruitsdelight:persimmon_jello_cauldron to registry minecraft:item
[26Feb2026 22:11:07.245] [main/DEBUG] [com.tterrag.registrate.AbstractRegistrate/REGISTRATE.REGISTER]: Registered fruitsdelight:pineapple_cauldron to registry minecraft:item
[26Feb2026 22:11:07.245] [main/DEBUG] [com.tterrag.registrate.AbstractRegistrate/REGISTRATE.REGISTER]: Registered fruitsdelight:pineapple_jelly_cauldron to registry minecraft:item
[26Feb2026 22:11:07.245] [main/DEBUG] [com.tterrag.registrate.AbstractRegistrate/REGISTRATE.REGISTER]: Registered fruitsdelight:pineapple_jello_cauldron to registry minecraft:item
[26Feb2026 22:11:07.245] [main/DEBUG] [com.tterrag.registrate.AbstractRegistrate/REGISTRATE.REGISTER]: Registered fruitsdelight:lemon_cauldron to registry minecraft:item
[26Feb2026 22:11:07.245] [main/DEBUG] [com.tterrag.registrate.AbstractRegistrate/REGISTRATE.REGISTER]: Registered fruitsdelight:lemon_jelly_cauldron to registry minecraft:item
[26Feb2026 22:11:07.245] [main/DEBUG] [com.tterrag.registrate.AbstractRegistrate/REGISTRATE.REGISTER]: Registered fruitsdelight:lemon_jello_cauldron to registry minecraft:item
[26Feb2026 22:11:07.245] [main/DEBUG] [com.tterrag.registrate.AbstractRegistrate/REGISTRATE.REGISTER]: Registered fruitsdelight:cranberry_cauldron to registry minecraft:item
[26Feb2026 22:11:07.245] [main/DEBUG] [com.tterrag.registrate.AbstractRegistrate/REGISTRATE.REGISTER]: Registered fruitsdelight:cranberry_jelly_cauldron to registry minecraft:item
[26Feb2026 22:11:07.245] [main/DEBUG] [com.tterrag.registrate.AbstractRegistrate/REGISTRATE.REGISTER]: Registered fruitsdelight:cranberry_jello_cauldron to registry minecraft:item
[26Feb2026 22:11:07.245] [main/DEBUG] [com.tterrag.registrate.AbstractRegistrate/REGISTRATE.REGISTER]: Registered fruitsdelight:mangosteen_cauldron to registry minecraft:item
[26Feb2026 22:11:07.246] [main/DEBUG] [com.tterrag.registrate.AbstractRegistrate/REGISTRATE.REGISTER]: Registered fruitsdelight:mangosteen_jelly_cauldron to registry minecraft:item
[26Feb2026 22:11:07.246] [main/DEBUG] [com.tterrag.registrate.AbstractRegistrate/REGISTRATE.REGISTER]: Registered fruitsdelight:mangosteen_jello_cauldron to registry minecraft:item
[26Feb2026 22:11:07.246] [main/DEBUG] [com.tterrag.registrate.AbstractRegistrate/REGISTRATE.REGISTER]: Registered fruitsdelight:sweetberry_cauldron to registry minecraft:item
[26Feb2026 22:11:07.246] [main/DEBUG] [com.tterrag.registrate.AbstractRegistrate/REGISTRATE.REGISTER]: Registered fruitsdelight:sweetberry_jelly_cauldron to registry minecraft:item
[26Feb2026 22:11:07.246] [main/DEBUG] [com.tterrag.registrate.AbstractRegistrate/REGISTRATE.REGISTER]: Registered fruitsdelight:sweetberry_jello_cauldron to registry minecraft:item
[26Feb2026 22:11:07.246] [main/DEBUG] [com.tterrag.registrate.AbstractRegistrate/REGISTRATE.REGISTER]: Registered fruitsdelight:chorus_cauldron to registry minecraft:item
[26Feb2026 22:11:07.246] [main/DEBUG] [com.tterrag.registrate.AbstractRegistrate/REGISTRATE.REGISTER]: Registered fruitsdelight:chorus_jelly_cauldron to registry minecraft:item
[26Feb2026 22:11:07.246] [main/DEBUG] [com.tterrag.registrate.AbstractRegistrate/REGISTRATE.REGISTER]: Registered fruitsdelight:chorus_jello_cauldron to registry minecraft:item
[26Feb2026 22:11:07.246] [main/DEBUG] [com.tterrag.registrate.AbstractRegistrate/REGISTRATE.REGISTER]: Registered fruitsdelight:bayberry_cauldron to registry minecraft:item
[26Feb2026 22:11:07.246] [main/DEBUG] [com.tterrag.registrate.AbstractRegistrate/REGISTRATE.REGISTER]: Registered fruitsdelight:bayberry_jelly_cauldron to registry minecraft:item
[26Feb2026 22:11:07.246] [main/DEBUG] [com.tterrag.registrate.AbstractRegistrate/REGISTRATE.REGISTER]: Registered fruitsdelight:bayberry_jello_cauldron to registry minecraft:item
[26Feb2026 22:11:07.246] [main/DEBUG] [com.tterrag.registrate.AbstractRegistrate/REGISTRATE.REGISTER]: Registered fruitsdelight:kiwi_cauldron to registry minecraft:item
[26Feb2026 22:11:07.246] [main/DEBUG] [com.tterrag.registrate.AbstractRegistrate/REGISTRATE.REGISTER]: Registered fruitsdelight:kiwi_jelly_cauldron to registry minecraft:item
[26Feb2026 22:11:07.248] [main/DEBUG] [com.tterrag.registrate.AbstractRegistrate/REGISTRATE.REGISTER]: Registered fruitsdelight:kiwi_jello_cauldron to registry minecraft:item
[26Feb2026 22:11:07.249] [main/DEBUG] [com.tterrag.registrate.AbstractRegistrate/REGISTRATE.REGISTER]: Registered fruitsdelight:fig_cauldron to registry minecraft:item
[26Feb2026 22:11:07.249] [main/DEBUG] [com.tterrag.registrate.AbstractRegistrate/REGISTRATE.REGISTER]: Registered fruitsdelight:fig_jelly_cauldron to registry minecraft:item
[26Feb2026 22:11:07.249] [main/DEBUG] [com.tterrag.registrate.AbstractRegistrate/REGISTRATE.REGISTER]: Registered fruitsdelight:fig_jello_cauldron to registry minecraft:item
[26Feb2026 22:11:07.249] [main/DEBUG] [com.tterrag.registrate.AbstractRegistrate/REGISTRATE.REGISTER]: Registered fruitsdelight:durian_cauldron to registry minecraft:item
[26Feb2026 22:11:07.249] [main/DEBUG] [com.tterrag.registrate.AbstractRegistrate/REGISTRATE.REGISTER]: Registered fruitsdelight:durian_jelly_cauldron to registry minecraft:item
[26Feb2026 22:11:07.249] [main/DEBUG] [com.tterrag.registrate.AbstractRegistrate/REGISTRATE.REGISTER]: Registered fruitsdelight:durian_jello_cauldron to registry minecraft:item
[26Feb2026 22:11:07.249] [main/DEBUG] [com.tterrag.registrate.AbstractRegistrate/REGISTRATE.REGISTER]: Registered fruitsdelight:dummy_cauldron to registry minecraft:item
[26Feb2026 22:11:07.377] [main/DEBUG] [com.tterrag.registrate.AbstractRegistrate/REGISTRATE.REGISTER]: (fruitsdelight) Registering 2 known objects of type minecraft:recipe_serializer
[26Feb2026 22:11:07.380] [main/DEBUG] [com.tterrag.registrate.AbstractRegistrate/REGISTRATE.REGISTER]: Registered fruitsdelight:jelly_craft_shapeless to registry minecraft:recipe_serializer
[26Feb2026 22:11:07.383] [main/DEBUG] [com.tterrag.registrate.AbstractRegistrate/REGISTRATE.REGISTER]: Registered fruitsdelight:jelly_craft_shaped to registry minecraft:recipe_serializer
[26Feb2026 22:11:07.442] [main/DEBUG] [com.tterrag.registrate.AbstractRegistrate/REGISTRATE.REGISTER]: (fruitsdelight) Registering 1 known objects of type minecraft:creative_mode_tab
[26Feb2026 22:11:07.443] [main/DEBUG] [com.tterrag.registrate.AbstractRegistrate/REGISTRATE.REGISTER]: Registered fruitsdelight:fruits_delight to registry minecraft:creative_mode_tab
[26Feb2026 22:11:07.461] [main/DEBUG] [com.tterrag.registrate.AbstractRegistrate/REGISTRATE.REGISTER]: (fruitsdelight) Registering 56 known objects of type forge:fluid_type
[26Feb2026 22:11:07.461] [main/DEBUG] [com.tterrag.registrate.AbstractRegistrate/REGISTRATE.REGISTER]: Registered fruitsdelight:apple_jam to registry forge:fluid_type
[26Feb2026 22:11:07.462] [main/DEBUG] [com.tterrag.registrate.AbstractRegistrate/REGISTRATE.REGISTER]: Registered fruitsdelight:apple_jello to registry forge:fluid_type
[26Feb2026 22:11:07.462] [main/DEBUG] [com.tterrag.registrate.AbstractRegistrate/REGISTRATE.REGISTER]: Registered fruitsdelight:blueberry_jam to registry forge:fluid_type
[26Feb2026 22:11:07.462] [main/DEBUG] [com.tterrag.registrate.AbstractRegistrate/REGISTRATE.REGISTER]: Registered fruitsdelight:blueberry_jello to registry forge:fluid_type
[26Feb2026 22:11:07.462] [main/DEBUG] [com.tterrag.registrate.AbstractRegistrate/REGISTRATE.REGISTER]: Registered fruitsdelight:glowberry_jam to registry forge:fluid_type
[26Feb2026 22:11:07.462] [main/DEBUG] [com.tterrag.registrate.AbstractRegistrate/REGISTRATE.REGISTER]: Registered fruitsdelight:glowberry_jello to registry forge:fluid_type
[26Feb2026 22:11:07.462] [main/DEBUG] [com.tterrag.registrate.AbstractRegistrate/REGISTRATE.REGISTER]: Registered fruitsdelight:hamimelon_jam to registry forge:fluid_type
[26Feb2026 22:11:07.463] [main/DEBUG] [com.tterrag.registrate.AbstractRegistrate/REGISTRATE.REGISTER]: Registered fruitsdelight:hamimelon_jello to registry forge:fluid_type
[26Feb2026 22:11:07.463] [main/DEBUG] [com.tterrag.registrate.AbstractRegistrate/REGISTRATE.REGISTER]: Registered fruitsdelight:melon_jam to registry forge:fluid_type
[26Feb2026 22:11:07.463] [main/DEBUG] [com.tterrag.registrate.AbstractRegistrate/REGISTRATE.REGISTER]: Registered fruitsdelight:melon_jello to registry forge:fluid_type
[26Feb2026 22:11:07.463] [main/DEBUG] [com.tterrag.registrate.AbstractRegistrate/REGISTRATE.REGISTER]: Registered fruitsdelight:hawberry_jam to registry forge:fluid_type
[26Feb2026 22:11:07.463] [main/DEBUG] [com.tterrag.registrate.AbstractRegistrate/REGISTRATE.REGISTER]: Registered fruitsdelight:hawberry_jello to registry forge:fluid_type
[26Feb2026 22:11:07.463] [main/DEBUG] [com.tterrag.registrate.AbstractRegistrate/REGISTRATE.REGISTER]: Registered fruitsdelight:lychee_jam to registry forge:fluid_type
[26Feb2026 22:11:07.464] [main/DEBUG] [com.tterrag.registrate.AbstractRegistrate/REGISTRATE.REGISTER]: Registered fruitsdelight:lychee_jello to registry forge:fluid_type
[26Feb2026 22:11:07.464] [main/DEBUG] [com.tterrag.registrate.AbstractRegistrate/REGISTRATE.REGISTER]: Registered fruitsdelight:mango_jam to registry forge:fluid_type
[26Feb2026 22:11:07.464] [main/DEBUG] [com.tterrag.registrate.AbstractRegistrate/REGISTRATE.REGISTER]: Registered fruitsdelight:mango_jello to registry forge:fluid_type
[26Feb2026 22:11:07.464] [main/DEBUG] [com.tterrag.registrate.AbstractRegistrate/REGISTRATE.REGISTER]: Registered fruitsdelight:orange_jam to registry forge:fluid_type
[26Feb2026 22:11:07.464] [main/DEBUG] [com.tterrag.registrate.AbstractRegistrate/REGISTRATE.REGISTER]: Registered fruitsdelight:orange_jello to registry forge:fluid_type
[26Feb2026 22:11:07.464] [main/DEBUG] [com.tterrag.registrate.AbstractRegistrate/REGISTRATE.REGISTER]: Registered fruitsdelight:peach_jam to registry forge:fluid_type
[26Feb2026 22:11:07.464] [main/DEBUG] [com.tterrag.registrate.AbstractRegistrate/REGISTRATE.REGISTER]: Registered fruitsdelight:peach_jello to registry forge:fluid_type
[26Feb2026 22:11:07.465] [main/DEBUG] [com.tterrag.registrate.AbstractRegistrate/REGISTRATE.REGISTER]: Registered fruitsdelight:pear_jam to registry forge:fluid_type
[26Feb2026 22:11:07.465] [main/DEBUG] [com.tterrag.registrate.AbstractRegistrate/REGISTRATE.REGISTER]: Registered fruitsdelight:pear_jello to registry forge:fluid_type
[26Feb2026 22:11:07.465] [main/DEBUG] [com.tterrag.registrate.AbstractRegistrate/REGISTRATE.REGISTER]: Registered fruitsdelight:persimmon_jam to registry forge:fluid_type
[26Feb2026 22:11:07.465] [main/DEBUG] [com.tterrag.registrate.AbstractRegistrate/REGISTRATE.REGISTER]: Registered fruitsdelight:persimmon_jello to registry forge:fluid_type
[26Feb2026 22:11:07.465] [main/DEBUG] [com.tterrag.registrate.AbstractRegistrate/REGISTRATE.REGISTER]: Registered fruitsdelight:pineapple_jam to registry forge:fluid_type
[26Feb2026 22:11:07.465] [main/DEBUG] [com.tterrag.registrate.AbstractRegistrate/REGISTRATE.REGISTER]: Registered fruitsdelight:pineapple_jello to registry forge:fluid_type
[26Feb2026 22:11:07.466] [main/DEBUG] [com.tterrag.registrate.AbstractRegistrate/REGISTRATE.REGISTER]: Registered fruitsdelight:lemon_jam to registry forge:fluid_type
[26Feb2026 22:11:07.466] [main/DEBUG] [com.tterrag.registrate.AbstractRegistrate/REGISTRATE.REGISTER]: Registered fruitsdelight:lemon_jello to registry forge:fluid_type
[26Feb2026 22:11:07.466] [main/DEBUG] [com.tterrag.registrate.AbstractRegistrate/REGISTRATE.REGISTER]: Registered fruitsdelight:cranberry_jam to registry forge:fluid_type
[26Feb2026 22:11:07.466] [main/DEBUG] [com.tterrag.registrate.AbstractRegistrate/REGISTRATE.REGISTER]: Registered fruitsdelight:cranberry_jello to registry forge:fluid_type
[26Feb2026 22:11:07.467] [main/DEBUG] [com.tterrag.registrate.AbstractRegistrate/REGISTRATE.REGISTER]: Registered fruitsdelight:mangosteen_jam to registry forge:fluid_type
[26Feb2026 22:11:07.467] [main/DEBUG] [com.tterrag.registrate.AbstractRegistrate/REGISTRATE.REGISTER]: Registered fruitsdelight:mangosteen_jello to registry forge:fluid_type
[26Feb2026 22:11:07.467] [main/DEBUG] [com.tterrag.registrate.AbstractRegistrate/REGISTRATE.REGISTER]: Registered fruitsdelight:sweetberry_jam to registry forge:fluid_type
[26Feb2026 22:11:07.467] [main/DEBUG] [com.tterrag.registrate.AbstractRegistrate/REGISTRATE.REGISTER]: Registered fruitsdelight:sweetberry_jello to registry forge:fluid_type
[26Feb2026 22:11:07.467] [main/DEBUG] [com.tterrag.registrate.AbstractRegistrate/REGISTRATE.REGISTER]: Registered fruitsdelight:chorus_jam to registry forge:fluid_type
[26Feb2026 22:11:07.467] [main/DEBUG] [com.tterrag.registrate.AbstractRegistrate/REGISTRATE.REGISTER]: Registered fruitsdelight:chorus_jello to registry forge:fluid_type
[26Feb2026 22:11:07.468] [main/DEBUG] [com.tterrag.registrate.AbstractRegistrate/REGISTRATE.REGISTER]: Registered fruitsdelight:bayberry_jam to registry forge:fluid_type
[26Feb2026 22:11:07.468] [main/DEBUG] [com.tterrag.registrate.AbstractRegistrate/REGISTRATE.REGISTER]: Registered fruitsdelight:bayberry_jello to registry forge:fluid_type
[26Feb2026 22:11:07.468] [main/DEBUG] [com.tterrag.registrate.AbstractRegistrate/REGISTRATE.REGISTER]: Registered fruitsdelight:kiwi_jam to registry forge:fluid_type
[26Feb2026 22:11:07.468] [main/DEBUG] [com.tterrag.registrate.AbstractRegistrate/REGISTRATE.REGISTER]: Registered fruitsdelight:kiwi_jello to registry forge:fluid_type
[26Feb2026 22:11:07.468] [main/DEBUG] [com.tterrag.registrate.AbstractRegistrate/REGISTRATE.REGISTER]: Registered fruitsdelight:fig_jam to registry forge:fluid_type
[26Feb2026 22:11:07.468] [main/DEBUG] [com.tterrag.registrate.AbstractRegistrate/REGISTRATE.REGISTER]: Registered fruitsdelight:fig_jello to registry forge:fluid_type
[26Feb2026 22:11:07.469] [main/DEBUG] [com.tterrag.registrate.AbstractRegistrate/REGISTRATE.REGISTER]: Registered fruitsdelight:durian_jam to registry forge:fluid_type
[26Feb2026 22:11:07.469] [main/DEBUG] [com.tterrag.registrate.AbstractRegistrate/REGISTRATE.REGISTER]: Registered fruitsdelight:durian_jello to registry forge:fluid_type
[26Feb2026 22:11:07.469] [main/DEBUG] [com.tterrag.registrate.AbstractRegistrate/REGISTRATE.REGISTER]: Registered fruitsdelight:hamimelon_juice to registry forge:fluid_type
[26Feb2026 22:11:07.469] [main/DEBUG] [com.tterrag.registrate.AbstractRegistrate/REGISTRATE.REGISTER]: Registered fruitsdelight:hawberry_tea to registry forge:fluid_type
[26Feb2026 22:11:07.469] [main/DEBUG] [com.tterrag.registrate.AbstractRegistrate/REGISTRATE.REGISTER]: Registered fruitsdelight:orange_juice to registry forge:fluid_type
[26Feb2026 22:11:07.469] [main/DEBUG] [com.tterrag.registrate.AbstractRegistrate/REGISTRATE.REGISTER]: Registered fruitsdelight:lemon_juice to registry forge:fluid_type
[26Feb2026 22:11:07.470] [main/DEBUG] [com.tterrag.registrate.AbstractRegistrate/REGISTRATE.REGISTER]: Registered fruitsdelight:pear_juice to registry forge:fluid_type
[26Feb2026 22:11:07.470] [main/DEBUG] [com.tterrag.registrate.AbstractRegistrate/REGISTRATE.REGISTER]: Registered fruitsdelight:mango_tea to registry forge:fluid_type
[26Feb2026 22:11:07.470] [main/DEBUG] [com.tterrag.registrate.AbstractRegistrate/REGISTRATE.REGISTER]: Registered fruitsdelight:peach_tea to registry forge:fluid_type
[26Feb2026 22:11:07.470] [main/DEBUG] [com.tterrag.registrate.AbstractRegistrate/REGISTRATE.REGISTER]: Registered fruitsdelight:lychee_cherry_tea to registry forge:fluid_type
[26Feb2026 22:11:07.470] [main/DEBUG] [com.tterrag.registrate.AbstractRegistrate/REGISTRATE.REGISTER]: Registered fruitsdelight:mangosteen_tea to registry forge:fluid_type
[26Feb2026 22:11:07.470] [main/DEBUG] [com.tterrag.registrate.AbstractRegistrate/REGISTRATE.REGISTER]: Registered fruitsdelight:bayberry_soup to registry forge:fluid_type
[26Feb2026 22:11:07.470] [main/DEBUG] [com.tterrag.registrate.AbstractRegistrate/REGISTRATE.REGISTER]: Registered fruitsdelight:kiwi_juice to registry forge:fluid_type
[26Feb2026 22:11:07.471] [main/DEBUG] [com.tterrag.registrate.AbstractRegistrate/REGISTRATE.REGISTER]: Registered fruitsdelight:bellini_cocktail to registry forge:fluid_type
[26Feb2026 22:11:07.476] [main/DEBUG] [com.tterrag.registrate.AbstractRegistrate/REGISTRATE.REGISTER]: (fruitsdelight) Registering 1 known objects of type forge:global_loot_modifier_serializers
[26Feb2026 22:11:07.478] [main/DEBUG] [com.tterrag.registrate.AbstractRegistrate/REGISTRATE.REGISTER]: Registered fruitsdelight:replace_item to registry forge:global_loot_modifier_serializers
[26Feb2026 22:11:07.582] [main/DEBUG] [net.minecraftforge.fml.config.ConfigTracker/CONFIG]: Loading configs type COMMON
[26Feb2026 22:11:07.583] [main/DEBUG] [net.minecraftforge.fml.config.ConfigFileTypeHandler/CONFIG]: Built TOML config for /workspaces/MI-serverXDD/servidor_minecraft/config/farmersdelight-common.toml
[26Feb2026 22:11:07.584] [main/DEBUG] [net.minecraftforge.fml.config.ConfigFileTypeHandler/CONFIG]: Loaded TOML config file /workspaces/MI-serverXDD/servidor_minecraft/config/farmersdelight-common.toml
[26Feb2026 22:11:07.645] [main/DEBUG] [net.minecraftforge.fml.config.ConfigFileTypeHandler/CONFIG]: Watching TOML config file /workspaces/MI-serverXDD/servidor_minecraft/config/farmersdelight-common.toml for changes
[26Feb2026 22:11:07.649] [Thread-1/DEBUG] [net.minecraftforge.fml.config.ConfigFileTypeHandler/CONFIG]: Config file farmersdelight-common.toml changed, sending notifies
[26Feb2026 22:11:07.650] [Thread-1/DEBUG] [net.minecraftforge.fml.config.ConfigFileTypeHandler/CONFIG]: Config file farmersdelight-common.toml changed, sending notifies
[26Feb2026 22:11:07.650] [main/DEBUG] [net.minecraftforge.fml.config.ConfigFileTypeHandler/CONFIG]: Built TOML config for /workspaces/MI-serverXDD/servidor_minecraft/config/sophisticatedcore-common.toml
[26Feb2026 22:11:07.653] [main/DEBUG] [net.minecraftforge.fml.config.ConfigFileTypeHandler/CONFIG]: Loaded TOML config file /workspaces/MI-serverXDD/servidor_minecraft/config/sophisticatedcore-common.toml
[26Feb2026 22:11:07.653] [main/DEBUG] [net.minecraftforge.fml.config.ConfigFileTypeHandler/CONFIG]: Watching TOML config file /workspaces/MI-serverXDD/servidor_minecraft/config/sophisticatedcore-common.toml for changes
[26Feb2026 22:11:07.654] [main/WARN] [net.minecraftforge.common.ForgeConfigSpec/CORE]: Configuration file /workspaces/MI-serverXDD/servidor_minecraft/config/sophisticatedcore-common.toml is not correct. Correcting
[26Feb2026 22:11:07.659] [main/WARN] [net.minecraftforge.common.ForgeConfigSpec/CORE]: Incorrect key common was corrected from null to its default, SimpleCommentedConfig:{}. 
[26Feb2026 22:11:07.662] [main/WARN] [net.minecraftforge.common.ForgeConfigSpec/CORE]: Incorrect key common.enabledItems was corrected from null to its default, []. 
[26Feb2026 22:11:07.663] [main/DEBUG] [net.minecraftforge.common.ForgeConfigSpec/CORE]: The comment on key common.enabledItems does not match the spec. This may create a backup.
[26Feb2026 22:11:07.663] [main/DEBUG] [net.minecraftforge.common.ForgeConfigSpec/CORE]: The comment on key common does not match the spec. This may create a backup.
[26Feb2026 22:11:07.678] [Thread-1/DEBUG] [net.minecraftforge.fml.config.ConfigFileTypeHandler/CONFIG]: Config file sophisticatedcore-common.toml changed, sending notifies
[26Feb2026 22:11:07.679] [main/DEBUG] [net.minecraftforge.fml.config.ConfigFileTypeHandler/CONFIG]: Built TOML config for /workspaces/MI-serverXDD/servidor_minecraft/config/cookingforblockheads-common.toml
[26Feb2026 22:11:07.679] [main/DEBUG] [net.minecraftforge.fml.config.ConfigFileTypeHandler/CONFIG]: Loaded TOML config file /workspaces/MI-serverXDD/servidor_minecraft/config/cookingforblockheads-common.toml
[26Feb2026 22:11:07.680] [main/DEBUG] [net.minecraftforge.fml.config.ConfigFileTypeHandler/CONFIG]: Watching TOML config file /workspaces/MI-serverXDD/servidor_minecraft/config/cookingforblockheads-common.toml for changes
[26Feb2026 22:11:07.680] [Thread-1/DEBUG] [net.minecraftforge.fml.config.ConfigFileTypeHandler/CONFIG]: Config file sophisticatedcore-common.toml changed, sending notifies
[26Feb2026 22:11:07.685] [Thread-1/DEBUG] [net.minecraftforge.fml.config.ConfigFileTypeHandler/CONFIG]: Config file cookingforblockheads-common.toml changed, sending notifies
[26Feb2026 22:11:07.686] [main/DEBUG] [net.minecraftforge.fml.config.ConfigFileTypeHandler/CONFIG]: Built TOML config for /workspaces/MI-serverXDD/servidor_minecraft/config/sophisticatedbackpacks-common.toml
[26Feb2026 22:11:07.687] [main/DEBUG] [net.minecraftforge.fml.config.ConfigFileTypeHandler/CONFIG]: Loaded TOML config file /workspaces/MI-serverXDD/servidor_minecraft/config/sophisticatedbackpacks-common.toml
[26Feb2026 22:11:07.687] [main/DEBUG] [net.minecraftforge.fml.config.ConfigFileTypeHandler/CONFIG]: Watching TOML config file /workspaces/MI-serverXDD/servidor_minecraft/config/sophisticatedbackpacks-common.toml for changes
[26Feb2026 22:11:07.687] [main/WARN] [net.minecraftforge.common.ForgeConfigSpec/CORE]: Configuration file /workspaces/MI-serverXDD/servidor_minecraft/config/sophisticatedbackpacks-common.toml is not correct. Correcting
[26Feb2026 22:11:07.689] [main/WARN] [net.minecraftforge.common.ForgeConfigSpec/CORE]: Incorrect key common was corrected from null to its default, SimpleCommentedConfig:{}. 
[26Feb2026 22:11:07.689] [main/WARN] [net.minecraftforge.common.ForgeConfigSpec/CORE]: Incorrect key common.chestLootEnabled was corrected from null to its default, true. 
[26Feb2026 22:11:07.689] [main/DEBUG] [net.minecraftforge.common.ForgeConfigSpec/CORE]: The comment on key common.chestLootEnabled does not match the spec. This may create a backup.
[26Feb2026 22:11:07.689] [main/DEBUG] [net.minecraftforge.common.ForgeConfigSpec/CORE]: The comment on key common does not match the spec. This may create a backup.
[26Feb2026 22:11:07.691] [Thread-1/DEBUG] [net.minecraftforge.fml.config.ConfigFileTypeHandler/CONFIG]: Config file cookingforblockheads-common.toml changed, sending notifies
[26Feb2026 22:11:07.692] [Thread-1/DEBUG] [net.minecraftforge.fml.config.ConfigFileTypeHandler/CONFIG]: Config file sophisticatedbackpacks-common.toml changed, sending notifies
[26Feb2026 22:11:07.692] [main/DEBUG] [net.minecraftforge.fml.config.ConfigFileTypeHandler/CONFIG]: Built TOML config for /workspaces/MI-serverXDD/servidor_minecraft/config/l2_configs/l2library-common.toml
[26Feb2026 22:11:07.692] [main/DEBUG] [net.minecraftforge.fml.config.ConfigFileTypeHandler/CONFIG]: Loaded TOML config file /workspaces/MI-serverXDD/servidor_minecraft/config/l2_configs/l2library-common.toml
[26Feb2026 22:11:07.693] [Thread-1/DEBUG] [net.minecraftforge.fml.config.ConfigFileTypeHandler/CONFIG]: Config file sophisticatedbackpacks-common.toml changed, sending notifies
[26Feb2026 22:11:07.693] [main/DEBUG] [net.minecraftforge.fml.config.ConfigFileTypeHandler/CONFIG]: Watching TOML config file /workspaces/MI-serverXDD/servidor_minecraft/config/l2_configs/l2library-common.toml for changes
[26Feb2026 22:11:07.695] [main/DEBUG] [net.minecraftforge.fml.config.ConfigFileTypeHandler/CONFIG]: Built TOML config for /workspaces/MI-serverXDD/servidor_minecraft/config/fruitsdelight-common.toml
[26Feb2026 22:11:07.696] [main/DEBUG] [net.minecraftforge.fml.config.ConfigFileTypeHandler/CONFIG]: Loaded TOML config file /workspaces/MI-serverXDD/servidor_minecraft/config/fruitsdelight-common.toml
[26Feb2026 22:11:07.696] [main/DEBUG] [net.minecraftforge.fml.config.ConfigFileTypeHandler/CONFIG]: Watching TOML config file /workspaces/MI-serverXDD/servidor_minecraft/config/fruitsdelight-common.toml for changes
[26Feb2026 22:11:07.697] [Thread-1/DEBUG] [net.minecraftforge.fml.config.ConfigFileTypeHandler/CONFIG]: Config file fruitsdelight-common.toml changed, sending notifies
[26Feb2026 22:11:07.964] [main/DEBUG] [net.minecraftforge.fml.DeferredWorkQueue/LOADING]: Dispatching synchronous work for work queue COMMON_SETUP: 10 jobs
[26Feb2026 22:11:07.983] [main/INFO] [journeymap/]: Initializing Packet Registries
[26Feb2026 22:11:08.225] [main/INFO] [Framework/SYNCED_ENTITY_DATA]: Registered synced data key refurbished_furniture:lock_yaw for refurbished_furniture:seat
[26Feb2026 22:11:08.279] [main/DEBUG] [net.minecraftforge.fml.DeferredWorkQueue/LOADING]: Synchronous work queue completed in 310.8 ms
[26Feb2026 22:11:08.321] [main/DEBUG] [net.minecraftforge.fml.DeferredWorkQueue/LOADING]: Dispatching synchronous work for work queue COMPLETE: 1 jobs
[26Feb2026 22:11:08.337] [main/DEBUG] [net.minecraftforge.fml.DeferredWorkQueue/LOADING]: Synchronous work queue completed in 14.92 ms
[26Feb2026 22:11:08.729] [Forge Version Check/INFO] [net.minecraftforge.fml.VersionChecker/]: [journeymap] Starting version check at https://forge.curseupdate.com/32274/journeymap
[26Feb2026 22:11:09.591] [Forge Version Check/DEBUG] [net.minecraftforge.fml.VersionChecker/]: [journeymap] Received version check data:
{"promos":{"1.10.2-latest":"1.10.2-5.5.2","1.10.2-recommended":"1.10.2-5.5.2","1.11-latest":"1.11-5.4.6","1.11-recommended":"1.11-5.4.6","1.11.2-latest":"1.11.2-5.5.2","1.11.2-recommended":"1.11.2-5.5.2","1.12-latest":"1.12-5.5.2","1.12-recommended":"1.12-5.5.2","1.12.1-latest":"1.12.1-5.5.2","1.12.1-recommended":"1.12.1-5.5.2","1.12.2-latest":"1.12.2-5.7.1p3","1.12.2-recommended":"1.12.2-5.7.1p3","1.14.4-latest":"5.7.0","1.14.4-recommended":"5.7.0","1.15.2-latest":"5.7.0","1.15.2-recommended":"5.7.0","1.16.2-latest":"5.7.3","1.16.2-recommended":"5.7.3","1.16.3-latest":"5.7.3","1.16.3-recommended":"5.7.3","1.16.4-latest":"5.7.3","1.16.4-recommended":"5.7.3","1.16.5-latest":"5.8.6","1.16.5-recommended":"5.8.6","1.17.1-latest":"5.8.0","1.17.1-recommended":"5.8.0","1.18-latest":"5.8.0alpha9","1.18.1-latest":"5.8.1","1.18.1-recommended":"5.8.1","1.18.2-latest":"5.9.8","1.18.2-recommended":"5.9.8","1.19-latest":"5.8.5","1.19-recommended":"5.8.5","1.19.1-latest":"5.9.0beta2","1.19.2-latest":"5.9.8","1.19.2-recommended":"5.9.8","1.19.3-latest":"5.9.7","1.19.3-recommended":"5.9.7","1.19.4-latest":"5.9.8","1.19.4-recommended":"5.9.8","1.20-latest":"5.9.8","1.20-recommended":"5.9.8","1.20.1-latest":"5.10.3","1.20.1-recommended":"5.10.3","1.20.2-latest":"5.9.21","1.20.2-recommended":"5.9.21","1.20.3-latest":"5.9.18","1.20.3-recommended":"5.9.18","1.20.4-latest":"5.10.0","1.20.4-recommended":"5.10.0","1.20.6-latest":"5.10.0","1.20.6-recommended":"5.10.0","1.21-latest":"1.21-6.0.0-beta.27","1.21.1-latest":"1.21.1-6.0.0-beta.52","1.21.4-latest":"1.21.4-6.0.0-beta.45","1.21.5-latest":"1.21.5-6.0.0-beta.52","1.21.6-latest":"1.21.6-6.0.0-beta.52","1.21.7-latest":"1.21.7-6.0.0-beta.53","1.21.8-latest":"1.21.8-6.0.0-beta.52","1.6.4-latest":"4.0.3","1.6.4-recommended":"4.0.3","1.7.10-latest":"5.2.10","1.7.10-recommended":"5.2.10","1.7.2-latest":"4.0.3","1.7.2-recommended":"4.0.3","1.8-latest":"1.8-5.1.3","1.8-recommended":"1.8-5.1.3","1.8.8-latest":"1.8.8-5.1.3","1.8.8-recommended":"1.8.8-5.1.3","1.8.9-latest":"1.8.9-5.2.4","1.8.9-recommended":"1.8.9-5.2.4","1.9-latest":"1.9-5.5.2","1.9-recommended":"1.9-5.5.2","1.9.4-latest":"1.9.4-5.5.2","1.9.4-recommended":"1.9.4-5.5.2"},"homepage":"https://www.curseforge.com/minecraft/mc-mods/journeymap"}
[26Feb2026 22:11:09.596] [Forge Version Check/INFO] [net.minecraftforge.fml.VersionChecker/]: [journeymap] Found status: UP_TO_DATE Current: 5.10.3 Target: null
[26Feb2026 22:11:09.597] [Forge Version Check/INFO] [net.minecraftforge.fml.VersionChecker/]: [forge] Starting version check at https://files.minecraftforge.net/net/minecraftforge/forge/promotions_slim.json
[26Feb2026 22:11:09.748] [Forge Version Check/DEBUG] [net.minecraftforge.fml.VersionChecker/]: [forge] Received version check data:
{
  "homepage": "https://files.minecraftforge.net/net/minecraftforge/forge/",
  "promos": {
    "1.1-latest": "1.3.4.29",
    "1.2.3-latest": "1.4.1.64",
    "1.2.4-latest": "2.0.0.68",
    "1.2.5-latest": "3.4.9.171",
    "1.3.2-latest": "4.3.5.318",
    "1.4.0-latest": "5.0.0.326",
    "1.4.1-latest": "6.0.0.329",
    "1.4.2-latest": "6.0.1.355",
    "1.4.3-latest": "6.2.1.358",
    "1.4.4-latest": "6.3.0.378",
    "1.4.5-latest": "6.4.2.448",
    "1.4.6-latest": "6.5.0.489",
    "1.4.7-latest": "6.6.2.534",
    "1.5-latest": "7.7.0.598",
    "1.5.1-latest": "7.7.2.682",
    "1.5.2-latest": "7.8.1.738",
    "1.5.2-recommended": "7.8.1.738",
    "1.6.1-latest": "8.9.0.775",
    "1.6.2-latest": "9.10.1.871",
    "1.6.2-recommended": "9.10.1.871",
    "1.6.3-latest": "9.11.0.878",
    "1.6.4-latest": "9.11.1.1345",
    "1.6.4-recommended": "9.11.1.1345",
    "1.7.2-latest": "10.12.2.1161",
    "1.7.2-recommended": "10.12.2.1161",
    "1.7.10-latest": "10.13.4.1614",
    "1.7.10-recommended": "10.13.4.1614",
    "1.8-latest": "11.14.4.1577",
    "1.8-recommended": "11.14.4.1563",
    "1.8.8-latest": "11.15.0.1655",
    "1.8.9-latest": "11.15.1.2318",
    "1.8.9-recommended": "11.15.1.2318",
    "1.9-latest": "12.16.1.1938",
    "1.9-recommended": "12.16.1.1887",
    "1.9.4-latest": "12.17.0.2317",
    "1.9.4-recommended": "12.17.0.2317",
    "1.10-latest": "12.18.0.2000",
    "1.10.2-latest": "12.18.3.2511",
    "1.10.2-recommended": "12.18.3.2511",
    "1.11-latest": "13.19.1.2199",
    "1.11-recommended": "13.19.1.2189",
    "1.11.2-latest": "13.20.1.2588",
    "1.11.2-recommended": "13.20.1.2588",
    "1.12-latest": "14.21.1.2443",
    "1.12-recommended": "14.21.1.2387",
    "1.12.1-latest": "14.22.1.2485",
    "1.12.1-recommended": "14.22.1.2478",
    "1.12.2-latest": "14.23.5.2864",
    "1.12.2-recommended": "14.23.5.2859",
    "1.13.2-latest": "25.0.223",
    "1.14.2-latest": "26.0.63",
    "1.14.3-latest": "27.0.60",
    "1.14.4-latest": "28.2.28",
    "1.14.4-recommended": "28.2.26",
    "1.15-latest": "29.0.4",
    "1.15.1-latest": "30.0.51",
    "1.15.2-latest": "31.2.60",
    "1.15.2-recommended": "31.2.57",
    "1.16.1-latest": "32.0.108",
    "1.16.2-latest": "33.0.61",
    "1.16.3-latest": "34.1.42",
    "1.16.3-recommended": "34.1.0",
    "1.16.4-latest": "35.1.37",
    "1.16.4-recommended": "35.1.4",
    "1.16.5-latest": "36.2.42",
    "1.16.5-recommended": "36.2.34",
    "1.17.1-latest": "37.1.1",
    "1.17.1-recommended": "37.1.1",
    "1.18-latest": "38.0.17",
    "1.18.1-latest": "39.1.2",
    "1.18.1-recommended": "39.1.0",
    "1.18.2-recommended": "40.3.0",
    "1.18.2-latest": "40.3.12",
    "1.19-latest": "41.1.0",
    "1.19-recommended": "41.1.0",
    "1.19.1-latest": "42.0.9",
    "1.19.2-recommended": "43.5.0",
    "1.19.2-latest": "43.5.2",
    "1.19.3-latest": "44.1.23",
    "1.19.3-recommended": "44.1.0",
    "1.19.4-recommended": "45.4.0",
    "1.19.4-latest": "45.4.3",
    "1.20-latest": "46.0.14",
    "1.20.1-recommended": "47.4.10",
    "1.20.1-latest": "47.4.16",
    "1.20.2-latest": "48.1.0",
    "1.20.2-recommended": "48.1.0",
    "1.20.3-latest": "49.0.2",
    "1.20.4-latest": "49.2.4",
    "1.20.4-recommended": "49.2.0",
    "1.20.6-latest": "50.2.4",
    "1.20.6-recommended": "50.2.0",
    "1.21-latest": "51.0.33",
    "1.21.1-latest": "52.1.10",
    "1.21.1-recommended": "52.1.0",
    "1.21.3-latest": "53.1.7",
    "1.21.3-recommended": "53.1.0",
    "1.21.4-latest": "54.1.13",
    "1.21.4-recommended": "54.1.0",
    "1.21.5-latest": "55.1.7",
    "1.21.5-recommended": "55.1.0",
    "1.21.6-latest": "56.0.9",
    "1.21.7-latest": "57.0.3",
    "1.21.8-latest": "58.1.14",
    "1.21.8-recommended": "58.1.0",
    "1.21.9-latest": "59.0.5",
    "1.21.10-latest": "60.1.8",
    "1.21.10-recommended": "60.1.0",
    "1.21.11-latest": "61.1.1",
    "1.21.11-recommended": "61.1.0"
  }
}
[26Feb2026 22:11:09.748] [Forge Version Check/INFO] [net.minecraftforge.fml.VersionChecker/]: [forge] Found status: OUTDATED Current: 47.3.7 Target: 47.4.10
[26Feb2026 22:11:14.545] [main/INFO] [com.mojang.authlib.yggdrasil.YggdrasilAuthenticationService/]: Environment: authHost='https://authserver.mojang.com', accountsHost='https://api.mojang.com', sessionHost='https://sessionserver.mojang.com', servicesHost='https://api.minecraftservices.com', name='PROD'
[26Feb2026 22:11:14.906] [main/WARN] [net.minecraftforge.registries.ForgeRegistry/REGISTRIES]: Registry minecraft:block: Object did not get ID it asked for. Name: sophisticatedbackpacks:backpack Expected: 1463 Got: 2112
[26Feb2026 22:11:14.907] [main/WARN] [net.minecraftforge.registries.ForgeRegistry/REGISTRIES]: Registry minecraft:block: Object did not get ID it asked for. Name: sophisticatedbackpacks:copper_backpack Expected: 1464 Got: 2113
[26Feb2026 22:11:14.908] [main/WARN] [net.minecraftforge.registries.ForgeRegistry/REGISTRIES]: Registry minecraft:block: Object did not get ID it asked for. Name: sophisticatedbackpacks:iron_backpack Expected: 1465 Got: 2114
[26Feb2026 22:11:14.909] [main/WARN] [net.minecraftforge.registries.ForgeRegistry/REGISTRIES]: Registry minecraft:block: Object did not get ID it asked for. Name: sophisticatedbackpacks:gold_backpack Expected: 1466 Got: 2115
[26Feb2026 22:11:14.910] [main/WARN] [net.minecraftforge.registries.ForgeRegistry/REGISTRIES]: Registry minecraft:block: Object did not get ID it asked for. Name: sophisticatedbackpacks:diamond_backpack Expected: 1467 Got: 2116
[26Feb2026 22:11:14.910] [main/WARN] [net.minecraftforge.registries.ForgeRegistry/REGISTRIES]: Registry minecraft:block: Object did not get ID it asked for. Name: sophisticatedbackpacks:netherite_backpack Expected: 1468 Got: 2117
[26Feb2026 22:11:14.910] [main/WARN] [net.minecraftforge.registries.ForgeRegistry/REGISTRIES]: Registry minecraft:fluid: Object did not get ID it asked for. Name: sophisticatedcore:xp_still Expected: 5 Got: 119
[26Feb2026 22:11:14.910] [main/WARN] [net.minecraftforge.registries.ForgeRegistry/REGISTRIES]: Registry minecraft:fluid: Object did not get ID it asked for. Name: sophisticatedcore:xp_flowing Expected: 6 Got: 120
[26Feb2026 22:11:14.914] [main/WARN] [net.minecraftforge.registries.ForgeRegistry/REGISTRIES]: Registry minecraft:item: Object did not get ID it asked for. Name: sophisticatedbackpacks:backpack Expected: 1835 Got: 2579
[26Feb2026 22:11:14.915] [main/WARN] [net.minecraftforge.registries.ForgeRegistry/REGISTRIES]: Registry minecraft:item: Object did not get ID it asked for. Name: sophisticatedbackpacks:copper_backpack Expected: 1836 Got: 2580
[26Feb2026 22:11:14.915] [main/WARN] [net.minecraftforge.registries.ForgeRegistry/REGISTRIES]: Registry minecraft:item: Object did not get ID it asked for. Name: sophisticatedbackpacks:iron_backpack Expected: 1837 Got: 2581
[26Feb2026 22:11:14.916] [main/WARN] [net.minecraftforge.registries.ForgeRegistry/REGISTRIES]: Registry minecraft:item: Object did not get ID it asked for. Name: sophisticatedbackpacks:gold_backpack Expected: 1838 Got: 2582
[26Feb2026 22:11:14.916] [main/WARN] [net.minecraftforge.registries.ForgeRegistry/REGISTRIES]: Registry minecraft:item: Object did not get ID it asked for. Name: sophisticatedbackpacks:diamond_backpack Expected: 1839 Got: 2583
[26Feb2026 22:11:14.917] [main/WARN] [net.minecraftforge.registries.ForgeRegistry/REGISTRIES]: Registry minecraft:item: Object did not get ID it asked for. Name: sophisticatedbackpacks:netherite_backpack Expected: 1840 Got: 2584
[26Feb2026 22:11:14.918] [main/WARN] [net.minecraftforge.registries.ForgeRegistry/REGISTRIES]: Registry minecraft:item: Object did not get ID it asked for. Name: sophisticatedbackpacks:pickup_upgrade Expected: 1841 Got: 2585
[26Feb2026 22:11:14.919] [main/WARN] [net.minecraftforge.registries.ForgeRegistry/REGISTRIES]: Registry minecraft:item: Object did not get ID it asked for. Name: sophisticatedbackpacks:advanced_pickup_upgrade Expected: 1842 Got: 2586
[26Feb2026 22:11:14.919] [main/WARN] [net.minecraftforge.registries.ForgeRegistry/REGISTRIES]: Registry minecraft:item: Object did not get ID it asked for. Name: sophisticatedbackpacks:filter_upgrade Expected: 1843 Got: 2587
[26Feb2026 22:11:14.919] [main/WARN] [net.minecraftforge.registries.ForgeRegistry/REGISTRIES]: Registry minecraft:item: Object did not get ID it asked for. Name: sophisticatedbackpacks:advanced_filter_upgrade Expected: 1844 Got: 2588
[26Feb2026 22:11:14.919] [main/WARN] [net.minecraftforge.registries.ForgeRegistry/REGISTRIES]: Registry minecraft:item: Object did not get ID it asked for. Name: sophisticatedbackpacks:magnet_upgrade Expected: 1845 Got: 2589
[26Feb2026 22:11:14.920] [main/WARN] [net.minecraftforge.registries.ForgeRegistry/REGISTRIES]: Registry minecraft:item: Object did not get ID it asked for. Name: sophisticatedbackpacks:advanced_magnet_upgrade Expected: 1846 Got: 2590
[26Feb2026 22:11:14.920] [main/WARN] [net.minecraftforge.registries.ForgeRegistry/REGISTRIES]: Registry minecraft:item: Object did not get ID it asked for. Name: sophisticatedbackpacks:feeding_upgrade Expected: 1847 Got: 2591
[26Feb2026 22:11:14.920] [main/WARN] [net.minecraftforge.registries.ForgeRegistry/REGISTRIES]: Registry minecraft:item: Object did not get ID it asked for. Name: sophisticatedbackpacks:advanced_feeding_upgrade Expected: 1848 Got: 2592
[26Feb2026 22:11:14.921] [main/WARN] [net.minecraftforge.registries.ForgeRegistry/REGISTRIES]: Registry minecraft:item: Object did not get ID it asked for. Name: sophisticatedbackpacks:compacting_upgrade Expected: 1849 Got: 2593
[26Feb2026 22:11:14.921] [main/WARN] [net.minecraftforge.registries.ForgeRegistry/REGISTRIES]: Registry minecraft:item: Object did not get ID it asked for. Name: sophisticatedbackpacks:advanced_compacting_upgrade Expected: 1850 Got: 2594
[26Feb2026 22:11:14.922] [main/WARN] [net.minecraftforge.registries.ForgeRegistry/REGISTRIES]: Registry minecraft:item: Object did not get ID it asked for. Name: sophisticatedbackpacks:void_upgrade Expected: 1851 Got: 2595
[26Feb2026 22:11:14.922] [main/WARN] [net.minecraftforge.registries.ForgeRegistry/REGISTRIES]: Registry minecraft:item: Object did not get ID it asked for. Name: sophisticatedbackpacks:advanced_void_upgrade Expected: 1852 Got: 2596
[26Feb2026 22:11:14.923] [main/WARN] [net.minecraftforge.registries.ForgeRegistry/REGISTRIES]: Registry minecraft:item: Object did not get ID it asked for. Name: sophisticatedbackpacks:restock_upgrade Expected: 1853 Got: 2597
[26Feb2026 22:11:14.923] [main/WARN] [net.minecraftforge.registries.ForgeRegistry/REGISTRIES]: Registry minecraft:item: Object did not get ID it asked for. Name: sophisticatedbackpacks:advanced_restock_upgrade Expected: 1854 Got: 2598
[26Feb2026 22:11:14.925] [main/WARN] [net.minecraftforge.registries.ForgeRegistry/REGISTRIES]: Registry minecraft:item: Object did not get ID it asked for. Name: sophisticatedbackpacks:deposit_upgrade Expected: 1855 Got: 2599
[26Feb2026 22:11:14.925] [main/WARN] [net.minecraftforge.registries.ForgeRegistry/REGISTRIES]: Registry minecraft:item: Object did not get ID it asked for. Name: sophisticatedbackpacks:advanced_deposit_upgrade Expected: 1856 Got: 2600
[26Feb2026 22:11:14.925] [main/WARN] [net.minecraftforge.registries.ForgeRegistry/REGISTRIES]: Registry minecraft:item: Object did not get ID it asked for. Name: sophisticatedbackpacks:refill_upgrade Expected: 1857 Got: 2601
[26Feb2026 22:11:14.925] [main/WARN] [net.minecraftforge.registries.ForgeRegistry/REGISTRIES]: Registry minecraft:item: Object did not get ID it asked for. Name: sophisticatedbackpacks:advanced_refill_upgrade Expected: 1858 Got: 2602
[26Feb2026 22:11:14.926] [main/WARN] [net.minecraftforge.registries.ForgeRegistry/REGISTRIES]: Registry minecraft:item: Object did not get ID it asked for. Name: sophisticatedbackpacks:inception_upgrade Expected: 1859 Got: 2603
[26Feb2026 22:11:14.927] [main/WARN] [net.minecraftforge.registries.ForgeRegistry/REGISTRIES]: Registry minecraft:item: Object did not get ID it asked for. Name: sophisticatedbackpacks:everlasting_upgrade Expected: 1860 Got: 2604
[26Feb2026 22:11:14.928] [main/WARN] [net.minecraftforge.registries.ForgeRegistry/REGISTRIES]: Registry minecraft:item: Object did not get ID it asked for. Name: sophisticatedbackpacks:smelting_upgrade Expected: 1861 Got: 2605
[26Feb2026 22:11:14.930] [main/WARN] [net.minecraftforge.registries.ForgeRegistry/REGISTRIES]: Registry minecraft:item: Object did not get ID it asked for. Name: sophisticatedbackpacks:auto_smelting_upgrade Expected: 1862 Got: 2606
[26Feb2026 22:11:14.930] [main/WARN] [net.minecraftforge.registries.ForgeRegistry/REGISTRIES]: Registry minecraft:item: Object did not get ID it asked for. Name: sophisticatedbackpacks:smoking_upgrade Expected: 1863 Got: 2607
[26Feb2026 22:11:14.930] [main/WARN] [net.minecraftforge.registries.ForgeRegistry/REGISTRIES]: Registry minecraft:item: Object did not get ID it asked for. Name: sophisticatedbackpacks:auto_smoking_upgrade Expected: 1864 Got: 2608
[26Feb2026 22:11:14.930] [main/WARN] [net.minecraftforge.registries.ForgeRegistry/REGISTRIES]: Registry minecraft:item: Object did not get ID it asked for. Name: sophisticatedbackpacks:blasting_upgrade Expected: 1865 Got: 2609
[26Feb2026 22:11:14.930] [main/WARN] [net.minecraftforge.registries.ForgeRegistry/REGISTRIES]: Registry minecraft:item: Object did not get ID it asked for. Name: sophisticatedbackpacks:auto_blasting_upgrade Expected: 1866 Got: 2610
[26Feb2026 22:11:14.930] [main/WARN] [net.minecraftforge.registries.ForgeRegistry/REGISTRIES]: Registry minecraft:item: Object did not get ID it asked for. Name: sophisticatedbackpacks:crafting_upgrade Expected: 1867 Got: 2611
[26Feb2026 22:11:14.931] [main/WARN] [net.minecraftforge.registries.ForgeRegistry/REGISTRIES]: Registry minecraft:item: Object did not get ID it asked for. Name: sophisticatedbackpacks:stonecutter_upgrade Expected: 1868 Got: 2612
[26Feb2026 22:11:14.931] [main/WARN] [net.minecraftforge.registries.ForgeRegistry/REGISTRIES]: Registry minecraft:item: Object did not get ID it asked for. Name: sophisticatedbackpacks:stack_upgrade_starter_tier Expected: 1869 Got: 2613
[26Feb2026 22:11:14.931] [main/WARN] [net.minecraftforge.registries.ForgeRegistry/REGISTRIES]: Registry minecraft:item: Object did not get ID it asked for. Name: sophisticatedbackpacks:stack_upgrade_tier_1 Expected: 1870 Got: 2614
[26Feb2026 22:11:14.931] [main/WARN] [net.minecraftforge.registries.ForgeRegistry/REGISTRIES]: Registry minecraft:item: Object did not get ID it asked for. Name: sophisticatedbackpacks:stack_upgrade_tier_2 Expected: 1871 Got: 2615
[26Feb2026 22:11:14.932] [main/WARN] [net.minecraftforge.registries.ForgeRegistry/REGISTRIES]: Registry minecraft:item: Object did not get ID it asked for. Name: sophisticatedbackpacks:stack_upgrade_tier_3 Expected: 1872 Got: 2616
[26Feb2026 22:11:14.932] [main/WARN] [net.minecraftforge.registries.ForgeRegistry/REGISTRIES]: Registry minecraft:item: Object did not get ID it asked for. Name: sophisticatedbackpacks:stack_upgrade_tier_4 Expected: 1873 Got: 2617
[26Feb2026 22:11:14.933] [main/WARN] [net.minecraftforge.registries.ForgeRegistry/REGISTRIES]: Registry minecraft:item: Object did not get ID it asked for. Name: sophisticatedbackpacks:stack_downgrade_tier_1 Expected: 1874 Got: 2618
[26Feb2026 22:11:14.934] [main/WARN] [net.minecraftforge.registries.ForgeRegistry/REGISTRIES]: Registry minecraft:item: Object did not get ID it asked for. Name: sophisticatedbackpacks:stack_downgrade_tier_2 Expected: 1875 Got: 2619
[26Feb2026 22:11:14.934] [main/WARN] [net.minecraftforge.registries.ForgeRegistry/REGISTRIES]: Registry minecraft:item: Object did not get ID it asked for. Name: sophisticatedbackpacks:stack_downgrade_tier_3 Expected: 1876 Got: 2620
[26Feb2026 22:11:14.935] [main/WARN] [net.minecraftforge.registries.ForgeRegistry/REGISTRIES]: Registry minecraft:item: Object did not get ID it asked for. Name: sophisticatedbackpacks:stack_upgrade_omega_tier Expected: 1877 Got: 2621
[26Feb2026 22:11:14.935] [main/WARN] [net.minecraftforge.registries.ForgeRegistry/REGISTRIES]: Registry minecraft:item: Object did not get ID it asked for. Name: sophisticatedbackpacks:jukebox_upgrade Expected: 1878 Got: 2622
[26Feb2026 22:11:14.936] [main/WARN] [net.minecraftforge.registries.ForgeRegistry/REGISTRIES]: Registry minecraft:item: Object did not get ID it asked for. Name: sophisticatedbackpacks:advanced_jukebox_upgrade Expected: 1879 Got: 2623
[26Feb2026 22:11:14.936] [main/WARN] [net.minecraftforge.registries.ForgeRegistry/REGISTRIES]: Registry minecraft:item: Object did not get ID it asked for. Name: sophisticatedbackpacks:tool_swapper_upgrade Expected: 1880 Got: 2624
[26Feb2026 22:11:14.937] [main/WARN] [net.minecraftforge.registries.ForgeRegistry/REGISTRIES]: Registry minecraft:item: Object did not get ID it asked for. Name: sophisticatedbackpacks:advanced_tool_swapper_upgrade Expected: 1881 Got: 2625
[26Feb2026 22:11:14.939] [main/WARN] [net.minecraftforge.registries.ForgeRegistry/REGISTRIES]: Registry minecraft:item: Object did not get ID it asked for. Name: sophisticatedbackpacks:tank_upgrade Expected: 1882 Got: 2626
[26Feb2026 22:11:14.939] [main/WARN] [net.minecraftforge.registries.ForgeRegistry/REGISTRIES]: Registry minecraft:item: Object did not get ID it asked for. Name: sophisticatedbackpacks:battery_upgrade Expected: 1883 Got: 2627
[26Feb2026 22:11:14.939] [main/WARN] [net.minecraftforge.registries.ForgeRegistry/REGISTRIES]: Registry minecraft:item: Object did not get ID it asked for. Name: sophisticatedbackpacks:pump_upgrade Expected: 1884 Got: 2628
[26Feb2026 22:11:14.939] [main/WARN] [net.minecraftforge.registries.ForgeRegistry/REGISTRIES]: Registry minecraft:item: Object did not get ID it asked for. Name: sophisticatedbackpacks:advanced_pump_upgrade Expected: 1885 Got: 2629
[26Feb2026 22:11:14.940] [main/WARN] [net.minecraftforge.registries.ForgeRegistry/REGISTRIES]: Registry minecraft:item: Object did not get ID it asked for. Name: sophisticatedbackpacks:xp_pump_upgrade Expected: 1886 Got: 2630
[26Feb2026 22:11:14.940] [main/WARN] [net.minecraftforge.registries.ForgeRegistry/REGISTRIES]: Registry minecraft:item: Object did not get ID it asked for. Name: sophisticatedbackpacks:anvil_upgrade Expected: 1887 Got: 2631
[26Feb2026 22:11:14.941] [main/WARN] [net.minecraftforge.registries.ForgeRegistry/REGISTRIES]: Registry minecraft:item: Object did not get ID it asked for. Name: sophisticatedbackpacks:smithing_upgrade Expected: 1888 Got: 2632
[26Feb2026 22:11:14.941] [main/WARN] [net.minecraftforge.registries.ForgeRegistry/REGISTRIES]: Registry minecraft:item: Object did not get ID it asked for. Name: sophisticatedbackpacks:infinity_upgrade Expected: 1889 Got: 2633
[26Feb2026 22:11:14.942] [main/WARN] [net.minecraftforge.registries.ForgeRegistry/REGISTRIES]: Registry minecraft:item: Object did not get ID it asked for. Name: sophisticatedbackpacks:survival_infinity_upgrade Expected: 1890 Got: 2634
[26Feb2026 22:11:14.944] [main/WARN] [net.minecraftforge.registries.ForgeRegistry/REGISTRIES]: Registry minecraft:item: Object did not get ID it asked for. Name: sophisticatedbackpacks:alchemy_upgrade Expected: 1891 Got: 2635
[26Feb2026 22:11:14.944] [main/WARN] [net.minecraftforge.registries.ForgeRegistry/REGISTRIES]: Registry minecraft:item: Object did not get ID it asked for. Name: sophisticatedbackpacks:advanced_alchemy_upgrade Expected: 1892 Got: 2636
[26Feb2026 22:11:14.944] [main/WARN] [net.minecraftforge.registries.ForgeRegistry/REGISTRIES]: Registry minecraft:item: Object did not get ID it asked for. Name: sophisticatedbackpacks:upgrade_base Expected: 1893 Got: 2637
[26Feb2026 22:11:14.947] [main/WARN] [net.minecraftforge.registries.ForgeRegistry/REGISTRIES]: Registry minecraft:entity_type: Object did not get ID it asked for. Name: sophisticatedbackpacks:everlasting_backpack_item Expected: 127 Got: 128
[26Feb2026 22:11:18.172] [main/WARN] [net.minecraft.server.packs.VanillaPackResourcesBuilder/]: Assets URL 'union:/workspaces/MI-serverXDD/servidor_minecraft/libraries/net/minecraft/server/1.20.1-20230612.114412/server-1.20.1-20230612.114412-srg.jar%23137!/assets/.mcassetsroot' uses unexpected schema
[26Feb2026 22:11:18.173] [main/WARN] [net.minecraft.server.packs.VanillaPackResourcesBuilder/]: Assets URL 'union:/workspaces/MI-serverXDD/servidor_minecraft/libraries/net/minecraft/server/1.20.1-20230612.114412/server-1.20.1-20230612.114412-srg.jar%23137!/data/.mcassetsroot' uses unexpected schema
[26Feb2026 22:11:18.263] [main/DEBUG] [net.minecraftforge.server.ServerLifecycleHooks/CORE]: Generating PackInfo named mod:farmersdelight for mod file /workspaces/MI-serverXDD/servidor_minecraft/mods/FarmersDelight-1.20.1-1.2.10.jar
[26Feb2026 22:11:18.263] [main/DEBUG] [net.minecraftforge.server.ServerLifecycleHooks/CORE]: Generating PackInfo named mod:handcrafted for mod file /workspaces/MI-serverXDD/servidor_minecraft/mods/handcrafted-forge-1.20.1-3.0.6.jar
[26Feb2026 22:11:18.264] [main/DEBUG] [net.minecraftforge.server.ServerLifecycleHooks/CORE]: Generating PackInfo named mod:kuma_api for mod file 
[26Feb2026 22:11:18.265] [main/DEBUG] [net.minecraftforge.server.ServerLifecycleHooks/CORE]: Generating PackInfo named mod:culturaldelights for mod file /workspaces/MI-serverXDD/servidor_minecraft/mods/culturaldelights-0.16.5.jar
[26Feb2026 22:11:18.266] [main/DEBUG] [net.minecraftforge.server.ServerLifecycleHooks/CORE]: Generating PackInfo named mod:l2harvester for mod file 
[26Feb2026 22:11:18.267] [main/DEBUG] [net.minecraftforge.server.ServerLifecycleHooks/CORE]: Generating PackInfo named mod:jei for mod file /workspaces/MI-serverXDD/servidor_minecraft/mods/jei-1.20.1-forge-15.20.0.129.jar
[26Feb2026 22:11:18.268] [main/DEBUG] [net.minecraftforge.server.ServerLifecycleHooks/CORE]: Generating PackInfo named mod:sophisticatedcore for mod file /workspaces/MI-serverXDD/servidor_minecraft/mods/sophisticatedcore-1.20.1-1.3.5.1505.jar
[26Feb2026 22:11:18.268] [main/DEBUG] [net.minecraftforge.server.ServerLifecycleHooks/CORE]: Generating PackInfo named mod:l2harvester60x for mod file 
[26Feb2026 22:11:18.269] [main/DEBUG] [net.minecraftforge.server.ServerLifecycleHooks/CORE]: Generating PackInfo named mod:journeymap for mod file /workspaces/MI-serverXDD/servidor_minecraft/mods/journeymap-1.20.1-5.10.3-forge.jar
[26Feb2026 22:11:18.270] [main/DEBUG] [net.minecraftforge.server.ServerLifecycleHooks/CORE]: Generating PackInfo named mod:cookingforblockheads for mod file /workspaces/MI-serverXDD/servidor_minecraft/mods/cookingforblockheads-forge-1.20.1-16.0.15.jar
[26Feb2026 22:11:18.270] [main/DEBUG] [net.minecraftforge.server.ServerLifecycleHooks/CORE]: Generating PackInfo named mod:mixinextras for mod file 
[26Feb2026 22:11:18.270] [main/DEBUG] [net.minecraftforge.server.ServerLifecycleHooks/CORE]: Generating PackInfo named mod:ftbultimine for mod file /workspaces/MI-serverXDD/servidor_minecraft/mods/ftb-ultimine-forge-2001.1.7.jar
[26Feb2026 22:11:18.271] [main/DEBUG] [net.minecraftforge.server.ServerLifecycleHooks/CORE]: Generating PackInfo named mod:sophisticatedbackpacks for mod file /workspaces/MI-serverXDD/servidor_minecraft/mods/sophisticatedbackpacks-1.20.1-3.24.24.1538.jar
[26Feb2026 22:11:18.271] [main/DEBUG] [net.minecraftforge.server.ServerLifecycleHooks/CORE]: Generating PackInfo named mod:resourcefullib for mod file /workspaces/MI-serverXDD/servidor_minecraft/mods/resourcefullib-forge-1.20.1-2.1.29.jar
[26Feb2026 22:11:18.279] [main/DEBUG] [net.minecraftforge.server.ServerLifecycleHooks/CORE]: Generating PackInfo named mod:architectury for mod file /workspaces/MI-serverXDD/servidor_minecraft/mods/architectury-9.2.14-forge.jar
[26Feb2026 22:11:18.283] [main/DEBUG] [net.minecraftforge.server.ServerLifecycleHooks/CORE]: Generating PackInfo named mod:ftblibrary for mod file /workspaces/MI-serverXDD/servidor_minecraft/mods/ftb-library-forge-2001.2.12.jar
[26Feb2026 22:11:18.285] [main/DEBUG] [net.minecraftforge.server.ServerLifecycleHooks/CORE]: Generating PackInfo named mod:balm for mod file /workspaces/MI-serverXDD/servidor_minecraft/mods/balm-forge-1.20.1-7.3.38-all.jar
[26Feb2026 22:11:18.287] [main/DEBUG] [net.minecraftforge.server.ServerLifecycleHooks/CORE]: Generating PackInfo named mod:refurbished_furniture for mod file /workspaces/MI-serverXDD/servidor_minecraft/mods/refurbished_furniture-forge-1.20.1-1.0.20.jar
[26Feb2026 22:11:18.289] [main/DEBUG] [net.minecraftforge.server.ServerLifecycleHooks/CORE]: Generating PackInfo named mod:framework for mod file /workspaces/MI-serverXDD/servidor_minecraft/mods/framework-forge-1.20.1-0.8.0.jar
[26Feb2026 22:11:18.290] [main/DEBUG] [net.minecraftforge.server.ServerLifecycleHooks/CORE]: Generating PackInfo named mod:fallingtree for mod file /workspaces/MI-serverXDD/servidor_minecraft/mods/FallingTree-1.20.1-4.3.4.jar
[26Feb2026 22:11:18.290] [main/DEBUG] [net.minecraftforge.server.ServerLifecycleHooks/CORE]: Generating PackInfo named mod:l2library for mod file 
[26Feb2026 22:11:18.290] [main/DEBUG] [net.minecraftforge.server.ServerLifecycleHooks/CORE]: Generating PackInfo named mod:forge for mod file /workspaces/MI-serverXDD/servidor_minecraft/libraries/net/minecraftforge/forge/1.20.1-47.3.7/forge-1.20.1-47.3.7-universal.jar
[26Feb2026 22:11:18.291] [main/DEBUG] [net.minecraftforge.server.ServerLifecycleHooks/CORE]: Generating PackInfo named mod:appleskin for mod file /workspaces/MI-serverXDD/servidor_minecraft/mods/appleskin-forge-mc1.20.1-2.5.1.jar
[26Feb2026 22:11:18.291] [main/DEBUG] [net.minecraftforge.server.ServerLifecycleHooks/CORE]: Generating PackInfo named mod:l2harvester05x for mod file 
[26Feb2026 22:11:18.295] [main/DEBUG] [net.minecraftforge.server.ServerLifecycleHooks/CORE]: Generating PackInfo named mod:fruitsdelight for mod file /workspaces/MI-serverXDD/servidor_minecraft/mods/fruitsdelight-1.1.1.jar
[26Feb2026 22:11:19.871] [main/DEBUG] [mixin/]: Mixing MixinLootDataManager from architectury.mixins.json into net.minecraft.world.level.storage.loot.LootDataManager
[26Feb2026 22:11:20.229] [main/DEBUG] [net.minecraftforge.coremod.transformer.CoreModBaseTransformer/COREMOD]: Transforming net/minecraft/server/commands/SummonCommand
[26Feb2026 22:11:21.812] [Worker-Main-1/DEBUG] [net.minecraftforge.coremod.transformer.CoreModBaseTransformer/COREMOD]: Transforming net/minecraft/world/entity/raid/Raid
[26Feb2026 22:11:22.245] [Worker-Main-1/ERROR] [net.minecraftforge.common.ForgeHooks/]: Couldn't parse element loot_tables:culturaldelights:blocks/exotic_roll_medley_block
com.google.gson.JsonSyntaxException: Expected name to be an item, was unknown string 'culturaldelights:exotic_roll_medley_block'
	at net.minecraft.util.GsonHelper.m_13866_(GsonHelper.java:145) ~[server-1.20.1-20230612.114412-srg.jar%23137!/:?]
	at java.util.Optional.orElseThrow(Optional.java:403) ~[?:?]
	at net.minecraft.util.GsonHelper.m_13874_(GsonHelper.java:145) ~[server-1.20.1-20230612.114412-srg.jar%23137!/:?]
	at net.minecraft.util.GsonHelper.m_13909_(GsonHelper.java:153) ~[server-1.20.1-20230612.114412-srg.jar%23137!/:?]
	at net.minecraft.world.level.storage.loot.entries.LootItem$Serializer.m_7267_(LootItem.java:55) ~[server-1.20.1-20230612.114412-srg.jar%23137!/:?]
	at net.minecraft.world.level.storage.loot.entries.LootItem$Serializer.m_7267_(LootItem.java:40) ~[server-1.20.1-20230612.114412-srg.jar%23137!/:?]
	at net.minecraft.world.level.storage.loot.entries.LootPoolSingletonContainer$Serializer.m_5921_(LootPoolSingletonContainer.java:151) ~[server-1.20.1-20230612.114412-srg.jar%23137!/:?]
	at net.minecraft.world.level.storage.loot.entries.LootPoolSingletonContainer$Serializer.m_5921_(LootPoolSingletonContainer.java:129) ~[server-1.20.1-20230612.114412-srg.jar%23137!/:?]
	at net.minecraft.world.level.storage.loot.entries.LootPoolEntryContainer$Serializer.m_7561_(LootPoolEntryContainer.java:86) ~[server-1.20.1-20230612.114412-srg.jar%23137!/:?]
	at net.minecraft.world.level.storage.loot.entries.LootPoolEntryContainer$Serializer.m_7561_(LootPoolEntryContainer.java:74) ~[server-1.20.1-20230612.114412-srg.jar%23137!/:?]
	at net.minecraft.world.level.storage.loot.GsonAdapterFactory$JsonAdapter.deserialize(GsonAdapterFactory.java:102) ~[server-1.20.1-20230612.114412-srg.jar%23137!/:?]
	at com.google.gson.internal.bind.TreeTypeAdapter.read(TreeTypeAdapter.java:76) ~[gson-2.10.jar%2372!/:?]
	at com.google.gson.internal.bind.TypeAdapterRuntimeTypeWrapper.read(TypeAdapterRuntimeTypeWrapper.java:40) ~[gson-2.10.jar%2372!/:?]
	at com.google.gson.internal.bind.ArrayTypeAdapter.read(ArrayTypeAdapter.java:72) ~[gson-2.10.jar%2372!/:?]
	at com.google.gson.Gson.fromJson(Gson.java:1214) ~[gson-2.10.jar%2372!/:?]
	at com.google.gson.Gson.fromJson(Gson.java:1319) ~[gson-2.10.jar%2372!/:?]
	at com.google.gson.Gson.fromJson(Gson.java:1290) ~[gson-2.10.jar%2372!/:?]
	at com.google.gson.internal.bind.TreeTypeAdapter$GsonContextImpl.deserialize(TreeTypeAdapter.java:179) ~[gson-2.10.jar%2372!/:?]
	at net.minecraft.util.GsonHelper.m_13808_(GsonHelper.java:463) ~[server-1.20.1-20230612.114412-srg.jar%23137!/:?]
	at net.minecraft.util.GsonHelper.m_13836_(GsonHelper.java:471) ~[server-1.20.1-20230612.114412-srg.jar%23137!/:?]
	at net.minecraft.world.level.storage.loot.LootPool$Serializer.deserialize(LootPool.java:192) ~[server-1.20.1-20230612.114412-srg.jar%23137!/:?]
	at net.minecraft.world.level.storage.loot.LootPool$Serializer.deserialize(LootPool.java:189) ~[server-1.20.1-20230612.114412-srg.jar%23137!/:?]
	at com.google.gson.internal.bind.TreeTypeAdapter.read(TreeTypeAdapter.java:76) ~[gson-2.10.jar%2372!/:?]
	at com.google.gson.internal.bind.TypeAdapterRuntimeTypeWrapper.read(TypeAdapterRuntimeTypeWrapper.java:40) ~[gson-2.10.jar%2372!/:?]
	at com.google.gson.internal.bind.ArrayTypeAdapter.read(ArrayTypeAdapter.java:72) ~[gson-2.10.jar%2372!/:?]
	at com.google.gson.Gson.fromJson(Gson.java:1214) ~[gson-2.10.jar%2372!/:?]
	at com.google.gson.Gson.fromJson(Gson.java:1319) ~[gson-2.10.jar%2372!/:?]
	at com.google.gson.Gson.fromJson(Gson.java:1290) ~[gson-2.10.jar%2372!/:?]
	at com.google.gson.internal.bind.TreeTypeAdapter$GsonContextImpl.deserialize(TreeTypeAdapter.java:179) ~[gson-2.10.jar%2372!/:?]
	at net.minecraft.util.GsonHelper.m_13808_(GsonHelper.java:463) ~[server-1.20.1-20230612.114412-srg.jar%23137!/:?]
	at net.minecraft.util.GsonHelper.m_13845_(GsonHelper.java:481) ~[server-1.20.1-20230612.114412-srg.jar%23137!/:?]
	at net.minecraft.world.level.storage.loot.LootTable$Serializer.deserialize(LootTable.java:294) ~[server-1.20.1-20230612.114412-srg.jar%23137!/:?]
	at net.minecraft.world.level.storage.loot.LootTable$Serializer.deserialize(LootTable.java:291) ~[server-1.20.1-20230612.114412-srg.jar%23137!/:?]
	at com.google.gson.internal.bind.TreeTypeAdapter.read(TreeTypeAdapter.java:76) ~[gson-2.10.jar%2372!/:?]
	at com.google.gson.Gson.fromJson(Gson.java:1214) ~[gson-2.10.jar%2372!/:?]
	at com.google.gson.Gson.fromJson(Gson.java:1319) ~[gson-2.10.jar%2372!/:?]
	at com.google.gson.Gson.fromJson(Gson.java:1261) ~[gson-2.10.jar%2372!/:?]
	at net.minecraftforge.common.ForgeHooks.loadLootTable(ForgeHooks.java:871) ~[forge-1.20.1-47.3.7-universal.jar%23142!/:?]
	at net.minecraftforge.common.ForgeHooks.lambda$getLootTableDeserializer$3(ForgeHooks.java:848) ~[forge-1.20.1-47.3.7-universal.jar%23142!/:?]
	at net.minecraft.world.level.storage.loot.LootDataType.deserialize(LootDataType.java:45) ~[server-1.20.1-20230612.114412-srg.jar%23137!/:?]
	at net.minecraft.world.level.storage.loot.LootDataManager.lambda$scheduleElementParse$4(LootDataManager.java:56) ~[server-1.20.1-20230612.114412-srg.jar%23137!/:?]
	at java.util.HashMap.forEach(HashMap.java:1421) ~[?:?]
	at net.minecraft.world.level.storage.loot.LootDataManager.m_278660_(LootDataManager.java:55) ~[server-1.20.1-20230612.114412-srg.jar%23137!/:?]
	at java.util.concurrent.CompletableFuture$AsyncRun.run(CompletableFuture.java:1804) ~[?:?]
	at java.util.concurrent.CompletableFuture$AsyncRun.exec(CompletableFuture.java:1796) ~[?:?]
	at java.util.concurrent.ForkJoinTask.doExec(ForkJoinTask.java:373) ~[?:?]
	at java.util.concurrent.ForkJoinPool$WorkQueue.topLevelExec(ForkJoinPool.java:1182) ~[?:?]
	at java.util.concurrent.ForkJoinPool.scan(ForkJoinPool.java:1655) ~[?:?]
	at java.util.concurrent.ForkJoinPool.runWorker(ForkJoinPool.java:1622) ~[?:?]
	at java.util.concurrent.ForkJoinWorkerThread.run(ForkJoinWorkerThread.java:165) ~[?:?]
[26Feb2026 22:11:22.323] [Worker-Main-1/ERROR] [net.minecraftforge.common.ForgeHooks/]: Couldn't parse element loot_tables:culturaldelights:blocks/avocado_leaves
com.google.gson.JsonSyntaxException: Unknown type 'minecraft:alternative'
	at net.minecraft.world.level.storage.loot.GsonAdapterFactory$JsonAdapter.deserialize(GsonAdapterFactory.java:99) ~[server-1.20.1-20230612.114412-srg.jar%23137!/:?]
	at com.google.gson.internal.bind.TreeTypeAdapter.read(TreeTypeAdapter.java:76) ~[gson-2.10.jar%2372!/:?]
	at com.google.gson.internal.bind.TypeAdapterRuntimeTypeWrapper.read(TypeAdapterRuntimeTypeWrapper.java:40) ~[gson-2.10.jar%2372!/:?]
	at com.google.gson.internal.bind.ArrayTypeAdapter.read(ArrayTypeAdapter.java:72) ~[gson-2.10.jar%2372!/:?]
	at com.google.gson.Gson.fromJson(Gson.java:1214) ~[gson-2.10.jar%2372!/:?]
	at com.google.gson.Gson.fromJson(Gson.java:1319) ~[gson-2.10.jar%2372!/:?]
	at com.google.gson.Gson.fromJson(Gson.java:1290) ~[gson-2.10.jar%2372!/:?]
	at com.google.gson.internal.bind.TreeTypeAdapter$GsonContextImpl.deserialize(TreeTypeAdapter.java:179) ~[gson-2.10.jar%2372!/:?]
	at net.minecraft.util.GsonHelper.m_13808_(GsonHelper.java:463) ~[server-1.20.1-20230612.114412-srg.jar%23137!/:?]
	at net.minecraft.util.GsonHelper.m_13845_(GsonHelper.java:481) ~[server-1.20.1-20230612.114412-srg.jar%23137!/:?]
	at net.minecraft.world.level.storage.loot.entries.LootPoolEntryContainer$Serializer.m_7561_(LootPoolEntryContainer.java:85) ~[server-1.20.1-20230612.114412-srg.jar%23137!/:?]
	at net.minecraft.world.level.storage.loot.entries.LootPoolEntryContainer$Serializer.m_7561_(LootPoolEntryContainer.java:74) ~[server-1.20.1-20230612.114412-srg.jar%23137!/:?]
	at net.minecraft.world.level.storage.loot.GsonAdapterFactory$JsonAdapter.deserialize(GsonAdapterFactory.java:102) ~[server-1.20.1-20230612.114412-srg.jar%23137!/:?]
	at com.google.gson.internal.bind.TreeTypeAdapter.read(TreeTypeAdapter.java:76) ~[gson-2.10.jar%2372!/:?]
	at com.google.gson.internal.bind.TypeAdapterRuntimeTypeWrapper.read(TypeAdapterRuntimeTypeWrapper.java:40) ~[gson-2.10.jar%2372!/:?]
	at com.google.gson.internal.bind.ArrayTypeAdapter.read(ArrayTypeAdapter.java:72) ~[gson-2.10.jar%2372!/:?]
	at com.google.gson.Gson.fromJson(Gson.java:1214) ~[gson-2.10.jar%2372!/:?]
	at com.google.gson.Gson.fromJson(Gson.java:1319) ~[gson-2.10.jar%2372!/:?]
	at com.google.gson.Gson.fromJson(Gson.java:1290) ~[gson-2.10.jar%2372!/:?]
	at com.google.gson.internal.bind.TreeTypeAdapter$GsonContextImpl.deserialize(TreeTypeAdapter.java:179) ~[gson-2.10.jar%2372!/:?]
	at net.minecraft.util.GsonHelper.m_13808_(GsonHelper.java:463) ~[server-1.20.1-20230612.114412-srg.jar%23137!/:?]
	at net.minecraft.util.GsonHelper.m_13836_(GsonHelper.java:471) ~[server-1.20.1-20230612.114412-srg.jar%23137!/:?]
	at net.minecraft.world.level.storage.loot.entries.CompositeEntryBase$1.m_5921_(CompositeEntryBase.java:61) ~[server-1.20.1-20230612.114412-srg.jar%23137!/:?]
	at net.minecraft.world.level.storage.loot.entries.CompositeEntryBase$1.m_5921_(CompositeEntryBase.java:53) ~[server-1.20.1-20230612.114412-srg.jar%23137!/:?]
	at net.minecraft.world.level.storage.loot.entries.LootPoolEntryContainer$Serializer.m_7561_(LootPoolEntryContainer.java:86) ~[server-1.20.1-20230612.114412-srg.jar%23137!/:?]
	at net.minecraft.world.level.storage.loot.entries.LootPoolEntryContainer$Serializer.m_7561_(LootPoolEntryContainer.java:74) ~[server-1.20.1-20230612.114412-srg.jar%23137!/:?]
	at net.minecraft.world.level.storage.loot.GsonAdapterFactory$JsonAdapter.deserialize(GsonAdapterFactory.java:102) ~[server-1.20.1-20230612.114412-srg.jar%23137!/:?]
	at com.google.gson.internal.bind.TreeTypeAdapter.read(TreeTypeAdapter.java:76) ~[gson-2.10.jar%2372!/:?]
	at com.google.gson.internal.bind.TypeAdapterRuntimeTypeWrapper.read(TypeAdapterRuntimeTypeWrapper.java:40) ~[gson-2.10.jar%2372!/:?]
	at com.google.gson.internal.bind.ArrayTypeAdapter.read(ArrayTypeAdapter.java:72) ~[gson-2.10.jar%2372!/:?]
	at com.google.gson.Gson.fromJson(Gson.java:1214) ~[gson-2.10.jar%2372!/:?]
	at com.google.gson.Gson.fromJson(Gson.java:1319) ~[gson-2.10.jar%2372!/:?]
	at com.google.gson.Gson.fromJson(Gson.java:1290) ~[gson-2.10.jar%2372!/:?]
	at com.google.gson.internal.bind.TreeTypeAdapter$GsonContextImpl.deserialize(TreeTypeAdapter.java:179) ~[gson-2.10.jar%2372!/:?]
	at net.minecraft.util.GsonHelper.m_13808_(GsonHelper.java:463) ~[server-1.20.1-20230612.114412-srg.jar%23137!/:?]
	at net.minecraft.util.GsonHelper.m_13836_(GsonHelper.java:471) ~[server-1.20.1-20230612.114412-srg.jar%23137!/:?]
	at net.minecraft.world.level.storage.loot.LootPool$Serializer.deserialize(LootPool.java:192) ~[server-1.20.1-20230612.114412-srg.jar%23137!/:?]
	at net.minecraft.world.level.storage.loot.LootPool$Serializer.deserialize(LootPool.java:189) ~[server-1.20.1-20230612.114412-srg.jar%23137!/:?]
	at com.google.gson.internal.bind.TreeTypeAdapter.read(TreeTypeAdapter.java:76) ~[gson-2.10.jar%2372!/:?]
	at com.google.gson.internal.bind.TypeAdapterRuntimeTypeWrapper.read(TypeAdapterRuntimeTypeWrapper.java:40) ~[gson-2.10.jar%2372!/:?]
	at com.google.gson.internal.bind.ArrayTypeAdapter.read(ArrayTypeAdapter.java:72) ~[gson-2.10.jar%2372!/:?]
	at com.google.gson.Gson.fromJson(Gson.java:1214) ~[gson-2.10.jar%2372!/:?]
	at com.google.gson.Gson.fromJson(Gson.java:1319) ~[gson-2.10.jar%2372!/:?]
	at com.google.gson.Gson.fromJson(Gson.java:1290) ~[gson-2.10.jar%2372!/:?]
	at com.google.gson.internal.bind.TreeTypeAdapter$GsonContextImpl.deserialize(TreeTypeAdapter.java:179) ~[gson-2.10.jar%2372!/:?]
	at net.minecraft.util.GsonHelper.m_13808_(GsonHelper.java:463) ~[server-1.20.1-20230612.114412-srg.jar%23137!/:?]
	at net.minecraft.util.GsonHelper.m_13845_(GsonHelper.java:481) ~[server-1.20.1-20230612.114412-srg.jar%23137!/:?]
	at net.minecraft.world.level.storage.loot.LootTable$Serializer.deserialize(LootTable.java:294) ~[server-1.20.1-20230612.114412-srg.jar%23137!/:?]
	at net.minecraft.world.level.storage.loot.LootTable$Serializer.deserialize(LootTable.java:291) ~[server-1.20.1-20230612.114412-srg.jar%23137!/:?]
	at com.google.gson.internal.bind.TreeTypeAdapter.read(TreeTypeAdapter.java:76) ~[gson-2.10.jar%2372!/:?]
	at com.google.gson.Gson.fromJson(Gson.java:1214) ~[gson-2.10.jar%2372!/:?]
	at com.google.gson.Gson.fromJson(Gson.java:1319) ~[gson-2.10.jar%2372!/:?]
	at com.google.gson.Gson.fromJson(Gson.java:1261) ~[gson-2.10.jar%2372!/:?]
	at net.minecraftforge.common.ForgeHooks.loadLootTable(ForgeHooks.java:871) ~[forge-1.20.1-47.3.7-universal.jar%23142!/:?]
	at net.minecraftforge.common.ForgeHooks.lambda$getLootTableDeserializer$3(ForgeHooks.java:848) ~[forge-1.20.1-47.3.7-universal.jar%23142!/:?]
	at net.minecraft.world.level.storage.loot.LootDataType.deserialize(LootDataType.java:45) ~[server-1.20.1-20230612.114412-srg.jar%23137!/:?]
	at net.minecraft.world.level.storage.loot.LootDataManager.lambda$scheduleElementParse$4(LootDataManager.java:56) ~[server-1.20.1-20230612.114412-srg.jar%23137!/:?]
	at java.util.HashMap.forEach(HashMap.java:1421) ~[?:?]
	at net.minecraft.world.level.storage.loot.LootDataManager.m_278660_(LootDataManager.java:55) ~[server-1.20.1-20230612.114412-srg.jar%23137!/:?]
	at java.util.concurrent.CompletableFuture$AsyncRun.run(CompletableFuture.java:1804) ~[?:?]
	at java.util.concurrent.CompletableFuture$AsyncRun.exec(CompletableFuture.java:1796) ~[?:?]
	at java.util.concurrent.ForkJoinTask.doExec(ForkJoinTask.java:373) ~[?:?]
	at java.util.concurrent.ForkJoinPool$WorkQueue.topLevelExec(ForkJoinPool.java:1182) ~[?:?]
	at java.util.concurrent.ForkJoinPool.scan(ForkJoinPool.java:1655) ~[?:?]
	at java.util.concurrent.ForkJoinPool.runWorker(ForkJoinPool.java:1622) ~[?:?]
	at java.util.concurrent.ForkJoinWorkerThread.run(ForkJoinWorkerThread.java:165) ~[?:?]
[26Feb2026 22:11:22.741] [Worker-Main-1/ERROR] [net.minecraftforge.common.ForgeHooks/]: Couldn't parse element loot_tables:culturaldelights:blocks/avocado_leaf_carpet
com.google.gson.JsonSyntaxException: Expected name to be an item, was unknown string 'culturaldelights:avocado_leaf_carpet'
	at net.minecraft.util.GsonHelper.m_13866_(GsonHelper.java:145) ~[server-1.20.1-20230612.114412-srg.jar%23137!/:?]
	at java.util.Optional.orElseThrow(Optional.java:403) ~[?:?]
	at net.minecraft.util.GsonHelper.m_13874_(GsonHelper.java:145) ~[server-1.20.1-20230612.114412-srg.jar%23137!/:?]
	at net.minecraft.util.GsonHelper.m_13909_(GsonHelper.java:153) ~[server-1.20.1-20230612.114412-srg.jar%23137!/:?]
	at net.minecraft.world.level.storage.loot.entries.LootItem$Serializer.m_7267_(LootItem.java:55) ~[server-1.20.1-20230612.114412-srg.jar%23137!/:?]
	at net.minecraft.world.level.storage.loot.entries.LootItem$Serializer.m_7267_(LootItem.java:40) ~[server-1.20.1-20230612.114412-srg.jar%23137!/:?]
	at net.minecraft.world.level.storage.loot.entries.LootPoolSingletonContainer$Serializer.m_5921_(LootPoolSingletonContainer.java:151) ~[server-1.20.1-20230612.114412-srg.jar%23137!/:?]
	at net.minecraft.world.level.storage.loot.entries.LootPoolSingletonContainer$Serializer.m_5921_(LootPoolSingletonContainer.java:129) ~[server-1.20.1-20230612.114412-srg.jar%23137!/:?]
	at net.minecraft.world.level.storage.loot.entries.LootPoolEntryContainer$Serializer.m_7561_(LootPoolEntryContainer.java:86) ~[server-1.20.1-20230612.114412-srg.jar%23137!/:?]
	at net.minecraft.world.level.storage.loot.entries.LootPoolEntryContainer$Serializer.m_7561_(LootPoolEntryContainer.java:74) ~[server-1.20.1-20230612.114412-srg.jar%23137!/:?]
	at net.minecraft.world.level.storage.loot.GsonAdapterFactory$JsonAdapter.deserialize(GsonAdapterFactory.java:102) ~[server-1.20.1-20230612.114412-srg.jar%23137!/:?]
	at com.google.gson.internal.bind.TreeTypeAdapter.read(TreeTypeAdapter.java:76) ~[gson-2.10.jar%2372!/:?]
	at com.google.gson.internal.bind.TypeAdapterRuntimeTypeWrapper.read(TypeAdapterRuntimeTypeWrapper.java:40) ~[gson-2.10.jar%2372!/:?]
	at com.google.gson.internal.bind.ArrayTypeAdapter.read(ArrayTypeAdapter.java:72) ~[gson-2.10.jar%2372!/:?]
	at com.google.gson.Gson.fromJson(Gson.java:1214) ~[gson-2.10.jar%2372!/:?]
	at com.google.gson.Gson.fromJson(Gson.java:1319) ~[gson-2.10.jar%2372!/:?]
	at com.google.gson.Gson.fromJson(Gson.java:1290) ~[gson-2.10.jar%2372!/:?]
	at com.google.gson.internal.bind.TreeTypeAdapter$GsonContextImpl.deserialize(TreeTypeAdapter.java:179) ~[gson-2.10.jar%2372!/:?]
	at net.minecraft.util.GsonHelper.m_13808_(GsonHelper.java:463) ~[server-1.20.1-20230612.114412-srg.jar%23137!/:?]
	at net.minecraft.util.GsonHelper.m_13836_(GsonHelper.java:471) ~[server-1.20.1-20230612.114412-srg.jar%23137!/:?]
	at net.minecraft.world.level.storage.loot.LootPool$Serializer.deserialize(LootPool.java:192) ~[server-1.20.1-20230612.114412-srg.jar%23137!/:?]
	at net.minecraft.world.level.storage.loot.LootPool$Serializer.deserialize(LootPool.java:189) ~[server-1.20.1-20230612.114412-srg.jar%23137!/:?]
	at com.google.gson.internal.bind.TreeTypeAdapter.read(TreeTypeAdapter.java:76) ~[gson-2.10.jar%2372!/:?]
	at com.google.gson.internal.bind.TypeAdapterRuntimeTypeWrapper.read(TypeAdapterRuntimeTypeWrapper.java:40) ~[gson-2.10.jar%2372!/:?]
	at com.google.gson.internal.bind.ArrayTypeAdapter.read(ArrayTypeAdapter.java:72) ~[gson-2.10.jar%2372!/:?]
	at com.google.gson.Gson.fromJson(Gson.java:1214) ~[gson-2.10.jar%2372!/:?]
	at com.google.gson.Gson.fromJson(Gson.java:1319) ~[gson-2.10.jar%2372!/:?]
	at com.google.gson.Gson.fromJson(Gson.java:1290) ~[gson-2.10.jar%2372!/:?]
	at com.google.gson.internal.bind.TreeTypeAdapter$GsonContextImpl.deserialize(TreeTypeAdapter.java:179) ~[gson-2.10.jar%2372!/:?]
	at net.minecraft.util.GsonHelper.m_13808_(GsonHelper.java:463) ~[server-1.20.1-20230612.114412-srg.jar%23137!/:?]
	at net.minecraft.util.GsonHelper.m_13845_(GsonHelper.java:481) ~[server-1.20.1-20230612.114412-srg.jar%23137!/:?]
	at net.minecraft.world.level.storage.loot.LootTable$Serializer.deserialize(LootTable.java:294) ~[server-1.20.1-20230612.114412-srg.jar%23137!/:?]
	at net.minecraft.world.level.storage.loot.LootTable$Serializer.deserialize(LootTable.java:291) ~[server-1.20.1-20230612.114412-srg.jar%23137!/:?]
	at com.google.gson.internal.bind.TreeTypeAdapter.read(TreeTypeAdapter.java:76) ~[gson-2.10.jar%2372!/:?]
	at com.google.gson.Gson.fromJson(Gson.java:1214) ~[gson-2.10.jar%2372!/:?]
	at com.google.gson.Gson.fromJson(Gson.java:1319) ~[gson-2.10.jar%2372!/:?]
	at com.google.gson.Gson.fromJson(Gson.java:1261) ~[gson-2.10.jar%2372!/:?]
	at net.minecraftforge.common.ForgeHooks.loadLootTable(ForgeHooks.java:871) ~[forge-1.20.1-47.3.7-universal.jar%23142!/:?]
	at net.minecraftforge.common.ForgeHooks.lambda$getLootTableDeserializer$3(ForgeHooks.java:848) ~[forge-1.20.1-47.3.7-universal.jar%23142!/:?]
	at net.minecraft.world.level.storage.loot.LootDataType.deserialize(LootDataType.java:45) ~[server-1.20.1-20230612.114412-srg.jar%23137!/:?]
	at net.minecraft.world.level.storage.loot.LootDataManager.lambda$scheduleElementParse$4(LootDataManager.java:56) ~[server-1.20.1-20230612.114412-srg.jar%23137!/:?]
	at java.util.HashMap.forEach(HashMap.java:1421) ~[?:?]
	at net.minecraft.world.level.storage.loot.LootDataManager.m_278660_(LootDataManager.java:55) ~[server-1.20.1-20230612.114412-srg.jar%23137!/:?]
	at java.util.concurrent.CompletableFuture$AsyncRun.run(CompletableFuture.java:1804) ~[?:?]
	at java.util.concurrent.CompletableFuture$AsyncRun.exec(CompletableFuture.java:1796) ~[?:?]
	at java.util.concurrent.ForkJoinTask.doExec(ForkJoinTask.java:373) ~[?:?]
	at java.util.concurrent.ForkJoinPool$WorkQueue.topLevelExec(ForkJoinPool.java:1182) ~[?:?]
	at java.util.concurrent.ForkJoinPool.scan(ForkJoinPool.java:1655) ~[?:?]
	at java.util.concurrent.ForkJoinPool.runWorker(ForkJoinPool.java:1622) ~[?:?]
	at java.util.concurrent.ForkJoinWorkerThread.run(ForkJoinWorkerThread.java:165) ~[?:?]
[26Feb2026 22:11:22.857] [Worker-Main-1/ERROR] [net.minecraftforge.common.ForgeHooks/]: Couldn't parse element loot_tables:culturaldelights:blocks/avocado_bundle
com.google.gson.JsonSyntaxException: Expected name to be an item, was unknown string 'culturaldelights:avocado_bundle'
	at net.minecraft.util.GsonHelper.m_13866_(GsonHelper.java:145) ~[server-1.20.1-20230612.114412-srg.jar%23137!/:?]
	at java.util.Optional.orElseThrow(Optional.java:403) ~[?:?]
	at net.minecraft.util.GsonHelper.m_13874_(GsonHelper.java:145) ~[server-1.20.1-20230612.114412-srg.jar%23137!/:?]
	at net.minecraft.util.GsonHelper.m_13909_(GsonHelper.java:153) ~[server-1.20.1-20230612.114412-srg.jar%23137!/:?]
	at net.minecraft.world.level.storage.loot.entries.LootItem$Serializer.m_7267_(LootItem.java:55) ~[server-1.20.1-20230612.114412-srg.jar%23137!/:?]
	at net.minecraft.world.level.storage.loot.entries.LootItem$Serializer.m_7267_(LootItem.java:40) ~[server-1.20.1-20230612.114412-srg.jar%23137!/:?]
	at net.minecraft.world.level.storage.loot.entries.LootPoolSingletonContainer$Serializer.m_5921_(LootPoolSingletonContainer.java:151) ~[server-1.20.1-20230612.114412-srg.jar%23137!/:?]
	at net.minecraft.world.level.storage.loot.entries.LootPoolSingletonContainer$Serializer.m_5921_(LootPoolSingletonContainer.java:129) ~[server-1.20.1-20230612.114412-srg.jar%23137!/:?]
	at net.minecraft.world.level.storage.loot.entries.LootPoolEntryContainer$Serializer.m_7561_(LootPoolEntryContainer.java:86) ~[server-1.20.1-20230612.114412-srg.jar%23137!/:?]
	at net.minecraft.world.level.storage.loot.entries.LootPoolEntryContainer$Serializer.m_7561_(LootPoolEntryContainer.java:74) ~[server-1.20.1-20230612.114412-srg.jar%23137!/:?]
	at net.minecraft.world.level.storage.loot.GsonAdapterFactory$JsonAdapter.deserialize(GsonAdapterFactory.java:102) ~[server-1.20.1-20230612.114412-srg.jar%23137!/:?]
	at com.google.gson.internal.bind.TreeTypeAdapter.read(TreeTypeAdapter.java:76) ~[gson-2.10.jar%2372!/:?]
	at com.google.gson.internal.bind.TypeAdapterRuntimeTypeWrapper.read(TypeAdapterRuntimeTypeWrapper.java:40) ~[gson-2.10.jar%2372!/:?]
	at com.google.gson.internal.bind.ArrayTypeAdapter.read(ArrayTypeAdapter.java:72) ~[gson-2.10.jar%2372!/:?]
	at com.google.gson.Gson.fromJson(Gson.java:1214) ~[gson-2.10.jar%2372!/:?]
	at com.google.gson.Gson.fromJson(Gson.java:1319) ~[gson-2.10.jar%2372!/:?]
	at com.google.gson.Gson.fromJson(Gson.java:1290) ~[gson-2.10.jar%2372!/:?]
	at com.google.gson.internal.bind.TreeTypeAdapter$GsonContextImpl.deserialize(TreeTypeAdapter.java:179) ~[gson-2.10.jar%2372!/:?]
	at net.minecraft.util.GsonHelper.m_13808_(GsonHelper.java:463) ~[server-1.20.1-20230612.114412-srg.jar%23137!/:?]
	at net.minecraft.util.GsonHelper.m_13836_(GsonHelper.java:471) ~[server-1.20.1-20230612.114412-srg.jar%23137!/:?]
	at net.minecraft.world.level.storage.loot.entries.CompositeEntryBase$1.m_5921_(CompositeEntryBase.java:61) ~[server-1.20.1-20230612.114412-srg.jar%23137!/:?]
	at net.minecraft.world.level.storage.loot.entries.CompositeEntryBase$1.m_5921_(CompositeEntryBase.java:53) ~[server-1.20.1-20230612.114412-srg.jar%23137!/:?]
	at net.minecraft.world.level.storage.loot.entries.LootPoolEntryContainer$Serializer.m_7561_(LootPoolEntryContainer.java:86) ~[server-1.20.1-20230612.114412-srg.jar%23137!/:?]
	at net.minecraft.world.level.storage.loot.entries.LootPoolEntryContainer$Serializer.m_7561_(LootPoolEntryContainer.java:74) ~[server-1.20.1-20230612.114412-srg.jar%23137!/:?]
	at net.minecraft.world.level.storage.loot.GsonAdapterFactory$JsonAdapter.deserialize(GsonAdapterFactory.java:102) ~[server-1.20.1-20230612.114412-srg.jar%23137!/:?]
	at com.google.gson.internal.bind.TreeTypeAdapter.read(TreeTypeAdapter.java:76) ~[gson-2.10.jar%2372!/:?]
	at com.google.gson.internal.bind.TypeAdapterRuntimeTypeWrapper.read(TypeAdapterRuntimeTypeWrapper.java:40) ~[gson-2.10.jar%2372!/:?]
	at com.google.gson.internal.bind.ArrayTypeAdapter.read(ArrayTypeAdapter.java:72) ~[gson-2.10.jar%2372!/:?]
	at com.google.gson.Gson.fromJson(Gson.java:1214) ~[gson-2.10.jar%2372!/:?]
	at com.google.gson.Gson.fromJson(Gson.java:1319) ~[gson-2.10.jar%2372!/:?]
	at com.google.gson.Gson.fromJson(Gson.java:1290) ~[gson-2.10.jar%2372!/:?]
	at com.google.gson.internal.bind.TreeTypeAdapter$GsonContextImpl.deserialize(TreeTypeAdapter.java:179) ~[gson-2.10.jar%2372!/:?]
	at net.minecraft.util.GsonHelper.m_13808_(GsonHelper.java:463) ~[server-1.20.1-20230612.114412-srg.jar%23137!/:?]
	at net.minecraft.util.GsonHelper.m_13836_(GsonHelper.java:471) ~[server-1.20.1-20230612.114412-srg.jar%23137!/:?]
	at net.minecraft.world.level.storage.loot.LootPool$Serializer.deserialize(LootPool.java:192) ~[server-1.20.1-20230612.114412-srg.jar%23137!/:?]
	at net.minecraft.world.level.storage.loot.LootPool$Serializer.deserialize(LootPool.java:189) ~[server-1.20.1-20230612.114412-srg.jar%23137!/:?]
	at com.google.gson.internal.bind.TreeTypeAdapter.read(TreeTypeAdapter.java:76) ~[gson-2.10.jar%2372!/:?]
	at com.google.gson.internal.bind.TypeAdapterRuntimeTypeWrapper.read(TypeAdapterRuntimeTypeWrapper.java:40) ~[gson-2.10.jar%2372!/:?]
	at com.google.gson.internal.bind.ArrayTypeAdapter.read(ArrayTypeAdapter.java:72) ~[gson-2.10.jar%2372!/:?]
	at com.google.gson.Gson.fromJson(Gson.java:1214) ~[gson-2.10.jar%2372!/:?]
	at com.google.gson.Gson.fromJson(Gson.java:1319) ~[gson-2.10.jar%2372!/:?]
	at com.google.gson.Gson.fromJson(Gson.java:1290) ~[gson-2.10.jar%2372!/:?]
	at com.google.gson.internal.bind.TreeTypeAdapter$GsonContextImpl.deserialize(TreeTypeAdapter.java:179) ~[gson-2.10.jar%2372!/:?]
	at net.minecraft.util.GsonHelper.m_13808_(GsonHelper.java:463) ~[server-1.20.1-20230612.114412-srg.jar%23137!/:?]
	at net.minecraft.util.GsonHelper.m_13845_(GsonHelper.java:481) ~[server-1.20.1-20230612.114412-srg.jar%23137!/:?]
	at net.minecraft.world.level.storage.loot.LootTable$Serializer.deserialize(LootTable.java:294) ~[server-1.20.1-20230612.114412-srg.jar%23137!/:?]
	at net.minecraft.world.level.storage.loot.LootTable$Serializer.deserialize(LootTable.java:291) ~[server-1.20.1-20230612.114412-srg.jar%23137!/:?]
	at com.google.gson.internal.bind.TreeTypeAdapter.read(TreeTypeAdapter.java:76) ~[gson-2.10.jar%2372!/:?]
	at com.google.gson.Gson.fromJson(Gson.java:1214) ~[gson-2.10.jar%2372!/:?]
	at com.google.gson.Gson.fromJson(Gson.java:1319) ~[gson-2.10.jar%2372!/:?]
	at com.google.gson.Gson.fromJson(Gson.java:1261) ~[gson-2.10.jar%2372!/:?]
	at net.minecraftforge.common.ForgeHooks.loadLootTable(ForgeHooks.java:871) ~[forge-1.20.1-47.3.7-universal.jar%23142!/:?]
	at net.minecraftforge.common.ForgeHooks.lambda$getLootTableDeserializer$3(ForgeHooks.java:848) ~[forge-1.20.1-47.3.7-universal.jar%23142!/:?]
	at net.minecraft.world.level.storage.loot.LootDataType.deserialize(LootDataType.java:45) ~[server-1.20.1-20230612.114412-srg.jar%23137!/:?]
	at net.minecraft.world.level.storage.loot.LootDataManager.lambda$scheduleElementParse$4(LootDataManager.java:56) ~[server-1.20.1-20230612.114412-srg.jar%23137!/:?]
	at java.util.HashMap.forEach(HashMap.java:1421) ~[?:?]
	at net.minecraft.world.level.storage.loot.LootDataManager.m_278660_(LootDataManager.java:55) ~[server-1.20.1-20230612.114412-srg.jar%23137!/:?]
	at java.util.concurrent.CompletableFuture$AsyncRun.run(CompletableFuture.java:1804) ~[?:?]
	at java.util.concurrent.CompletableFuture$AsyncRun.exec(CompletableFuture.java:1796) ~[?:?]
	at java.util.concurrent.ForkJoinTask.doExec(ForkJoinTask.java:373) ~[?:?]
	at java.util.concurrent.ForkJoinPool$WorkQueue.topLevelExec(ForkJoinPool.java:1182) ~[?:?]
	at java.util.concurrent.ForkJoinPool.scan(ForkJoinPool.java:1655) ~[?:?]
	at java.util.concurrent.ForkJoinPool.runWorker(ForkJoinPool.java:1622) ~[?:?]
	at java.util.concurrent.ForkJoinWorkerThread.run(ForkJoinWorkerThread.java:165) ~[?:?]
[26Feb2026 22:11:22.993] [Worker-Main-1/ERROR] [net.minecraftforge.common.ForgeHooks/]: Couldn't parse element loot_tables:culturaldelights:blocks/fruiting_avocado_leaves
com.google.gson.JsonSyntaxException: Unknown type 'minecraft:alternative'
	at net.minecraft.world.level.storage.loot.GsonAdapterFactory$JsonAdapter.deserialize(GsonAdapterFactory.java:99) ~[server-1.20.1-20230612.114412-srg.jar%23137!/:?]
	at com.google.gson.internal.bind.TreeTypeAdapter.read(TreeTypeAdapter.java:76) ~[gson-2.10.jar%2372!/:?]
	at com.google.gson.internal.bind.TypeAdapterRuntimeTypeWrapper.read(TypeAdapterRuntimeTypeWrapper.java:40) ~[gson-2.10.jar%2372!/:?]
	at com.google.gson.internal.bind.ArrayTypeAdapter.read(ArrayTypeAdapter.java:72) ~[gson-2.10.jar%2372!/:?]
	at com.google.gson.Gson.fromJson(Gson.java:1214) ~[gson-2.10.jar%2372!/:?]
	at com.google.gson.Gson.fromJson(Gson.java:1319) ~[gson-2.10.jar%2372!/:?]
	at com.google.gson.Gson.fromJson(Gson.java:1290) ~[gson-2.10.jar%2372!/:?]
	at com.google.gson.internal.bind.TreeTypeAdapter$GsonContextImpl.deserialize(TreeTypeAdapter.java:179) ~[gson-2.10.jar%2372!/:?]
	at net.minecraft.util.GsonHelper.m_13808_(GsonHelper.java:463) ~[server-1.20.1-20230612.114412-srg.jar%23137!/:?]
	at net.minecraft.util.GsonHelper.m_13845_(GsonHelper.java:481) ~[server-1.20.1-20230612.114412-srg.jar%23137!/:?]
	at net.minecraft.world.level.storage.loot.entries.LootPoolEntryContainer$Serializer.m_7561_(LootPoolEntryContainer.java:85) ~[server-1.20.1-20230612.114412-srg.jar%23137!/:?]
	at net.minecraft.world.level.storage.loot.entries.LootPoolEntryContainer$Serializer.m_7561_(LootPoolEntryContainer.java:74) ~[server-1.20.1-20230612.114412-srg.jar%23137!/:?]
	at net.minecraft.world.level.storage.loot.GsonAdapterFactory$JsonAdapter.deserialize(GsonAdapterFactory.java:102) ~[server-1.20.1-20230612.114412-srg.jar%23137!/:?]
	at com.google.gson.internal.bind.TreeTypeAdapter.read(TreeTypeAdapter.java:76) ~[gson-2.10.jar%2372!/:?]
	at com.google.gson.internal.bind.TypeAdapterRuntimeTypeWrapper.read(TypeAdapterRuntimeTypeWrapper.java:40) ~[gson-2.10.jar%2372!/:?]
	at com.google.gson.internal.bind.ArrayTypeAdapter.read(ArrayTypeAdapter.java:72) ~[gson-2.10.jar%2372!/:?]
	at com.google.gson.Gson.fromJson(Gson.java:1214) ~[gson-2.10.jar%2372!/:?]
	at com.google.gson.Gson.fromJson(Gson.java:1319) ~[gson-2.10.jar%2372!/:?]
	at com.google.gson.Gson.fromJson(Gson.java:1290) ~[gson-2.10.jar%2372!/:?]
	at com.google.gson.internal.bind.TreeTypeAdapter$GsonContextImpl.deserialize(TreeTypeAdapter.java:179) ~[gson-2.10.jar%2372!/:?]
	at net.minecraft.util.GsonHelper.m_13808_(GsonHelper.java:463) ~[server-1.20.1-20230612.114412-srg.jar%23137!/:?]
	at net.minecraft.util.GsonHelper.m_13836_(GsonHelper.java:471) ~[server-1.20.1-20230612.114412-srg.jar%23137!/:?]
	at net.minecraft.world.level.storage.loot.entries.CompositeEntryBase$1.m_5921_(CompositeEntryBase.java:61) ~[server-1.20.1-20230612.114412-srg.jar%23137!/:?]
	at net.minecraft.world.level.storage.loot.entries.CompositeEntryBase$1.m_5921_(CompositeEntryBase.java:53) ~[server-1.20.1-20230612.114412-srg.jar%23137!/:?]
	at net.minecraft.world.level.storage.loot.entries.LootPoolEntryContainer$Serializer.m_7561_(LootPoolEntryContainer.java:86) ~[server-1.20.1-20230612.114412-srg.jar%23137!/:?]
	at net.minecraft.world.level.storage.loot.entries.LootPoolEntryContainer$Serializer.m_7561_(LootPoolEntryContainer.java:74) ~[server-1.20.1-20230612.114412-srg.jar%23137!/:?]
	at net.minecraft.world.level.storage.loot.GsonAdapterFactory$JsonAdapter.deserialize(GsonAdapterFactory.java:102) ~[server-1.20.1-20230612.114412-srg.jar%23137!/:?]
	at com.google.gson.internal.bind.TreeTypeAdapter.read(TreeTypeAdapter.java:76) ~[gson-2.10.jar%2372!/:?]
	at com.google.gson.internal.bind.TypeAdapterRuntimeTypeWrapper.read(TypeAdapterRuntimeTypeWrapper.java:40) ~[gson-2.10.jar%2372!/:?]
	at com.google.gson.internal.bind.ArrayTypeAdapter.read(ArrayTypeAdapter.java:72) ~[gson-2.10.jar%2372!/:?]
	at com.google.gson.Gson.fromJson(Gson.java:1214) ~[gson-2.10.jar%2372!/:?]
	at com.google.gson.Gson.fromJson(Gson.java:1319) ~[gson-2.10.jar%2372!/:?]
	at com.google.gson.Gson.fromJson(Gson.java:1290) ~[gson-2.10.jar%2372!/:?]
	at com.google.gson.internal.bind.TreeTypeAdapter$GsonContextImpl.deserialize(TreeTypeAdapter.java:179) ~[gson-2.10.jar%2372!/:?]
	at net.minecraft.util.GsonHelper.m_13808_(GsonHelper.java:463) ~[server-1.20.1-20230612.114412-srg.jar%23137!/:?]
	at net.minecraft.util.GsonHelper.m_13836_(GsonHelper.java:471) ~[server-1.20.1-20230612.114412-srg.jar%23137!/:?]
	at net.minecraft.world.level.storage.loot.LootPool$Serializer.deserialize(LootPool.java:192) ~[server-1.20.1-20230612.114412-srg.jar%23137!/:?]
	at net.minecraft.world.level.storage.loot.LootPool$Serializer.deserialize(LootPool.java:189) ~[server-1.20.1-20230612.114412-srg.jar%23137!/:?]
	at com.google.gson.internal.bind.TreeTypeAdapter.read(TreeTypeAdapter.java:76) ~[gson-2.10.jar%2372!/:?]
	at com.google.gson.internal.bind.TypeAdapterRuntimeTypeWrapper.read(TypeAdapterRuntimeTypeWrapper.java:40) ~[gson-2.10.jar%2372!/:?]
	at com.google.gson.internal.bind.ArrayTypeAdapter.read(ArrayTypeAdapter.java:72) ~[gson-2.10.jar%2372!/:?]
	at com.google.gson.Gson.fromJson(Gson.java:1214) ~[gson-2.10.jar%2372!/:?]
	at com.google.gson.Gson.fromJson(Gson.java:1319) ~[gson-2.10.jar%2372!/:?]
	at com.google.gson.Gson.fromJson(Gson.java:1290) ~[gson-2.10.jar%2372!/:?]
	at com.google.gson.internal.bind.TreeTypeAdapter$GsonContextImpl.deserialize(TreeTypeAdapter.java:179) ~[gson-2.10.jar%2372!/:?]
	at net.minecraft.util.GsonHelper.m_13808_(GsonHelper.java:463) ~[server-1.20.1-20230612.114412-srg.jar%23137!/:?]
	at net.minecraft.util.GsonHelper.m_13845_(GsonHelper.java:481) ~[server-1.20.1-20230612.114412-srg.jar%23137!/:?]
	at net.minecraft.world.level.storage.loot.LootTable$Serializer.deserialize(LootTable.java:294) ~[server-1.20.1-20230612.114412-srg.jar%23137!/:?]
	at net.minecraft.world.level.storage.loot.LootTable$Serializer.deserialize(LootTable.java:291) ~[server-1.20.1-20230612.114412-srg.jar%23137!/:?]
	at com.google.gson.internal.bind.TreeTypeAdapter.read(TreeTypeAdapter.java:76) ~[gson-2.10.jar%2372!/:?]
	at com.google.gson.Gson.fromJson(Gson.java:1214) ~[gson-2.10.jar%2372!/:?]
	at com.google.gson.Gson.fromJson(Gson.java:1319) ~[gson-2.10.jar%2372!/:?]
	at com.google.gson.Gson.fromJson(Gson.java:1261) ~[gson-2.10.jar%2372!/:?]
	at net.minecraftforge.common.ForgeHooks.loadLootTable(ForgeHooks.java:871) ~[forge-1.20.1-47.3.7-universal.jar%23142!/:?]
	at net.minecraftforge.common.ForgeHooks.lambda$getLootTableDeserializer$3(ForgeHooks.java:848) ~[forge-1.20.1-47.3.7-universal.jar%23142!/:?]
	at net.minecraft.world.level.storage.loot.LootDataType.deserialize(LootDataType.java:45) ~[server-1.20.1-20230612.114412-srg.jar%23137!/:?]
	at net.minecraft.world.level.storage.loot.LootDataManager.lambda$scheduleElementParse$4(LootDataManager.java:56) ~[server-1.20.1-20230612.114412-srg.jar%23137!/:?]
	at java.util.HashMap.forEach(HashMap.java:1421) ~[?:?]
	at net.minecraft.world.level.storage.loot.LootDataManager.m_278660_(LootDataManager.java:55) ~[server-1.20.1-20230612.114412-srg.jar%23137!/:?]
	at java.util.concurrent.CompletableFuture$AsyncRun.run(CompletableFuture.java:1804) ~[?:?]
	at java.util.concurrent.CompletableFuture$AsyncRun.exec(CompletableFuture.java:1796) ~[?:?]
	at java.util.concurrent.ForkJoinTask.doExec(ForkJoinTask.java:373) ~[?:?]
	at java.util.concurrent.ForkJoinPool$WorkQueue.topLevelExec(ForkJoinPool.java:1182) ~[?:?]
	at java.util.concurrent.ForkJoinPool.scan(ForkJoinPool.java:1655) ~[?:?]
	at java.util.concurrent.ForkJoinPool.runWorker(ForkJoinPool.java:1622) ~[?:?]
	at java.util.concurrent.ForkJoinWorkerThread.run(ForkJoinWorkerThread.java:165) ~[?:?]
[26Feb2026 22:11:23.196] [Worker-Main-1/ERROR] [net.minecraft.server.packs.resources.SimpleJsonResourceReloadListener/]: Couldn't parse data file minecraft:beetroot_soup from minecraft:recipes/beetroot_soup.json
com.google.gson.JsonParseException: java.io.EOFException: End of input at line 1 column 1 path $
	at net.minecraft.util.GsonHelper.m_13780_(GsonHelper.java:526) ~[server-1.20.1-20230612.114412-srg.jar%23137!/:?]
	at net.minecraft.util.GsonHelper.m_263475_(GsonHelper.java:531) ~[server-1.20.1-20230612.114412-srg.jar%23137!/:?]
	at net.minecraft.util.GsonHelper.m_13776_(GsonHelper.java:581) ~[server-1.20.1-20230612.114412-srg.jar%23137!/:?]
	at net.minecraft.server.packs.resources.SimpleJsonResourceReloadListener.m_278771_(SimpleJsonResourceReloadListener.java:41) ~[server-1.20.1-20230612.114412-srg.jar%23137!/:?]
	at net.minecraft.server.packs.resources.SimpleJsonResourceReloadListener.m_5944_(SimpleJsonResourceReloadListener.java:29) ~[server-1.20.1-20230612.114412-srg.jar%23137!/:?]
	at net.minecraft.server.packs.resources.SimpleJsonResourceReloadListener.m_5944_(SimpleJsonResourceReloadListener.java:17) ~[server-1.20.1-20230612.114412-srg.jar%23137!/:?]
	at net.minecraft.server.packs.resources.SimplePreparableReloadListener.m_10786_(SimplePreparableReloadListener.java:11) ~[server-1.20.1-20230612.114412-srg.jar%23137!/:?]
	at java.util.concurrent.CompletableFuture$AsyncSupply.run(CompletableFuture.java:1768) ~[?:?]
	at java.util.concurrent.CompletableFuture$AsyncSupply.exec(CompletableFuture.java:1760) ~[?:?]
	at java.util.concurrent.ForkJoinTask.doExec(ForkJoinTask.java:373) ~[?:?]
	at java.util.concurrent.ForkJoinPool$WorkQueue.topLevelExec(ForkJoinPool.java:1182) ~[?:?]
	at java.util.concurrent.ForkJoinPool.scan(ForkJoinPool.java:1655) ~[?:?]
	at java.util.concurrent.ForkJoinPool.runWorker(ForkJoinPool.java:1622) ~[?:?]
	at java.util.concurrent.ForkJoinWorkerThread.run(ForkJoinWorkerThread.java:165) ~[?:?]
Caused by: java.io.EOFException: End of input at line 1 column 1 path $
	at com.google.gson.stream.JsonReader.nextNonWhitespace(JsonReader.java:1455) ~[gson-2.10.jar%2372!/:?]
	at com.google.gson.stream.JsonReader.doPeek(JsonReader.java:558) ~[gson-2.10.jar%2372!/:?]
	at com.google.gson.stream.JsonReader.peek(JsonReader.java:433) ~[gson-2.10.jar%2372!/:?]
	at com.google.gson.internal.bind.TypeAdapters$28.read(TypeAdapters.java:769) ~[gson-2.10.jar%2372!/:?]
	at com.google.gson.internal.bind.TypeAdapters$28.read(TypeAdapters.java:725) ~[gson-2.10.jar%2372!/:?]
	at com.google.gson.internal.bind.TypeAdapters$34$1.read(TypeAdapters.java:1007) ~[gson-2.10.jar%2372!/:?]
	at net.minecraft.util.GsonHelper.m_13780_(GsonHelper.java:524) ~[server-1.20.1-20230612.114412-srg.jar%23137!/:?]
	... 13 more
[26Feb2026 22:11:23.457] [Worker-Main-1/ERROR] [net.minecraft.server.packs.resources.SimpleJsonResourceReloadListener/]: Couldn't parse data file minecraft:mushroom_stew from minecraft:recipes/mushroom_stew.json
com.google.gson.JsonParseException: java.io.EOFException: End of input at line 1 column 1 path $
	at net.minecraft.util.GsonHelper.m_13780_(GsonHelper.java:526) ~[server-1.20.1-20230612.114412-srg.jar%23137!/:?]
	at net.minecraft.util.GsonHelper.m_263475_(GsonHelper.java:531) ~[server-1.20.1-20230612.114412-srg.jar%23137!/:?]
	at net.minecraft.util.GsonHelper.m_13776_(GsonHelper.java:581) ~[server-1.20.1-20230612.114412-srg.jar%23137!/:?]
	at net.minecraft.server.packs.resources.SimpleJsonResourceReloadListener.m_278771_(SimpleJsonResourceReloadListener.java:41) ~[server-1.20.1-20230612.114412-srg.jar%23137!/:?]
	at net.minecraft.server.packs.resources.SimpleJsonResourceReloadListener.m_5944_(SimpleJsonResourceReloadListener.java:29) ~[server-1.20.1-20230612.114412-srg.jar%23137!/:?]
	at net.minecraft.server.packs.resources.SimpleJsonResourceReloadListener.m_5944_(SimpleJsonResourceReloadListener.java:17) ~[server-1.20.1-20230612.114412-srg.jar%23137!/:?]
	at net.minecraft.server.packs.resources.SimplePreparableReloadListener.m_10786_(SimplePreparableReloadListener.java:11) ~[server-1.20.1-20230612.114412-srg.jar%23137!/:?]
	at java.util.concurrent.CompletableFuture$AsyncSupply.run(CompletableFuture.java:1768) ~[?:?]
	at java.util.concurrent.CompletableFuture$AsyncSupply.exec(CompletableFuture.java:1760) ~[?:?]
	at java.util.concurrent.ForkJoinTask.doExec(ForkJoinTask.java:373) ~[?:?]
	at java.util.concurrent.ForkJoinPool$WorkQueue.topLevelExec(ForkJoinPool.java:1182) ~[?:?]
	at java.util.concurrent.ForkJoinPool.scan(ForkJoinPool.java:1655) ~[?:?]
	at java.util.concurrent.ForkJoinPool.runWorker(ForkJoinPool.java:1622) ~[?:?]
	at java.util.concurrent.ForkJoinWorkerThread.run(ForkJoinWorkerThread.java:165) ~[?:?]
Caused by: java.io.EOFException: End of input at line 1 column 1 path $
	at com.google.gson.stream.JsonReader.nextNonWhitespace(JsonReader.java:1455) ~[gson-2.10.jar%2372!/:?]
	at com.google.gson.stream.JsonReader.doPeek(JsonReader.java:558) ~[gson-2.10.jar%2372!/:?]
	at com.google.gson.stream.JsonReader.peek(JsonReader.java:433) ~[gson-2.10.jar%2372!/:?]
	at com.google.gson.internal.bind.TypeAdapters$28.read(TypeAdapters.java:769) ~[gson-2.10.jar%2372!/:?]
	at com.google.gson.internal.bind.TypeAdapters$28.read(TypeAdapters.java:725) ~[gson-2.10.jar%2372!/:?]
	at com.google.gson.internal.bind.TypeAdapters$34$1.read(TypeAdapters.java:1007) ~[gson-2.10.jar%2372!/:?]
	at net.minecraft.util.GsonHelper.m_13780_(GsonHelper.java:524) ~[server-1.20.1-20230612.114412-srg.jar%23137!/:?]
	... 13 more
[26Feb2026 22:11:23.504] [Worker-Main-1/ERROR] [net.minecraft.server.packs.resources.SimpleJsonResourceReloadListener/]: Couldn't parse data file minecraft:rabbit_stew_from_brown_mushroom from minecraft:recipes/rabbit_stew_from_brown_mushroom.json
com.google.gson.JsonParseException: java.io.EOFException: End of input at line 1 column 1 path $
	at net.minecraft.util.GsonHelper.m_13780_(GsonHelper.java:526) ~[server-1.20.1-20230612.114412-srg.jar%23137!/:?]
	at net.minecraft.util.GsonHelper.m_263475_(GsonHelper.java:531) ~[server-1.20.1-20230612.114412-srg.jar%23137!/:?]
	at net.minecraft.util.GsonHelper.m_13776_(GsonHelper.java:581) ~[server-1.20.1-20230612.114412-srg.jar%23137!/:?]
	at net.minecraft.server.packs.resources.SimpleJsonResourceReloadListener.m_278771_(SimpleJsonResourceReloadListener.java:41) ~[server-1.20.1-20230612.114412-srg.jar%23137!/:?]
	at net.minecraft.server.packs.resources.SimpleJsonResourceReloadListener.m_5944_(SimpleJsonResourceReloadListener.java:29) ~[server-1.20.1-20230612.114412-srg.jar%23137!/:?]
	at net.minecraft.server.packs.resources.SimpleJsonResourceReloadListener.m_5944_(SimpleJsonResourceReloadListener.java:17) ~[server-1.20.1-20230612.114412-srg.jar%23137!/:?]
	at net.minecraft.server.packs.resources.SimplePreparableReloadListener.m_10786_(SimplePreparableReloadListener.java:11) ~[server-1.20.1-20230612.114412-srg.jar%23137!/:?]
	at java.util.concurrent.CompletableFuture$AsyncSupply.run(CompletableFuture.java:1768) ~[?:?]
	at java.util.concurrent.CompletableFuture$AsyncSupply.exec(CompletableFuture.java:1760) ~[?:?]
	at java.util.concurrent.ForkJoinTask.doExec(ForkJoinTask.java:373) ~[?:?]
	at java.util.concurrent.ForkJoinPool$WorkQueue.topLevelExec(ForkJoinPool.java:1182) ~[?:?]
	at java.util.concurrent.ForkJoinPool.scan(ForkJoinPool.java:1655) ~[?:?]
	at java.util.concurrent.ForkJoinPool.runWorker(ForkJoinPool.java:1622) ~[?:?]
	at java.util.concurrent.ForkJoinWorkerThread.run(ForkJoinWorkerThread.java:165) ~[?:?]
Caused by: java.io.EOFException: End of input at line 1 column 1 path $
	at com.google.gson.stream.JsonReader.nextNonWhitespace(JsonReader.java:1455) ~[gson-2.10.jar%2372!/:?]
	at com.google.gson.stream.JsonReader.doPeek(JsonReader.java:558) ~[gson-2.10.jar%2372!/:?]
	at com.google.gson.stream.JsonReader.peek(JsonReader.java:433) ~[gson-2.10.jar%2372!/:?]
	at com.google.gson.internal.bind.TypeAdapters$28.read(TypeAdapters.java:769) ~[gson-2.10.jar%2372!/:?]
	at com.google.gson.internal.bind.TypeAdapters$28.read(TypeAdapters.java:725) ~[gson-2.10.jar%2372!/:?]
	at com.google.gson.internal.bind.TypeAdapters$34$1.read(TypeAdapters.java:1007) ~[gson-2.10.jar%2372!/:?]
	at net.minecraft.util.GsonHelper.m_13780_(GsonHelper.java:524) ~[server-1.20.1-20230612.114412-srg.jar%23137!/:?]
	... 13 more
[26Feb2026 22:11:23.508] [Worker-Main-1/ERROR] [net.minecraft.server.packs.resources.SimpleJsonResourceReloadListener/]: Couldn't parse data file minecraft:rabbit_stew_from_red_mushroom from minecraft:recipes/rabbit_stew_from_red_mushroom.json
com.google.gson.JsonParseException: java.io.EOFException: End of input at line 1 column 1 path $
	at net.minecraft.util.GsonHelper.m_13780_(GsonHelper.java:526) ~[server-1.20.1-20230612.114412-srg.jar%23137!/:?]
	at net.minecraft.util.GsonHelper.m_263475_(GsonHelper.java:531) ~[server-1.20.1-20230612.114412-srg.jar%23137!/:?]
	at net.minecraft.util.GsonHelper.m_13776_(GsonHelper.java:581) ~[server-1.20.1-20230612.114412-srg.jar%23137!/:?]
	at net.minecraft.server.packs.resources.SimpleJsonResourceReloadListener.m_278771_(SimpleJsonResourceReloadListener.java:41) ~[server-1.20.1-20230612.114412-srg.jar%23137!/:?]
	at net.minecraft.server.packs.resources.SimpleJsonResourceReloadListener.m_5944_(SimpleJsonResourceReloadListener.java:29) ~[server-1.20.1-20230612.114412-srg.jar%23137!/:?]
	at net.minecraft.server.packs.resources.SimpleJsonResourceReloadListener.m_5944_(SimpleJsonResourceReloadListener.java:17) ~[server-1.20.1-20230612.114412-srg.jar%23137!/:?]
	at net.minecraft.server.packs.resources.SimplePreparableReloadListener.m_10786_(SimplePreparableReloadListener.java:11) ~[server-1.20.1-20230612.114412-srg.jar%23137!/:?]
	at java.util.concurrent.CompletableFuture$AsyncSupply.run(CompletableFuture.java:1768) ~[?:?]
	at java.util.concurrent.CompletableFuture$AsyncSupply.exec(CompletableFuture.java:1760) ~[?:?]
	at java.util.concurrent.ForkJoinTask.doExec(ForkJoinTask.java:373) ~[?:?]
	at java.util.concurrent.ForkJoinPool$WorkQueue.topLevelExec(ForkJoinPool.java:1182) ~[?:?]
	at java.util.concurrent.ForkJoinPool.scan(ForkJoinPool.java:1655) ~[?:?]
	at java.util.concurrent.ForkJoinPool.runWorker(ForkJoinPool.java:1622) ~[?:?]
	at java.util.concurrent.ForkJoinWorkerThread.run(ForkJoinWorkerThread.java:165) ~[?:?]
Caused by: java.io.EOFException: End of input at line 1 column 1 path $
	at com.google.gson.stream.JsonReader.nextNonWhitespace(JsonReader.java:1455) ~[gson-2.10.jar%2372!/:?]
	at com.google.gson.stream.JsonReader.doPeek(JsonReader.java:558) ~[gson-2.10.jar%2372!/:?]
	at com.google.gson.stream.JsonReader.peek(JsonReader.java:433) ~[gson-2.10.jar%2372!/:?]
	at com.google.gson.internal.bind.TypeAdapters$28.read(TypeAdapters.java:769) ~[gson-2.10.jar%2372!/:?]
	at com.google.gson.internal.bind.TypeAdapters$28.read(TypeAdapters.java:725) ~[gson-2.10.jar%2372!/:?]
	at com.google.gson.internal.bind.TypeAdapters$34$1.read(TypeAdapters.java:1007) ~[gson-2.10.jar%2372!/:?]
	at net.minecraft.util.GsonHelper.m_13780_(GsonHelper.java:524) ~[server-1.20.1-20230612.114412-srg.jar%23137!/:?]
	... 13 more
[26Feb2026 22:11:24.219] [Thread-1/DEBUG] [net.minecraftforge.fml.config.ConfigFileTypeHandler/CONFIG]: Config file sophisticatedcore-common.toml changed, sending notifies
[26Feb2026 22:11:24.220] [Thread-1/DEBUG] [net.minecraftforge.fml.config.ConfigFileTypeHandler/CONFIG]: Config file sophisticatedcore-common.toml changed, sending notifies
[26Feb2026 22:11:24.229] [Thread-1/DEBUG] [net.minecraftforge.fml.config.ConfigFileTypeHandler/CONFIG]: Config file sophisticatedcore-common.toml changed, sending notifies
[26Feb2026 22:11:24.230] [Thread-1/DEBUG] [net.minecraftforge.fml.config.ConfigFileTypeHandler/CONFIG]: Config file sophisticatedcore-common.toml changed, sending notifies
[26Feb2026 22:11:24.262] [Thread-1/DEBUG] [net.minecraftforge.fml.config.ConfigFileTypeHandler/CONFIG]: Config file sophisticatedcore-common.toml changed, sending notifies
[26Feb2026 22:11:24.275] [Thread-1/DEBUG] [net.minecraftforge.fml.config.ConfigFileTypeHandler/CONFIG]: Config file sophisticatedcore-common.toml changed, sending notifies
[26Feb2026 22:11:24.280] [Thread-1/DEBUG] [net.minecraftforge.fml.config.ConfigFileTypeHandler/CONFIG]: Config file sophisticatedcore-common.toml changed, sending notifies
[26Feb2026 22:11:24.300] [Thread-1/DEBUG] [net.minecraftforge.fml.config.ConfigFileTypeHandler/CONFIG]: Config file sophisticatedcore-common.toml changed, sending notifies
[26Feb2026 22:11:24.316] [Thread-1/DEBUG] [net.minecraftforge.fml.config.ConfigFileTypeHandler/CONFIG]: Config file sophisticatedcore-common.toml changed, sending notifies
[26Feb2026 22:11:24.317] [Thread-1/DEBUG] [net.minecraftforge.fml.config.ConfigFileTypeHandler/CONFIG]: Config file sophisticatedcore-common.toml changed, sending notifies
[26Feb2026 22:11:24.343] [Thread-1/DEBUG] [net.minecraftforge.fml.config.ConfigFileTypeHandler/CONFIG]: Config file sophisticatedcore-common.toml changed, sending notifies
[26Feb2026 22:11:24.345] [Thread-1/DEBUG] [net.minecraftforge.fml.config.ConfigFileTypeHandler/CONFIG]: Config file sophisticatedcore-common.toml changed, sending notifies
[26Feb2026 22:11:24.355] [Thread-1/DEBUG] [net.minecraftforge.fml.config.ConfigFileTypeHandler/CONFIG]: Config file sophisticatedcore-common.toml changed, sending notifies
[26Feb2026 22:11:24.355] [Thread-1/DEBUG] [net.minecraftforge.fml.config.ConfigFileTypeHandler/CONFIG]: Config file sophisticatedcore-common.toml changed, sending notifies
[26Feb2026 22:11:24.438] [Thread-1/DEBUG] [net.minecraftforge.fml.config.ConfigFileTypeHandler/CONFIG]: Config file sophisticatedcore-common.toml changed, sending notifies
[26Feb2026 22:11:24.439] [Thread-1/DEBUG] [net.minecraftforge.fml.config.ConfigFileTypeHandler/CONFIG]: Config file sophisticatedcore-common.toml changed, sending notifies
[26Feb2026 22:11:24.441] [Thread-1/DEBUG] [net.minecraftforge.fml.config.ConfigFileTypeHandler/CONFIG]: Config file sophisticatedcore-common.toml changed, sending notifies
[26Feb2026 22:11:24.443] [Thread-1/DEBUG] [net.minecraftforge.fml.config.ConfigFileTypeHandler/CONFIG]: Config file sophisticatedcore-common.toml changed, sending notifies
[26Feb2026 22:11:24.450] [Thread-1/DEBUG] [net.minecraftforge.fml.config.ConfigFileTypeHandler/CONFIG]: Config file sophisticatedcore-common.toml changed, sending notifies
[26Feb2026 22:11:24.451] [Thread-1/DEBUG] [net.minecraftforge.fml.config.ConfigFileTypeHandler/CONFIG]: Config file sophisticatedcore-common.toml changed, sending notifies
[26Feb2026 22:11:24.475] [Thread-1/DEBUG] [net.minecraftforge.fml.config.ConfigFileTypeHandler/CONFIG]: Config file sophisticatedcore-common.toml changed, sending notifies
[26Feb2026 22:11:24.476] [Thread-1/DEBUG] [net.minecraftforge.fml.config.ConfigFileTypeHandler/CONFIG]: Config file sophisticatedcore-common.toml changed, sending notifies
[26Feb2026 22:11:24.489] [Thread-1/DEBUG] [net.minecraftforge.fml.config.ConfigFileTypeHandler/CONFIG]: Config file sophisticatedcore-common.toml changed, sending notifies
[26Feb2026 22:11:24.493] [Thread-1/DEBUG] [net.minecraftforge.fml.config.ConfigFileTypeHandler/CONFIG]: Config file sophisticatedcore-common.toml changed, sending notifies
[26Feb2026 22:11:24.497] [Thread-1/DEBUG] [net.minecraftforge.fml.config.ConfigFileTypeHandler/CONFIG]: Config file sophisticatedcore-common.toml changed, sending notifies
[26Feb2026 22:11:24.498] [Thread-1/DEBUG] [net.minecraftforge.fml.config.ConfigFileTypeHandler/CONFIG]: Config file sophisticatedcore-common.toml changed, sending notifies
[26Feb2026 22:11:24.504] [Thread-1/DEBUG] [net.minecraftforge.fml.config.ConfigFileTypeHandler/CONFIG]: Config file sophisticatedcore-common.toml changed, sending notifies
[26Feb2026 22:11:24.505] [Thread-1/DEBUG] [net.minecraftforge.fml.config.ConfigFileTypeHandler/CONFIG]: Config file sophisticatedcore-common.toml changed, sending notifies
[26Feb2026 22:11:24.511] [Thread-1/DEBUG] [net.minecraftforge.fml.config.ConfigFileTypeHandler/CONFIG]: Config file sophisticatedcore-common.toml changed, sending notifies
[26Feb2026 22:11:24.512] [Thread-1/DEBUG] [net.minecraftforge.fml.config.ConfigFileTypeHandler/CONFIG]: Config file sophisticatedcore-common.toml changed, sending notifies
[26Feb2026 22:11:24.514] [Thread-1/DEBUG] [net.minecraftforge.fml.config.ConfigFileTypeHandler/CONFIG]: Config file sophisticatedcore-common.toml changed, sending notifies
[26Feb2026 22:11:24.514] [Thread-1/DEBUG] [net.minecraftforge.fml.config.ConfigFileTypeHandler/CONFIG]: Config file sophisticatedcore-common.toml changed, sending notifies
[26Feb2026 22:11:24.521] [Thread-1/DEBUG] [net.minecraftforge.fml.config.ConfigFileTypeHandler/CONFIG]: Config file sophisticatedcore-common.toml changed, sending notifies
[26Feb2026 22:11:24.522] [Thread-1/DEBUG] [net.minecraftforge.fml.config.ConfigFileTypeHandler/CONFIG]: Config file sophisticatedcore-common.toml changed, sending notifies
[26Feb2026 22:11:24.525] [Thread-1/DEBUG] [net.minecraftforge.fml.config.ConfigFileTypeHandler/CONFIG]: Config file sophisticatedcore-common.toml changed, sending notifies
[26Feb2026 22:11:24.526] [Thread-1/DEBUG] [net.minecraftforge.fml.config.ConfigFileTypeHandler/CONFIG]: Config file sophisticatedcore-common.toml changed, sending notifies
[26Feb2026 22:11:24.534] [Thread-1/DEBUG] [net.minecraftforge.fml.config.ConfigFileTypeHandler/CONFIG]: Config file sophisticatedcore-common.toml changed, sending notifies
[26Feb2026 22:11:24.535] [Thread-1/DEBUG] [net.minecraftforge.fml.config.ConfigFileTypeHandler/CONFIG]: Config file sophisticatedcore-common.toml changed, sending notifies
[26Feb2026 22:11:24.538] [Thread-1/DEBUG] [net.minecraftforge.fml.config.ConfigFileTypeHandler/CONFIG]: Config file sophisticatedcore-common.toml changed, sending notifies
[26Feb2026 22:11:24.540] [Thread-1/DEBUG] [net.minecraftforge.fml.config.ConfigFileTypeHandler/CONFIG]: Config file sophisticatedcore-common.toml changed, sending notifies
[26Feb2026 22:11:24.541] [Thread-1/DEBUG] [net.minecraftforge.fml.config.ConfigFileTypeHandler/CONFIG]: Config file sophisticatedcore-common.toml changed, sending notifies
[26Feb2026 22:11:24.545] [Thread-1/DEBUG] [net.minecraftforge.fml.config.ConfigFileTypeHandler/CONFIG]: Config file sophisticatedcore-common.toml changed, sending notifies
[26Feb2026 22:11:24.546] [Thread-1/DEBUG] [net.minecraftforge.fml.config.ConfigFileTypeHandler/CONFIG]: Config file sophisticatedcore-common.toml changed, sending notifies
[26Feb2026 22:11:24.547] [Thread-1/DEBUG] [net.minecraftforge.fml.config.ConfigFileTypeHandler/CONFIG]: Config file sophisticatedcore-common.toml changed, sending notifies
[26Feb2026 22:11:24.548] [Thread-1/DEBUG] [net.minecraftforge.fml.config.ConfigFileTypeHandler/CONFIG]: Config file sophisticatedcore-common.toml changed, sending notifies
[26Feb2026 22:11:24.558] [Thread-1/DEBUG] [net.minecraftforge.fml.config.ConfigFileTypeHandler/CONFIG]: Config file sophisticatedcore-common.toml changed, sending notifies
[26Feb2026 22:11:24.561] [Thread-1/DEBUG] [net.minecraftforge.fml.config.ConfigFileTypeHandler/CONFIG]: Config file sophisticatedcore-common.toml changed, sending notifies
[26Feb2026 22:11:24.563] [Thread-1/DEBUG] [net.minecraftforge.fml.config.ConfigFileTypeHandler/CONFIG]: Config file sophisticatedcore-common.toml changed, sending notifies
[26Feb2026 22:11:24.564] [Thread-1/DEBUG] [net.minecraftforge.fml.config.ConfigFileTypeHandler/CONFIG]: Config file sophisticatedcore-common.toml changed, sending notifies
[26Feb2026 22:11:24.567] [Thread-1/DEBUG] [net.minecraftforge.fml.config.ConfigFileTypeHandler/CONFIG]: Config file sophisticatedcore-common.toml changed, sending notifies
[26Feb2026 22:11:24.568] [Thread-1/DEBUG] [net.minecraftforge.fml.config.ConfigFileTypeHandler/CONFIG]: Config file sophisticatedcore-common.toml changed, sending notifies
[26Feb2026 22:11:24.569] [Thread-1/DEBUG] [net.minecraftforge.fml.config.ConfigFileTypeHandler/CONFIG]: Config file sophisticatedcore-common.toml changed, sending notifies
[26Feb2026 22:11:24.571] [Thread-1/DEBUG] [net.minecraftforge.fml.config.ConfigFileTypeHandler/CONFIG]: Config file sophisticatedcore-common.toml changed, sending notifies
[26Feb2026 22:11:24.574] [Thread-1/DEBUG] [net.minecraftforge.fml.config.ConfigFileTypeHandler/CONFIG]: Config file sophisticatedcore-common.toml changed, sending notifies
[26Feb2026 22:11:24.577] [Thread-1/DEBUG] [net.minecraftforge.fml.config.ConfigFileTypeHandler/CONFIG]: Config file sophisticatedcore-common.toml changed, sending notifies
[26Feb2026 22:11:24.578] [Thread-1/DEBUG] [net.minecraftforge.fml.config.ConfigFileTypeHandler/CONFIG]: Config file sophisticatedcore-common.toml changed, sending notifies
[26Feb2026 22:11:24.582] [Thread-1/DEBUG] [net.minecraftforge.fml.config.ConfigFileTypeHandler/CONFIG]: Config file sophisticatedcore-common.toml changed, sending notifies
[26Feb2026 22:11:24.584] [Thread-1/DEBUG] [net.minecraftforge.fml.config.ConfigFileTypeHandler/CONFIG]: Config file sophisticatedcore-common.toml changed, sending notifies
[26Feb2026 22:11:24.585] [Thread-1/DEBUG] [net.minecraftforge.fml.config.ConfigFileTypeHandler/CONFIG]: Config file sophisticatedcore-common.toml changed, sending notifies
[26Feb2026 22:11:24.586] [Thread-1/DEBUG] [net.minecraftforge.fml.config.ConfigFileTypeHandler/CONFIG]: Config file sophisticatedcore-common.toml changed, sending notifies
[26Feb2026 22:11:24.587] [Thread-1/DEBUG] [net.minecraftforge.fml.config.ConfigFileTypeHandler/CONFIG]: Config file sophisticatedcore-common.toml changed, sending notifies
[26Feb2026 22:11:24.587] [Thread-1/DEBUG] [net.minecraftforge.fml.config.ConfigFileTypeHandler/CONFIG]: Config file sophisticatedcore-common.toml changed, sending notifies
[26Feb2026 22:11:24.588] [Thread-1/DEBUG] [net.minecraftforge.fml.config.ConfigFileTypeHandler/CONFIG]: Config file sophisticatedcore-common.toml changed, sending notifies
[26Feb2026 22:11:24.591] [Thread-1/DEBUG] [net.minecraftforge.fml.config.ConfigFileTypeHandler/CONFIG]: Config file sophisticatedcore-common.toml changed, sending notifies
[26Feb2026 22:11:24.592] [Thread-1/DEBUG] [net.minecraftforge.fml.config.ConfigFileTypeHandler/CONFIG]: Config file sophisticatedcore-common.toml changed, sending notifies
[26Feb2026 22:11:24.593] [Thread-1/DEBUG] [net.minecraftforge.fml.config.ConfigFileTypeHandler/CONFIG]: Config file sophisticatedcore-common.toml changed, sending notifies
[26Feb2026 22:11:24.593] [Thread-1/DEBUG] [net.minecraftforge.fml.config.ConfigFileTypeHandler/CONFIG]: Config file sophisticatedcore-common.toml changed, sending notifies
[26Feb2026 22:11:24.594] [Thread-1/DEBUG] [net.minecraftforge.fml.config.ConfigFileTypeHandler/CONFIG]: Config file sophisticatedcore-common.toml changed, sending notifies
[26Feb2026 22:11:24.596] [Thread-1/DEBUG] [net.minecraftforge.fml.config.ConfigFileTypeHandler/CONFIG]: Config file sophisticatedcore-common.toml changed, sending notifies
[26Feb2026 22:11:24.597] [Thread-1/DEBUG] [net.minecraftforge.fml.config.ConfigFileTypeHandler/CONFIG]: Config file sophisticatedcore-common.toml changed, sending notifies
[26Feb2026 22:11:24.598] [Thread-1/DEBUG] [net.minecraftforge.fml.config.ConfigFileTypeHandler/CONFIG]: Config file sophisticatedcore-common.toml changed, sending notifies
[26Feb2026 22:11:24.599] [Thread-1/DEBUG] [net.minecraftforge.fml.config.ConfigFileTypeHandler/CONFIG]: Config file sophisticatedcore-common.toml changed, sending notifies
[26Feb2026 22:11:24.600] [Thread-1/DEBUG] [net.minecraftforge.fml.config.ConfigFileTypeHandler/CONFIG]: Config file sophisticatedcore-common.toml changed, sending notifies
[26Feb2026 22:11:24.601] [Thread-1/DEBUG] [net.minecraftforge.fml.config.ConfigFileTypeHandler/CONFIG]: Config file sophisticatedcore-common.toml changed, sending notifies
[26Feb2026 22:11:24.603] [Thread-1/DEBUG] [net.minecraftforge.fml.config.ConfigFileTypeHandler/CONFIG]: Config file sophisticatedcore-common.toml changed, sending notifies
[26Feb2026 22:11:24.608] [Thread-1/DEBUG] [net.minecraftforge.fml.config.ConfigFileTypeHandler/CONFIG]: Config file sophisticatedcore-common.toml changed, sending notifies
[26Feb2026 22:11:24.608] [Thread-1/DEBUG] [net.minecraftforge.fml.config.ConfigFileTypeHandler/CONFIG]: Config file sophisticatedcore-common.toml changed, sending notifies
[26Feb2026 22:11:24.619] [Thread-1/DEBUG] [net.minecraftforge.fml.config.ConfigFileTypeHandler/CONFIG]: Config file sophisticatedcore-common.toml changed, sending notifies
[26Feb2026 22:11:24.619] [Thread-1/DEBUG] [net.minecraftforge.fml.config.ConfigFileTypeHandler/CONFIG]: Config file sophisticatedcore-common.toml changed, sending notifies
[26Feb2026 22:11:24.620] [Thread-1/DEBUG] [net.minecraftforge.fml.config.ConfigFileTypeHandler/CONFIG]: Config file sophisticatedcore-common.toml changed, sending notifies
[26Feb2026 22:11:24.621] [Thread-1/DEBUG] [net.minecraftforge.fml.config.ConfigFileTypeHandler/CONFIG]: Config file sophisticatedcore-common.toml changed, sending notifies
[26Feb2026 22:11:24.626] [Thread-1/DEBUG] [net.minecraftforge.fml.config.ConfigFileTypeHandler/CONFIG]: Config file sophisticatedcore-common.toml changed, sending notifies
[26Feb2026 22:11:24.627] [Thread-1/DEBUG] [net.minecraftforge.fml.config.ConfigFileTypeHandler/CONFIG]: Config file sophisticatedcore-common.toml changed, sending notifies
[26Feb2026 22:11:24.630] [main/ERROR] [net.minecraft.world.item.crafting.RecipeManager/]: Parsing error loading recipe culturaldelights:fermenting/pickle
com.google.gson.JsonSyntaxException: Invalid or unsupported recipe type 'brewinandchewin:fermenting'
	at net.minecraft.world.item.crafting.RecipeManager.m_220253_(RecipeManager.java:170) ~[server-1.20.1-20230612.114412-srg.jar%23137!/:?]
	at java.util.Optional.orElseThrow(Optional.java:403) ~[?:?]
	at net.minecraft.world.item.crafting.RecipeManager.fromJson(RecipeManager.java:169) ~[server-1.20.1-20230612.114412-srg.jar%23137!/:?]
	at net.minecraft.world.item.crafting.RecipeManager.m_5787_(RecipeManager.java:67) ~[server-1.20.1-20230612.114412-srg.jar%23137!/:?]
	at net.minecraft.world.item.crafting.RecipeManager.m_5787_(RecipeManager.java:34) ~[server-1.20.1-20230612.114412-srg.jar%23137!/:?]
	at net.minecraft.server.packs.resources.SimplePreparableReloadListener.m_10789_(SimplePreparableReloadListener.java:13) ~[server-1.20.1-20230612.114412-srg.jar%23137!/:?]
	at java.util.concurrent.CompletableFuture$UniAccept.tryFire(CompletableFuture.java:718) ~[?:?]
	at java.util.concurrent.CompletableFuture$Completion.run(CompletableFuture.java:482) ~[?:?]
	at net.minecraft.server.packs.resources.SimpleReloadInstance.m_143940_(SimpleReloadInstance.java:69) ~[server-1.20.1-20230612.114412-srg.jar%23137!/:?]
	at net.minecraft.Util.m_214652_(Util.java:783) ~[server-1.20.1-20230612.114412-srg.jar%23137!/:?]
	at net.minecraft.Util.m_214679_(Util.java:772) ~[server-1.20.1-20230612.114412-srg.jar%23137!/:?]
	at net.minecraft.server.Main.main(Main.java:166) ~[server-1.20.1-20230612.114412-srg.jar%23137!/:?]
	at jdk.internal.reflect.NativeMethodAccessorImpl.invoke0(Native Method) ~[?:?]
	at jdk.internal.reflect.NativeMethodAccessorImpl.invoke(NativeMethodAccessorImpl.java:77) ~[?:?]
	at jdk.internal.reflect.DelegatingMethodAccessorImpl.invoke(DelegatingMethodAccessorImpl.java:43) ~[?:?]
	at java.lang.reflect.Method.invoke(Method.java:569) ~[?:?]
	at net.minecraftforge.fml.loading.targets.CommonLaunchHandler.runTarget(CommonLaunchHandler.java:111) ~[fmlloader-1.20.1-47.3.7.jar%2369!/:?]
	at net.minecraftforge.fml.loading.targets.CommonLaunchHandler.serverService(CommonLaunchHandler.java:103) ~[fmlloader-1.20.1-47.3.7.jar%2369!/:?]
	at net.minecraftforge.fml.loading.targets.CommonServerLaunchHandler.lambda$makeService$0(CommonServerLaunchHandler.java:27) ~[fmlloader-1.20.1-47.3.7.jar%2369!/:?]
	at cpw.mods.modlauncher.LaunchServiceHandlerDecorator.launch(LaunchServiceHandlerDecorator.java:30) ~[modlauncher-10.0.9.jar%2355!/:?]
	at cpw.mods.modlauncher.LaunchServiceHandler.launch(LaunchServiceHandler.java:53) ~[modlauncher-10.0.9.jar%2355!/:?]
	at cpw.mods.modlauncher.LaunchServiceHandler.launch(LaunchServiceHandler.java:71) ~[modlauncher-10.0.9.jar%2355!/:?]
	at cpw.mods.modlauncher.Launcher.run(Launcher.java:108) ~[modlauncher-10.0.9.jar%2355!/:?]
	at cpw.mods.modlauncher.Launcher.main(Launcher.java:78) ~[modlauncher-10.0.9.jar%2355!/:?]
	at cpw.mods.modlauncher.BootstrapLaunchConsumer.accept(BootstrapLaunchConsumer.java:26) ~[modlauncher-10.0.9.jar%2355!/:?]
	at cpw.mods.modlauncher.BootstrapLaunchConsumer.accept(BootstrapLaunchConsumer.java:23) ~[modlauncher-10.0.9.jar%2355!/:?]
	at cpw.mods.bootstraplauncher.BootstrapLauncher.main(BootstrapLauncher.java:141) ~[bootstraplauncher-1.1.2.jar:?]
[26Feb2026 22:11:24.635] [Thread-1/DEBUG] [net.minecraftforge.fml.config.ConfigFileTypeHandler/CONFIG]: Config file sophisticatedcore-common.toml changed, sending notifies
[26Feb2026 22:11:24.642] [Thread-1/DEBUG] [net.minecraftforge.fml.config.ConfigFileTypeHandler/CONFIG]: Config file sophisticatedcore-common.toml changed, sending notifies
[26Feb2026 22:11:24.643] [Thread-1/DEBUG] [net.minecraftforge.fml.config.ConfigFileTypeHandler/CONFIG]: Config file sophisticatedcore-common.toml changed, sending notifies
[26Feb2026 22:11:24.644] [Thread-1/DEBUG] [net.minecraftforge.fml.config.ConfigFileTypeHandler/CONFIG]: Config file sophisticatedcore-common.toml changed, sending notifies
[26Feb2026 22:11:24.645] [Thread-1/DEBUG] [net.minecraftforge.fml.config.ConfigFileTypeHandler/CONFIG]: Config file sophisticatedcore-common.toml changed, sending notifies
[26Feb2026 22:11:24.651] [main/INFO] [net.minecraft.world.item.crafting.RecipeManager/]: Loaded 17 recipes
[26Feb2026 22:11:24.671] [main/DEBUG] [mixin/]: Mixing DisplayInfoMixin from ftblibrary-common.mixins.json into net.minecraft.advancements.DisplayInfo
[26Feb2026 22:11:24.673] [main/DEBUG] [mixin/]: ftblibrary-common.mixins.json:DisplayInfoMixin: Class version 61 required is higher than the class version supported by the current version of Mixin (JAVA_8 supports class version 52)
[26Feb2026 22:11:24.965] [main/INFO] [net.minecraft.advancements.AdvancementList/]: Loaded 2721 advancements
[26Feb2026 22:11:24.987] [main/DEBUG] [sophisticatedbackpacks/]: Started loading registry data from sophisticatedbackpacks:compat/woot/block_tools 
[26Feb2026 22:11:24.987] [main/DEBUG] [sophisticatedbackpacks/]: Started loading registry data from sophisticatedbackpacks:compat/fluxnetworks/block_tools 
[26Feb2026 22:11:24.987] [main/DEBUG] [sophisticatedbackpacks/]: Started loading registry data from sophisticatedbackpacks:compat/mob_grinding_utils/entity_tools 
[26Feb2026 22:11:24.987] [main/DEBUG] [sophisticatedbackpacks/]: Started loading registry data from sophisticatedbackpacks:compat/astralsorcery/block_tools 
[26Feb2026 22:11:24.987] [main/DEBUG] [sophisticatedbackpacks/]: Started loading registry data from sophisticatedbackpacks:compat/immersivepetroleum/block_tools 
[26Feb2026 22:11:24.988] [main/DEBUG] [sophisticatedbackpacks/]: Started loading registry data from sophisticatedbackpacks:compat/immersiveengineering/block_tools 
[26Feb2026 22:11:24.988] [main/DEBUG] [sophisticatedbackpacks/]: Started loading registry data from sophisticatedbackpacks:compat/pedestals/block_tools 
[26Feb2026 22:11:24.988] [main/DEBUG] [sophisticatedbackpacks/]: Started loading registry data from sophisticatedbackpacks:compat/platforms/block_tools 
[26Feb2026 22:11:24.988] [main/DEBUG] [sophisticatedbackpacks/]: Started loading registry data from sophisticatedbackpacks:compat/rftoolsutility/entity_tools 
[26Feb2026 22:11:24.988] [main/DEBUG] [sophisticatedbackpacks/]: Started loading registry data from sophisticatedbackpacks:compat/compactmachines/block_tools 
[26Feb2026 22:11:24.988] [main/DEBUG] [sophisticatedbackpacks/]: Started loading registry data from sophisticatedbackpacks:compat/mcwwindows/block_tools 
[26Feb2026 22:11:24.988] [main/DEBUG] [sophisticatedbackpacks/]: Started loading registry data from sophisticatedbackpacks:compat/integrateddynamics/block_tools 
[26Feb2026 22:11:24.988] [main/DEBUG] [sophisticatedbackpacks/]: Started loading registry data from sophisticatedbackpacks:entity_tools 
[26Feb2026 22:11:24.993] [main/DEBUG] [sophisticatedbackpacks/]: Finished loading registry data for sophisticatedbackpacks:entity_tools
[26Feb2026 22:11:24.993] [main/DEBUG] [sophisticatedbackpacks/]: Started loading registry data from sophisticatedbackpacks:compat/mekanism/block_tools 
[26Feb2026 22:11:24.993] [main/DEBUG] [sophisticatedbackpacks/]: Started loading registry data from sophisticatedbackpacks:compat/powah/block_tools 
[26Feb2026 22:11:24.994] [main/DEBUG] [sophisticatedbackpacks/]: Started loading registry data from sophisticatedbackpacks:compat/apotheosis/entity_tools 
[26Feb2026 22:11:24.994] [main/DEBUG] [sophisticatedbackpacks/]: Started loading registry data from sophisticatedbackpacks:compat/bloodmagic/block_tools 
[26Feb2026 22:11:24.994] [main/DEBUG] [sophisticatedbackpacks/]: Started loading registry data from sophisticatedbackpacks:compat/immersiveposts/block_tools 
[26Feb2026 22:11:24.994] [main/DEBUG] [sophisticatedbackpacks/]: Started loading registry data from sophisticatedbackpacks:compat/rats/entity_tools 
[26Feb2026 22:11:24.994] [main/DEBUG] [sophisticatedbackpacks/]: Started loading registry data from sophisticatedbackpacks:compat/framedcompactdrawers/block_tools 
[26Feb2026 22:11:24.994] [main/DEBUG] [sophisticatedbackpacks/]: Started loading registry data from sophisticatedbackpacks:compat/iceandfire/entity_tools 
[26Feb2026 22:11:24.994] [main/DEBUG] [sophisticatedbackpacks/]: Started loading registry data from sophisticatedbackpacks:compat/storagedrawers/block_tools 
[26Feb2026 22:11:24.995] [main/DEBUG] [sophisticatedbackpacks/]: Started loading registry data from sophisticatedbackpacks:compat/mcwroofs/block_tools 
[26Feb2026 22:11:24.995] [main/DEBUG] [sophisticatedbackpacks/]: Started loading registry data from sophisticatedbackpacks:compat/morphtool/block_tools 
[26Feb2026 22:11:24.995] [main/DEBUG] [sophisticatedbackpacks/]: Started loading registry data from sophisticatedbackpacks:compat/botania/block_tools 
[26Feb2026 22:11:24.995] [main/DEBUG] [sophisticatedbackpacks/]: Started loading registry data from sophisticatedbackpacks:compat/pneumaticraft/block_tools 
[26Feb2026 22:11:24.995] [main/DEBUG] [sophisticatedbackpacks/]: Started loading registry data from sophisticatedbackpacks:compat/shrink/entity_tools 
[26Feb2026 22:11:24.995] [main/DEBUG] [sophisticatedbackpacks/]: Started loading registry data from sophisticatedbackpacks:compat/blockcarpentry/block_tools 
[26Feb2026 22:11:24.996] [main/DEBUG] [sophisticatedbackpacks/]: Started loading registry data from sophisticatedbackpacks:compat/pipez/block_tools 
[26Feb2026 22:11:24.996] [main/DEBUG] [sophisticatedbackpacks/]: Started loading registry data from sophisticatedbackpacks:compat/transport/block_tools 
[26Feb2026 22:11:24.996] [main/DEBUG] [sophisticatedbackpacks/]: Started loading registry data from sophisticatedbackpacks:compat/thermal/block_tools 
[26Feb2026 22:11:24.996] [main/DEBUG] [sophisticatedbackpacks/]: Started loading registry data from sophisticatedbackpacks:block_tools 
[26Feb2026 22:11:24.996] [main/DEBUG] [sophisticatedbackpacks/]: Finished loading registry data for sophisticatedbackpacks:block_tools
[26Feb2026 22:11:24.996] [main/DEBUG] [sophisticatedbackpacks/]: Started loading registry data from sophisticatedbackpacks:compat/create/block_tools 
[26Feb2026 22:11:24.996] [main/DEBUG] [sophisticatedbackpacks/]: Started loading registry data from sophisticatedbackpacks:compat/farmersdelight/entity_tools 
[26Feb2026 22:11:24.997] [main/DEBUG] [sophisticatedbackpacks/]: Finished loading registry data for sophisticatedbackpacks:compat/farmersdelight/entity_tools
[26Feb2026 22:11:24.997] [main/DEBUG] [sophisticatedbackpacks/]: Started loading registry data from sophisticatedbackpacks:compat/refinedstorage/block_tools 
[26Feb2026 22:11:24.997] [main/DEBUG] [sophisticatedbackpacks/]: Started loading registry data from sophisticatedbackpacks:compat/chiselsandbits/block_tools 
[26Feb2026 22:11:24.997] [main/DEBUG] [sophisticatedbackpacks/]: Started loading registry data from sophisticatedbackpacks:compat/farmersdelight/block_tools 
[26Feb2026 22:11:24.998] [main/DEBUG] [sophisticatedbackpacks/]: Finished loading registry data for sophisticatedbackpacks:compat/farmersdelight/block_tools
[26Feb2026 22:11:24.998] [main/DEBUG] [sophisticatedbackpacks/]: Started loading registry data from sophisticatedbackpacks:compat/resourcefulbees/entity_tools 
[26Feb2026 22:11:24.998] [main/DEBUG] [sophisticatedbackpacks/]: Started loading registry data from sophisticatedbackpacks:compat/tetra/swords 
[26Feb2026 22:11:24.998] [main/DEBUG] [sophisticatedbackpacks/]: Started loading registry data from sophisticatedbackpacks:swords 
[26Feb2026 22:11:24.998] [main/DEBUG] [sophisticatedbackpacks/]: Finished loading registry data for sophisticatedbackpacks:swords
[26Feb2026 22:11:24.998] [main/DEBUG] [sophisticatedbackpacks/]: Started loading registry data from sophisticatedbackpacks:compat/mythicbotany/block_tools 
[26Feb2026 22:11:24.999] [main/DEBUG] [sophisticatedbackpacks/]: Started loading registry data from sophisticatedbackpacks:compat/resourcefulbees/block_tools 
[26Feb2026 22:11:24.999] [main/DEBUG] [sophisticatedbackpacks/]: Started loading registry data from sophisticatedbackpacks:compat/syp/entity_tools 
[26Feb2026 22:11:24.999] [main/DEBUG] [sophisticatedbackpacks/]: Started loading registry data from sophisticatedbackpacks:compat/eidolon/block_tools 
[26Feb2026 22:11:24.999] [main/DEBUG] [sophisticatedbackpacks/]: Started loading registry data from sophisticatedbackpacks:compat/rftoolsbase/block_tools 
[26Feb2026 22:11:27.393] [main/DEBUG] [net.minecraftforge.common.ForgeHooks/WP]: Gathering id map for writing to world save world
[26Feb2026 22:11:27.438] [main/DEBUG] [net.minecraftforge.common.ForgeHooks/WP]: ID Map collection complete world
[26Feb2026 22:11:27.623] [Server thread/INFO] [net.minecraft.server.dedicated.DedicatedServer/]: Starting minecraft server version 1.20.1
[26Feb2026 22:11:27.623] [Server thread/INFO] [net.minecraft.server.dedicated.DedicatedServer/]: Loading properties
[26Feb2026 22:11:27.623] [Server thread/INFO] [net.minecraft.server.dedicated.DedicatedServer/]: Default game type: SURVIVAL
[26Feb2026 22:11:27.625] [Server thread/INFO] [net.minecraft.server.MinecraftServer/]: Generating keypair
[26Feb2026 22:11:28.144] [Server thread/INFO] [net.minecraft.server.dedicated.DedicatedServer/]: Starting Minecraft server on *:25565
[26Feb2026 22:11:28.149] [Server thread/DEBUG] [net.minecraftforge.network.DualStackUtils/]: Detected IPv6 address: "0:0:0:0:0:0:0:0"
[26Feb2026 22:11:28.242] [Server thread/DEBUG] [io.netty.util.internal.NativeLibraryLoader/]: -Dio.netty.native.workdir: /tmp (io.netty.tmpdir)
[26Feb2026 22:11:28.242] [Server thread/DEBUG] [io.netty.util.internal.NativeLibraryLoader/]: -Dio.netty.native.deleteLibAfterLoading: true
[26Feb2026 22:11:28.242] [Server thread/DEBUG] [io.netty.util.internal.NativeLibraryLoader/]: -Dio.netty.native.tryPatchShadedId: true
[26Feb2026 22:11:28.242] [Server thread/DEBUG] [io.netty.util.internal.NativeLibraryLoader/]: -Dio.netty.native.detectNativeLibraryDuplicates: true
[26Feb2026 22:11:28.383] [Server thread/DEBUG] [io.netty.util.internal.NativeLibraryLoader/]: Successfully loaded the library /tmp/libnetty_transport_native_epoll_x86_6410735542985996529762.so
[26Feb2026 22:11:28.392] [Server thread/DEBUG] [io.netty.util.NetUtil/]: -Djava.net.preferIPv4Stack: false
[26Feb2026 22:11:28.393] [Server thread/DEBUG] [io.netty.util.NetUtil/]: -Djava.net.preferIPv6Addresses: true
[26Feb2026 22:11:28.402] [Server thread/DEBUG] [io.netty.util.NetUtilInitializations/]: Loopback interface: lo (lo, 0:0:0:0:0:0:0:1%lo)
[26Feb2026 22:11:28.408] [Server thread/DEBUG] [io.netty.util.NetUtil/]: /proc/sys/net/core/somaxconn: 4096
[26Feb2026 22:11:28.422] [Server thread/INFO] [net.minecraft.server.network.ServerConnectionListener/]: Using epoll channel type
[26Feb2026 22:11:28.476] [Server thread/DEBUG] [io.netty.channel.MultithreadEventLoopGroup/]: -Dio.netty.eventLoopThreads: 4
[26Feb2026 22:11:28.527] [Server thread/DEBUG] [io.netty.util.internal.InternalThreadLocalMap/]: -Dio.netty.threadLocalMap.stringBuilder.initialSize: 1024
[26Feb2026 22:11:28.529] [Server thread/DEBUG] [io.netty.util.internal.InternalThreadLocalMap/]: -Dio.netty.threadLocalMap.stringBuilder.maxSize: 4096
[26Feb2026 22:11:28.571] [Server thread/DEBUG] [io.netty.util.internal.PlatformDependent/]: org.jctools-core.MpscChunkedArrayQueue: available
[26Feb2026 22:11:28.599] [Server thread/DEBUG] [io.netty.channel.DefaultChannelId/]: -Dio.netty.processId: 34536 (auto-detected)
[26Feb2026 22:11:28.604] [Server thread/DEBUG] [io.netty.channel.DefaultChannelId/]: -Dio.netty.machineId: 7c:1e:52:ff:fe:d9:21:73 (auto-detected)
[26Feb2026 22:11:28.715] [Server thread/DEBUG] [io.netty.buffer.PooledByteBufAllocator/]: -Dio.netty.allocator.numHeapArenas: 4
[26Feb2026 22:11:28.715] [Server thread/DEBUG] [io.netty.buffer.PooledByteBufAllocator/]: -Dio.netty.allocator.numDirectArenas: 4
[26Feb2026 22:11:28.715] [Server thread/DEBUG] [io.netty.buffer.PooledByteBufAllocator/]: -Dio.netty.allocator.pageSize: 8192
[26Feb2026 22:11:28.715] [Server thread/DEBUG] [io.netty.buffer.PooledByteBufAllocator/]: -Dio.netty.allocator.maxOrder: 9
[26Feb2026 22:11:28.715] [Server thread/DEBUG] [io.netty.buffer.PooledByteBufAllocator/]: -Dio.netty.allocator.chunkSize: 4194304
[26Feb2026 22:11:28.715] [Server thread/DEBUG] [io.netty.buffer.PooledByteBufAllocator/]: -Dio.netty.allocator.smallCacheSize: 256
[26Feb2026 22:11:28.715] [Server thread/DEBUG] [io.netty.buffer.PooledByteBufAllocator/]: -Dio.netty.allocator.normalCacheSize: 64
[26Feb2026 22:11:28.715] [Server thread/DEBUG] [io.netty.buffer.PooledByteBufAllocator/]: -Dio.netty.allocator.maxCachedBufferCapacity: 32768
[26Feb2026 22:11:28.716] [Server thread/DEBUG] [io.netty.buffer.PooledByteBufAllocator/]: -Dio.netty.allocator.cacheTrimInterval: 8192
[26Feb2026 22:11:28.716] [Server thread/DEBUG] [io.netty.buffer.PooledByteBufAllocator/]: -Dio.netty.allocator.cacheTrimIntervalMillis: 0
[26Feb2026 22:11:28.716] [Server thread/DEBUG] [io.netty.buffer.PooledByteBufAllocator/]: -Dio.netty.allocator.useCacheForAllThreads: false
[26Feb2026 22:11:28.716] [Server thread/DEBUG] [io.netty.buffer.PooledByteBufAllocator/]: -Dio.netty.allocator.maxCachedByteBuffersPerChunk: 1023
[26Feb2026 22:11:28.733] [Server thread/DEBUG] [io.netty.buffer.ByteBufUtil/]: -Dio.netty.allocator.type: pooled
[26Feb2026 22:11:28.734] [Server thread/DEBUG] [io.netty.buffer.ByteBufUtil/]: -Dio.netty.threadLocalDirectBufferSize: 0
[26Feb2026 22:11:28.734] [Server thread/DEBUG] [io.netty.buffer.ByteBufUtil/]: -Dio.netty.maxThreadLocalCharBufferSize: 16384
[26Feb2026 22:11:28.944] [Server thread/WARN] [net.minecraft.server.dedicated.DedicatedServer/]: **** SERVER IS RUNNING IN OFFLINE/INSECURE MODE!
[26Feb2026 22:11:28.944] [Server thread/WARN] [net.minecraft.server.dedicated.DedicatedServer/]: The server will make no attempt to authenticate usernames. Beware.
[26Feb2026 22:11:28.944] [Server thread/WARN] [net.minecraft.server.dedicated.DedicatedServer/]: While this makes the game possible to play without internet access, it also opens up the ability for hackers to connect with any username they choose.
[26Feb2026 22:11:28.946] [Server thread/WARN] [net.minecraft.server.dedicated.DedicatedServer/]: To change this, set "online-mode" to "true" in the server.properties file.
[26Feb2026 22:11:28.997] [Server thread/DEBUG] [net.minecraftforge.fml.config.ConfigTracker/CONFIG]: Loading configs type SERVER
[26Feb2026 22:11:28.997] [Server thread/DEBUG] [net.minecraftforge.fml.config.ConfigFileTypeHandler/CONFIG]: Built TOML config for ./world/serverconfig/jei-server.toml
[26Feb2026 22:11:28.998] [Server thread/DEBUG] [net.minecraftforge.fml.config.ConfigFileTypeHandler/CONFIG]: Loaded TOML config file ./world/serverconfig/jei-server.toml
[26Feb2026 22:11:29.001] [Server thread/DEBUG] [net.minecraftforge.fml.config.ConfigFileTypeHandler/CONFIG]: Watching TOML config file ./world/serverconfig/jei-server.toml for changes
[26Feb2026 22:11:29.007] [Thread-1/DEBUG] [net.minecraftforge.fml.config.ConfigFileTypeHandler/CONFIG]: Config file jei-server.toml changed, sending notifies
[26Feb2026 22:11:29.008] [Thread-1/DEBUG] [net.minecraftforge.fml.config.ConfigFileTypeHandler/CONFIG]: Config file jei-server.toml changed, sending notifies
[26Feb2026 22:11:29.009] [Server thread/DEBUG] [net.minecraftforge.fml.config.ConfigFileTypeHandler/CONFIG]: Built TOML config for ./world/serverconfig/journeymap-server.toml
[26Feb2026 22:11:29.100] [Server thread/DEBUG] [net.minecraftforge.fml.config.ConfigFileTypeHandler/CONFIG]: Loaded TOML config file ./world/serverconfig/journeymap-server.toml
[26Feb2026 22:11:29.100] [Server thread/DEBUG] [net.minecraftforge.fml.config.ConfigFileTypeHandler/CONFIG]: Watching TOML config file ./world/serverconfig/journeymap-server.toml for changes
[26Feb2026 22:11:29.105] [Server thread/INFO] [journeymap/]: Loading JourneyMap Forge Configs
[26Feb2026 22:11:29.107] [Thread-1/DEBUG] [net.minecraftforge.fml.config.ConfigFileTypeHandler/CONFIG]: Config file journeymap-server.toml changed, sending notifies
[26Feb2026 22:11:29.107] [Thread-1/INFO] [journeymap/]: Loading JourneyMap Forge Configs
[26Feb2026 22:11:29.107] [Server thread/DEBUG] [net.minecraftforge.fml.config.ConfigFileTypeHandler/CONFIG]: Built TOML config for ./world/serverconfig/sophisticatedbackpacks-server.toml
[26Feb2026 22:11:29.108] [Thread-1/DEBUG] [net.minecraftforge.fml.config.ConfigFileTypeHandler/CONFIG]: Config file journeymap-server.toml changed, sending notifies
[26Feb2026 22:11:29.108] [Thread-1/INFO] [journeymap/]: Loading JourneyMap Forge Configs
[26Feb2026 22:11:29.108] [Server thread/DEBUG] [net.minecraftforge.fml.config.ConfigFileTypeHandler/CONFIG]: Loaded TOML config file ./world/serverconfig/sophisticatedbackpacks-server.toml
[26Feb2026 22:11:29.109] [Server thread/DEBUG] [net.minecraftforge.fml.config.ConfigFileTypeHandler/CONFIG]: Watching TOML config file ./world/serverconfig/sophisticatedbackpacks-server.toml for changes
[26Feb2026 22:11:29.109] [Server thread/WARN] [net.minecraftforge.common.ForgeConfigSpec/CORE]: Configuration file ./world/serverconfig/sophisticatedbackpacks-server.toml is not correct. Correcting
[26Feb2026 22:11:29.111] [Server thread/WARN] [net.minecraftforge.common.ForgeConfigSpec/CORE]: Incorrect key server was corrected from null to its default, SimpleCommentedConfig:{}. 
[26Feb2026 22:11:29.111] [Server thread/WARN] [net.minecraftforge.common.ForgeConfigSpec/CORE]: Incorrect key server.disallowedItems was corrected from null to its default, []. 
[26Feb2026 22:11:29.112] [Server thread/DEBUG] [net.minecraftforge.common.ForgeConfigSpec/CORE]: The comment on key server.disallowedItems does not match the spec. This may create a backup.
[26Feb2026 22:11:29.112] [Server thread/WARN] [net.minecraftforge.common.ForgeConfigSpec/CORE]: Incorrect key server.containerItemsDisallowed was corrected from null to its default, false. 
[26Feb2026 22:11:29.112] [Server thread/DEBUG] [net.minecraftforge.common.ForgeConfigSpec/CORE]: The comment on key server.containerItemsDisallowed does not match the spec. This may create a backup.
[26Feb2026 22:11:29.113] [Server thread/WARN] [net.minecraftforge.common.ForgeConfigSpec/CORE]: Incorrect key server.noInteractionBlocks was corrected from null to its default, []. 
[26Feb2026 22:11:29.114] [Server thread/DEBUG] [net.minecraftforge.common.ForgeConfigSpec/CORE]: The comment on key server.noInteractionBlocks does not match the spec. This may create a backup.
[26Feb2026 22:11:29.114] [Server thread/DEBUG] [net.minecraftforge.common.ForgeConfigSpec/CORE]: List on key noConnectionBlocks is deemed to need correction. It is null, not a list, or an empty list. Modders, consider defineListAllowEmpty?
[26Feb2026 22:11:29.114] [Server thread/WARN] [net.minecraftforge.common.ForgeConfigSpec/CORE]: Incorrect key server.noConnectionBlocks was corrected from null to its default, []. 
[26Feb2026 22:11:29.114] [Server thread/DEBUG] [net.minecraftforge.common.ForgeConfigSpec/CORE]: The comment on key server.noConnectionBlocks does not match the spec. This may create a backup.
[26Feb2026 22:11:29.114] [Server thread/WARN] [net.minecraftforge.common.ForgeConfigSpec/CORE]: Incorrect key server.allBlockConnectionsDisallowed was corrected from null to its default, false. 
[26Feb2026 22:11:29.115] [Server thread/DEBUG] [net.minecraftforge.common.ForgeConfigSpec/CORE]: The comment on key server.allBlockConnectionsDisallowed does not match the spec. This may create a backup.
[26Feb2026 22:11:29.115] [Server thread/WARN] [net.minecraftforge.common.ForgeConfigSpec/CORE]: Incorrect key server.leatherBackpack was corrected from null to its default, SimpleCommentedConfig:{}. 
[26Feb2026 22:11:29.116] [Server thread/WARN] [net.minecraftforge.common.ForgeConfigSpec/CORE]: Incorrect key server.leatherBackpack.inventorySlotCount was corrected from null to its default, 27. 
[26Feb2026 22:11:29.117] [Server thread/DEBUG] [net.minecraftforge.common.ForgeConfigSpec/CORE]: The comment on key server.leatherBackpack.inventorySlotCount does not match the spec. This may create a backup.
[26Feb2026 22:11:29.117] [Server thread/WARN] [net.minecraftforge.common.ForgeConfigSpec/CORE]: Incorrect key server.leatherBackpack.upgradeSlotCount was corrected from null to its default, 1. 
[26Feb2026 22:11:29.118] [Server thread/DEBUG] [net.minecraftforge.common.ForgeConfigSpec/CORE]: The comment on key server.leatherBackpack.upgradeSlotCount does not match the spec. This may create a backup.
[26Feb2026 22:11:29.118] [Server thread/DEBUG] [net.minecraftforge.common.ForgeConfigSpec/CORE]: The comment on key server.leatherBackpack does not match the spec. This may create a backup.
[26Feb2026 22:11:29.118] [Server thread/WARN] [net.minecraftforge.common.ForgeConfigSpec/CORE]: Incorrect key server.copperBackpack was corrected from null to its default, SimpleCommentedConfig:{}. 
[26Feb2026 22:11:29.118] [Server thread/WARN] [net.minecraftforge.common.ForgeConfigSpec/CORE]: Incorrect key server.copperBackpack.inventorySlotCount was corrected from null to its default, 45. 
[26Feb2026 22:11:29.119] [Server thread/DEBUG] [net.minecraftforge.common.ForgeConfigSpec/CORE]: The comment on key server.copperBackpack.inventorySlotCount does not match the spec. This may create a backup.
[26Feb2026 22:11:29.119] [Server thread/WARN] [net.minecraftforge.common.ForgeConfigSpec/CORE]: Incorrect key server.copperBackpack.upgradeSlotCount was corrected from null to its default, 1. 
[26Feb2026 22:11:29.119] [Server thread/DEBUG] [net.minecraftforge.common.ForgeConfigSpec/CORE]: The comment on key server.copperBackpack.upgradeSlotCount does not match the spec. This may create a backup.
[26Feb2026 22:11:29.119] [Server thread/DEBUG] [net.minecraftforge.common.ForgeConfigSpec/CORE]: The comment on key server.copperBackpack does not match the spec. This may create a backup.
[26Feb2026 22:11:29.119] [Server thread/WARN] [net.minecraftforge.common.ForgeConfigSpec/CORE]: Incorrect key server.ironBackpack was corrected from null to its default, SimpleCommentedConfig:{}. 
[26Feb2026 22:11:29.119] [Server thread/WARN] [net.minecraftforge.common.ForgeConfigSpec/CORE]: Incorrect key server.ironBackpack.inventorySlotCount was corrected from null to its default, 54. 
[26Feb2026 22:11:29.120] [Server thread/DEBUG] [net.minecraftforge.common.ForgeConfigSpec/CORE]: The comment on key server.ironBackpack.inventorySlotCount does not match the spec. This may create a backup.
[26Feb2026 22:11:29.120] [Server thread/WARN] [net.minecraftforge.common.ForgeConfigSpec/CORE]: Incorrect key server.ironBackpack.upgradeSlotCount was corrected from null to its default, 2. 
[26Feb2026 22:11:29.120] [Server thread/DEBUG] [net.minecraftforge.common.ForgeConfigSpec/CORE]: The comment on key server.ironBackpack.upgradeSlotCount does not match the spec. This may create a backup.
[26Feb2026 22:11:29.120] [Server thread/DEBUG] [net.minecraftforge.common.ForgeConfigSpec/CORE]: The comment on key server.ironBackpack does not match the spec. This may create a backup.
[26Feb2026 22:11:29.120] [Server thread/WARN] [net.minecraftforge.common.ForgeConfigSpec/CORE]: Incorrect key server.goldBackpack was corrected from null to its default, SimpleCommentedConfig:{}. 
[26Feb2026 22:11:29.120] [Server thread/WARN] [net.minecraftforge.common.ForgeConfigSpec/CORE]: Incorrect key server.goldBackpack.inventorySlotCount was corrected from null to its default, 81. 
[26Feb2026 22:11:29.124] [Server thread/DEBUG] [net.minecraftforge.common.ForgeConfigSpec/CORE]: The comment on key server.goldBackpack.inventorySlotCount does not match the spec. This may create a backup.
[26Feb2026 22:11:29.125] [Server thread/WARN] [net.minecraftforge.common.ForgeConfigSpec/CORE]: Incorrect key server.goldBackpack.upgradeSlotCount was corrected from null to its default, 3. 
[26Feb2026 22:11:29.127] [Server thread/DEBUG] [net.minecraftforge.common.ForgeConfigSpec/CORE]: The comment on key server.goldBackpack.upgradeSlotCount does not match the spec. This may create a backup.
[26Feb2026 22:11:29.127] [Server thread/DEBUG] [net.minecraftforge.common.ForgeConfigSpec/CORE]: The comment on key server.goldBackpack does not match the spec. This may create a backup.
[26Feb2026 22:11:29.127] [Server thread/WARN] [net.minecraftforge.common.ForgeConfigSpec/CORE]: Incorrect key server.diamondBackpack was corrected from null to its default, SimpleCommentedConfig:{}. 
[26Feb2026 22:11:29.129] [Server thread/WARN] [net.minecraftforge.common.ForgeConfigSpec/CORE]: Incorrect key server.diamondBackpack.inventorySlotCount was corrected from null to its default, 108. 
[26Feb2026 22:11:29.131] [Server thread/DEBUG] [net.minecraftforge.common.ForgeConfigSpec/CORE]: The comment on key server.diamondBackpack.inventorySlotCount does not match the spec. This may create a backup.
[26Feb2026 22:11:29.131] [Server thread/WARN] [net.minecraftforge.common.ForgeConfigSpec/CORE]: Incorrect key server.diamondBackpack.upgradeSlotCount was corrected from null to its default, 5. 
[26Feb2026 22:11:29.131] [Server thread/DEBUG] [net.minecraftforge.common.ForgeConfigSpec/CORE]: The comment on key server.diamondBackpack.upgradeSlotCount does not match the spec. This may create a backup.
[26Feb2026 22:11:29.131] [Server thread/DEBUG] [net.minecraftforge.common.ForgeConfigSpec/CORE]: The comment on key server.diamondBackpack does not match the spec. This may create a backup.
[26Feb2026 22:11:29.131] [Server thread/WARN] [net.minecraftforge.common.ForgeConfigSpec/CORE]: Incorrect key server.netheriteBackpack was corrected from null to its default, SimpleCommentedConfig:{}. 
[26Feb2026 22:11:29.135] [Server thread/WARN] [net.minecraftforge.common.ForgeConfigSpec/CORE]: Incorrect key server.netheriteBackpack.inventorySlotCount was corrected from null to its default, 120. 
[26Feb2026 22:11:29.135] [Server thread/DEBUG] [net.minecraftforge.common.ForgeConfigSpec/CORE]: The comment on key server.netheriteBackpack.inventorySlotCount does not match the spec. This may create a backup.
[26Feb2026 22:11:29.135] [Server thread/WARN] [net.minecraftforge.common.ForgeConfigSpec/CORE]: Incorrect key server.netheriteBackpack.upgradeSlotCount was corrected from null to its default, 7. 
[26Feb2026 22:11:29.135] [Server thread/DEBUG] [net.minecraftforge.common.ForgeConfigSpec/CORE]: The comment on key server.netheriteBackpack.upgradeSlotCount does not match the spec. This may create a backup.
[26Feb2026 22:11:29.135] [Server thread/DEBUG] [net.minecraftforge.common.ForgeConfigSpec/CORE]: The comment on key server.netheriteBackpack does not match the spec. This may create a backup.
[26Feb2026 22:11:29.135] [Server thread/WARN] [net.minecraftforge.common.ForgeConfigSpec/CORE]: Incorrect key server.compactingUpgrade was corrected from null to its default, SimpleCommentedConfig:{}. 
[26Feb2026 22:11:29.136] [Server thread/WARN] [net.minecraftforge.common.ForgeConfigSpec/CORE]: Incorrect key server.compactingUpgrade.filterSlots was corrected from null to its default, 9. 
[26Feb2026 22:11:29.136] [Server thread/DEBUG] [net.minecraftforge.common.ForgeConfigSpec/CORE]: The comment on key server.compactingUpgrade.filterSlots does not match the spec. This may create a backup.
[26Feb2026 22:11:29.136] [Server thread/WARN] [net.minecraftforge.common.ForgeConfigSpec/CORE]: Incorrect key server.compactingUpgrade.slotsInRow was corrected from null to its default, 3. 
[26Feb2026 22:11:29.136] [Server thread/DEBUG] [net.minecraftforge.common.ForgeConfigSpec/CORE]: The comment on key server.compactingUpgrade.slotsInRow does not match the spec. This may create a backup.
[26Feb2026 22:11:29.141] [Server thread/DEBUG] [net.minecraftforge.common.ForgeConfigSpec/CORE]: The comment on key server.compactingUpgrade does not match the spec. This may create a backup.
[26Feb2026 22:11:29.141] [Server thread/WARN] [net.minecraftforge.common.ForgeConfigSpec/CORE]: Incorrect key server.advancedCompactingUpgrade was corrected from null to its default, SimpleCommentedConfig:{}. 
[26Feb2026 22:11:29.141] [Server thread/WARN] [net.minecraftforge.common.ForgeConfigSpec/CORE]: Incorrect key server.advancedCompactingUpgrade.filterSlots was corrected from null to its default, 16. 
[26Feb2026 22:11:29.145] [Server thread/DEBUG] [net.minecraftforge.common.ForgeConfigSpec/CORE]: The comment on key server.advancedCompactingUpgrade.filterSlots does not match the spec. This may create a backup.
[26Feb2026 22:11:29.145] [Server thread/WARN] [net.minecraftforge.common.ForgeConfigSpec/CORE]: Incorrect key server.advancedCompactingUpgrade.slotsInRow was corrected from null to its default, 4. 
[26Feb2026 22:11:29.146] [Server thread/DEBUG] [net.minecraftforge.common.ForgeConfigSpec/CORE]: The comment on key server.advancedCompactingUpgrade.slotsInRow does not match the spec. This may create a backup.
[26Feb2026 22:11:29.146] [Server thread/DEBUG] [net.minecraftforge.common.ForgeConfigSpec/CORE]: The comment on key server.advancedCompactingUpgrade does not match the spec. This may create a backup.
[26Feb2026 22:11:29.146] [Server thread/WARN] [net.minecraftforge.common.ForgeConfigSpec/CORE]: Incorrect key server.depositUpgrade was corrected from null to its default, SimpleCommentedConfig:{}. 
[26Feb2026 22:11:29.146] [Server thread/WARN] [net.minecraftforge.common.ForgeConfigSpec/CORE]: Incorrect key server.depositUpgrade.filterSlots was corrected from null to its default, 9. 
[26Feb2026 22:11:29.147] [Server thread/DEBUG] [net.minecraftforge.common.ForgeConfigSpec/CORE]: The comment on key server.depositUpgrade.filterSlots does not match the spec. This may create a backup.
[26Feb2026 22:11:29.147] [Server thread/WARN] [net.minecraftforge.common.ForgeConfigSpec/CORE]: Incorrect key server.depositUpgrade.slotsInRow was corrected from null to its default, 3. 
[26Feb2026 22:11:29.148] [Server thread/DEBUG] [net.minecraftforge.common.ForgeConfigSpec/CORE]: The comment on key server.depositUpgrade.slotsInRow does not match the spec. This may create a backup.
[26Feb2026 22:11:29.148] [Server thread/DEBUG] [net.minecraftforge.common.ForgeConfigSpec/CORE]: The comment on key server.depositUpgrade does not match the spec. This may create a backup.
[26Feb2026 22:11:29.149] [Server thread/WARN] [net.minecraftforge.common.ForgeConfigSpec/CORE]: Incorrect key server.advancedDepositUpgrade was corrected from null to its default, SimpleCommentedConfig:{}. 
[26Feb2026 22:11:29.150] [Server thread/WARN] [net.minecraftforge.common.ForgeConfigSpec/CORE]: Incorrect key server.advancedDepositUpgrade.filterSlots was corrected from null to its default, 16. 
[26Feb2026 22:11:29.151] [Server thread/DEBUG] [net.minecraftforge.common.ForgeConfigSpec/CORE]: The comment on key server.advancedDepositUpgrade.filterSlots does not match the spec. This may create a backup.
[26Feb2026 22:11:29.151] [Server thread/WARN] [net.minecraftforge.common.ForgeConfigSpec/CORE]: Incorrect key server.advancedDepositUpgrade.slotsInRow was corrected from null to its default, 4. 
[26Feb2026 22:11:29.154] [Server thread/DEBUG] [net.minecraftforge.common.ForgeConfigSpec/CORE]: The comment on key server.advancedDepositUpgrade.slotsInRow does not match the spec. This may create a backup.
[26Feb2026 22:11:29.154] [Server thread/DEBUG] [net.minecraftforge.common.ForgeConfigSpec/CORE]: The comment on key server.advancedDepositUpgrade does not match the spec. This may create a backup.
[26Feb2026 22:11:29.154] [Server thread/WARN] [net.minecraftforge.common.ForgeConfigSpec/CORE]: Incorrect key server.feedingUpgrade was corrected from null to its default, SimpleCommentedConfig:{}. 
[26Feb2026 22:11:29.155] [Server thread/WARN] [net.minecraftforge.common.ForgeConfigSpec/CORE]: Incorrect key server.feedingUpgrade.filterSlots was corrected from null to its default, 9. 
[26Feb2026 22:11:29.155] [Server thread/DEBUG] [net.minecraftforge.common.ForgeConfigSpec/CORE]: The comment on key server.feedingUpgrade.filterSlots does not match the spec. This may create a backup.
[26Feb2026 22:11:29.155] [Server thread/WARN] [net.minecraftforge.common.ForgeConfigSpec/CORE]: Incorrect key server.feedingUpgrade.slotsInRow was corrected from null to its default, 3. 
[26Feb2026 22:11:29.155] [Server thread/DEBUG] [net.minecraftforge.common.ForgeConfigSpec/CORE]: The comment on key server.feedingUpgrade.slotsInRow does not match the spec. This may create a backup.
[26Feb2026 22:11:29.155] [Server thread/DEBUG] [net.minecraftforge.common.ForgeConfigSpec/CORE]: The comment on key server.feedingUpgrade does not match the spec. This may create a backup.
[26Feb2026 22:11:29.155] [Server thread/WARN] [net.minecraftforge.common.ForgeConfigSpec/CORE]: Incorrect key server.advancedFeedingUpgrade was corrected from null to its default, SimpleCommentedConfig:{}. 
[26Feb2026 22:11:29.155] [Server thread/WARN] [net.minecraftforge.common.ForgeConfigSpec/CORE]: Incorrect key server.advancedFeedingUpgrade.filterSlots was corrected from null to its default, 16. 
[26Feb2026 22:11:29.157] [Server thread/DEBUG] [net.minecraftforge.common.ForgeConfigSpec/CORE]: The comment on key server.advancedFeedingUpgrade.filterSlots does not match the spec. This may create a backup.
[26Feb2026 22:11:29.157] [Server thread/WARN] [net.minecraftforge.common.ForgeConfigSpec/CORE]: Incorrect key server.advancedFeedingUpgrade.slotsInRow was corrected from null to its default, 4. 
[26Feb2026 22:11:29.159] [Server thread/DEBUG] [net.minecraftforge.common.ForgeConfigSpec/CORE]: The comment on key server.advancedFeedingUpgrade.slotsInRow does not match the spec. This may create a backup.
[26Feb2026 22:11:29.159] [Server thread/DEBUG] [net.minecraftforge.common.ForgeConfigSpec/CORE]: The comment on key server.advancedFeedingUpgrade does not match the spec. This may create a backup.
[26Feb2026 22:11:29.159] [Server thread/WARN] [net.minecraftforge.common.ForgeConfigSpec/CORE]: Incorrect key server.filterUpgrade was corrected from null to its default, SimpleCommentedConfig:{}. 
[26Feb2026 22:11:29.161] [Server thread/WARN] [net.minecraftforge.common.ForgeConfigSpec/CORE]: Incorrect key server.filterUpgrade.filterSlots was corrected from null to its default, 9. 
[26Feb2026 22:11:29.161] [Server thread/DEBUG] [net.minecraftforge.common.ForgeConfigSpec/CORE]: The comment on key server.filterUpgrade.filterSlots does not match the spec. This may create a backup.
[26Feb2026 22:11:29.162] [Server thread/WARN] [net.minecraftforge.common.ForgeConfigSpec/CORE]: Incorrect key server.filterUpgrade.slotsInRow was corrected from null to its default, 3. 
[26Feb2026 22:11:29.163] [Server thread/DEBUG] [net.minecraftforge.common.ForgeConfigSpec/CORE]: The comment on key server.filterUpgrade.slotsInRow does not match the spec. This may create a backup.
[26Feb2026 22:11:29.163] [Server thread/DEBUG] [net.minecraftforge.common.ForgeConfigSpec/CORE]: The comment on key server.filterUpgrade does not match the spec. This may create a backup.
[26Feb2026 22:11:29.164] [Server thread/WARN] [net.minecraftforge.common.ForgeConfigSpec/CORE]: Incorrect key server.advancedFilterUpgrade was corrected from null to its default, SimpleCommentedConfig:{}. 
[26Feb2026 22:11:29.165] [Server thread/WARN] [net.minecraftforge.common.ForgeConfigSpec/CORE]: Incorrect key server.advancedFilterUpgrade.filterSlots was corrected from null to its default, 16. 
[26Feb2026 22:11:29.166] [Server thread/DEBUG] [net.minecraftforge.common.ForgeConfigSpec/CORE]: The comment on key server.advancedFilterUpgrade.filterSlots does not match the spec. This may create a backup.
[26Feb2026 22:11:29.166] [Server thread/WARN] [net.minecraftforge.common.ForgeConfigSpec/CORE]: Incorrect key server.advancedFilterUpgrade.slotsInRow was corrected from null to its default, 4. 
[26Feb2026 22:11:29.167] [Server thread/DEBUG] [net.minecraftforge.common.ForgeConfigSpec/CORE]: The comment on key server.advancedFilterUpgrade.slotsInRow does not match the spec. This may create a backup.
[26Feb2026 22:11:29.168] [Server thread/DEBUG] [net.minecraftforge.common.ForgeConfigSpec/CORE]: The comment on key server.advancedFilterUpgrade does not match the spec. This may create a backup.
[26Feb2026 22:11:29.168] [Server thread/WARN] [net.minecraftforge.common.ForgeConfigSpec/CORE]: Incorrect key server.magnetUpgrade was corrected from null to its default, SimpleCommentedConfig:{}. 
[26Feb2026 22:11:29.169] [Server thread/WARN] [net.minecraftforge.common.ForgeConfigSpec/CORE]: Incorrect key server.magnetUpgrade.filterSlots was corrected from null to its default, 9. 
[26Feb2026 22:11:29.169] [Server thread/DEBUG] [net.minecraftforge.common.ForgeConfigSpec/CORE]: The comment on key server.magnetUpgrade.filterSlots does not match the spec. This may create a backup.
[26Feb2026 22:11:29.169] [Server thread/WARN] [net.minecraftforge.common.ForgeConfigSpec/CORE]: Incorrect key server.magnetUpgrade.slotsInRow was corrected from null to its default, 3. 
[26Feb2026 22:11:29.170] [Server thread/DEBUG] [net.minecraftforge.common.ForgeConfigSpec/CORE]: The comment on key server.magnetUpgrade.slotsInRow does not match the spec. This may create a backup.
[26Feb2026 22:11:29.170] [Server thread/WARN] [net.minecraftforge.common.ForgeConfigSpec/CORE]: Incorrect key server.magnetUpgrade.magnetRange was corrected from null to its default, 3. 
[26Feb2026 22:11:29.172] [Server thread/DEBUG] [net.minecraftforge.common.ForgeConfigSpec/CORE]: The comment on key server.magnetUpgrade.magnetRange does not match the spec. This may create a backup.
[26Feb2026 22:11:29.172] [Server thread/DEBUG] [net.minecraftforge.common.ForgeConfigSpec/CORE]: The comment on key server.magnetUpgrade does not match the spec. This may create a backup.
[26Feb2026 22:11:29.172] [Server thread/WARN] [net.minecraftforge.common.ForgeConfigSpec/CORE]: Incorrect key server.advancedMagnetUpgrade was corrected from null to its default, SimpleCommentedConfig:{}. 
[26Feb2026 22:11:29.175] [Server thread/WARN] [net.minecraftforge.common.ForgeConfigSpec/CORE]: Incorrect key server.advancedMagnetUpgrade.filterSlots was corrected from null to its default, 16. 
[26Feb2026 22:11:29.177] [Server thread/DEBUG] [net.minecraftforge.common.ForgeConfigSpec/CORE]: The comment on key server.advancedMagnetUpgrade.filterSlots does not match the spec. This may create a backup.
[26Feb2026 22:11:29.177] [Server thread/WARN] [net.minecraftforge.common.ForgeConfigSpec/CORE]: Incorrect key server.advancedMagnetUpgrade.slotsInRow was corrected from null to its default, 4. 
[26Feb2026 22:11:29.177] [Server thread/DEBUG] [net.minecraftforge.common.ForgeConfigSpec/CORE]: The comment on key server.advancedMagnetUpgrade.slotsInRow does not match the spec. This may create a backup.
[26Feb2026 22:11:29.177] [Server thread/WARN] [net.minecraftforge.common.ForgeConfigSpec/CORE]: Incorrect key server.advancedMagnetUpgrade.magnetRange was corrected from null to its default, 5. 
[26Feb2026 22:11:29.177] [Server thread/DEBUG] [net.minecraftforge.common.ForgeConfigSpec/CORE]: The comment on key server.advancedMagnetUpgrade.magnetRange does not match the spec. This may create a backup.
[26Feb2026 22:11:29.177] [Server thread/DEBUG] [net.minecraftforge.common.ForgeConfigSpec/CORE]: The comment on key server.advancedMagnetUpgrade does not match the spec. This may create a backup.
[26Feb2026 22:11:29.177] [Server thread/WARN] [net.minecraftforge.common.ForgeConfigSpec/CORE]: Incorrect key server.pickupUpgrade was corrected from null to its default, SimpleCommentedConfig:{}. 
[26Feb2026 22:11:29.178] [Server thread/WARN] [net.minecraftforge.common.ForgeConfigSpec/CORE]: Incorrect key server.pickupUpgrade.filterSlots was corrected from null to its default, 9. 
[26Feb2026 22:11:29.178] [Server thread/DEBUG] [net.minecraftforge.common.ForgeConfigSpec/CORE]: The comment on key server.pickupUpgrade.filterSlots does not match the spec. This may create a backup.
[26Feb2026 22:11:29.179] [Server thread/WARN] [net.minecraftforge.common.ForgeConfigSpec/CORE]: Incorrect key server.pickupUpgrade.slotsInRow was corrected from null to its default, 3. 
[26Feb2026 22:11:29.180] [Server thread/DEBUG] [net.minecraftforge.common.ForgeConfigSpec/CORE]: The comment on key server.pickupUpgrade.slotsInRow does not match the spec. This may create a backup.
[26Feb2026 22:11:29.180] [Server thread/DEBUG] [net.minecraftforge.common.ForgeConfigSpec/CORE]: The comment on key server.pickupUpgrade does not match the spec. This may create a backup.
[26Feb2026 22:11:29.181] [Server thread/WARN] [net.minecraftforge.common.ForgeConfigSpec/CORE]: Incorrect key server.advancedPickupUpgrade was corrected from null to its default, SimpleCommentedConfig:{}. 
[26Feb2026 22:11:29.182] [Server thread/WARN] [net.minecraftforge.common.ForgeConfigSpec/CORE]: Incorrect key server.advancedPickupUpgrade.filterSlots was corrected from null to its default, 16. 
[26Feb2026 22:11:29.183] [Server thread/DEBUG] [net.minecraftforge.common.ForgeConfigSpec/CORE]: The comment on key server.advancedPickupUpgrade.filterSlots does not match the spec. This may create a backup.
[26Feb2026 22:11:29.183] [Server thread/WARN] [net.minecraftforge.common.ForgeConfigSpec/CORE]: Incorrect key server.advancedPickupUpgrade.slotsInRow was corrected from null to its default, 4. 
[26Feb2026 22:11:29.184] [Server thread/DEBUG] [net.minecraftforge.common.ForgeConfigSpec/CORE]: The comment on key server.advancedPickupUpgrade.slotsInRow does not match the spec. This may create a backup.
[26Feb2026 22:11:29.185] [Server thread/DEBUG] [net.minecraftforge.common.ForgeConfigSpec/CORE]: The comment on key server.advancedPickupUpgrade does not match the spec. This may create a backup.
[26Feb2026 22:11:29.185] [Server thread/WARN] [net.minecraftforge.common.ForgeConfigSpec/CORE]: Incorrect key server.refillUpgrade was corrected from null to its default, SimpleCommentedConfig:{}. 
[26Feb2026 22:11:29.185] [Server thread/WARN] [net.minecraftforge.common.ForgeConfigSpec/CORE]: Incorrect key server.refillUpgrade.filterSlots was corrected from null to its default, 6. 
[26Feb2026 22:11:29.186] [Server thread/DEBUG] [net.minecraftforge.common.ForgeConfigSpec/CORE]: The comment on key server.refillUpgrade.filterSlots does not match the spec. This may create a backup.
[26Feb2026 22:11:29.186] [Server thread/WARN] [net.minecraftforge.common.ForgeConfigSpec/CORE]: Incorrect key server.refillUpgrade.slotsInRow was corrected from null to its default, 3. 
[26Feb2026 22:11:29.186] [Server thread/DEBUG] [net.minecraftforge.common.ForgeConfigSpec/CORE]: The comment on key server.refillUpgrade.slotsInRow does not match the spec. This may create a backup.
[26Feb2026 22:11:29.186] [Server thread/DEBUG] [net.minecraftforge.common.ForgeConfigSpec/CORE]: The comment on key server.refillUpgrade does not match the spec. This may create a backup.
[26Feb2026 22:11:29.186] [Server thread/WARN] [net.minecraftforge.common.ForgeConfigSpec/CORE]: Incorrect key server.advancedRefillUpgrade was corrected from null to its default, SimpleCommentedConfig:{}. 
[26Feb2026 22:11:29.186] [Server thread/WARN] [net.minecraftforge.common.ForgeConfigSpec/CORE]: Incorrect key server.advancedRefillUpgrade.filterSlots was corrected from null to its default, 12. 
[26Feb2026 22:11:29.189] [Server thread/DEBUG] [net.minecraftforge.common.ForgeConfigSpec/CORE]: The comment on key server.advancedRefillUpgrade.filterSlots does not match the spec. This may create a backup.
[26Feb2026 22:11:29.189] [Server thread/WARN] [net.minecraftforge.common.ForgeConfigSpec/CORE]: Incorrect key server.advancedRefillUpgrade.slotsInRow was corrected from null to its default, 4. 
[26Feb2026 22:11:29.190] [Server thread/DEBUG] [net.minecraftforge.common.ForgeConfigSpec/CORE]: The comment on key server.advancedRefillUpgrade.slotsInRow does not match the spec. This may create a backup.
[26Feb2026 22:11:29.190] [Server thread/DEBUG] [net.minecraftforge.common.ForgeConfigSpec/CORE]: The comment on key server.advancedRefillUpgrade does not match the spec. This may create a backup.
[26Feb2026 22:11:29.190] [Server thread/WARN] [net.minecraftforge.common.ForgeConfigSpec/CORE]: Incorrect key server.restockUpgrade was corrected from null to its default, SimpleCommentedConfig:{}. 
[26Feb2026 22:11:29.192] [Server thread/WARN] [net.minecraftforge.common.ForgeConfigSpec/CORE]: Incorrect key server.restockUpgrade.filterSlots was corrected from null to its default, 9. 
[26Feb2026 22:11:29.193] [Server thread/DEBUG] [net.minecraftforge.common.ForgeConfigSpec/CORE]: The comment on key server.restockUpgrade.filterSlots does not match the spec. This may create a backup.
[26Feb2026 22:11:29.194] [Server thread/WARN] [net.minecraftforge.common.ForgeConfigSpec/CORE]: Incorrect key server.restockUpgrade.slotsInRow was corrected from null to its default, 3. 
[26Feb2026 22:11:29.195] [Server thread/DEBUG] [net.minecraftforge.common.ForgeConfigSpec/CORE]: The comment on key server.restockUpgrade.slotsInRow does not match the spec. This may create a backup.
[26Feb2026 22:11:29.196] [Server thread/DEBUG] [net.minecraftforge.common.ForgeConfigSpec/CORE]: The comment on key server.restockUpgrade does not match the spec. This may create a backup.
[26Feb2026 22:11:29.196] [Server thread/WARN] [net.minecraftforge.common.ForgeConfigSpec/CORE]: Incorrect key server.advancedRestockUpgrade was corrected from null to its default, SimpleCommentedConfig:{}. 
[26Feb2026 22:11:29.198] [Server thread/WARN] [net.minecraftforge.common.ForgeConfigSpec/CORE]: Incorrect key server.advancedRestockUpgrade.filterSlots was corrected from null to its default, 16. 
[26Feb2026 22:11:29.199] [Server thread/DEBUG] [net.minecraftforge.common.ForgeConfigSpec/CORE]: The comment on key server.advancedRestockUpgrade.filterSlots does not match the spec. This may create a backup.
[26Feb2026 22:11:29.199] [Server thread/WARN] [net.minecraftforge.common.ForgeConfigSpec/CORE]: Incorrect key server.advancedRestockUpgrade.slotsInRow was corrected from null to its default, 4. 
[26Feb2026 22:11:29.199] [Server thread/DEBUG] [net.minecraftforge.common.ForgeConfigSpec/CORE]: The comment on key server.advancedRestockUpgrade.slotsInRow does not match the spec. This may create a backup.
[26Feb2026 22:11:29.199] [Server thread/DEBUG] [net.minecraftforge.common.ForgeConfigSpec/CORE]: The comment on key server.advancedRestockUpgrade does not match the spec. This may create a backup.
[26Feb2026 22:11:29.199] [Server thread/WARN] [net.minecraftforge.common.ForgeConfigSpec/CORE]: Incorrect key server.voidUpgrade was corrected from null to its default, SimpleCommentedConfig:{}. 
[26Feb2026 22:11:29.199] [Server thread/WARN] [net.minecraftforge.common.ForgeConfigSpec/CORE]: Incorrect key server.voidUpgrade.filterSlots was corrected from null to its default, 9. 
[26Feb2026 22:11:29.203] [Server thread/DEBUG] [net.minecraftforge.common.ForgeConfigSpec/CORE]: The comment on key server.voidUpgrade.filterSlots does not match the spec. This may create a backup.
[26Feb2026 22:11:29.204] [Server thread/WARN] [net.minecraftforge.common.ForgeConfigSpec/CORE]: Incorrect key server.voidUpgrade.slotsInRow was corrected from null to its default, 3. 
[26Feb2026 22:11:29.205] [Server thread/DEBUG] [net.minecraftforge.common.ForgeConfigSpec/CORE]: The comment on key server.voidUpgrade.slotsInRow does not match the spec. This may create a backup.
[26Feb2026 22:11:29.205] [Server thread/WARN] [net.minecraftforge.common.ForgeConfigSpec/CORE]: Incorrect key server.voidUpgrade.voidAlwaysEnabled was corrected from null to its default, true. 
[26Feb2026 22:11:29.207] [Server thread/DEBUG] [net.minecraftforge.common.ForgeConfigSpec/CORE]: The comment on key server.voidUpgrade.voidAlwaysEnabled does not match the spec. This may create a backup.
[26Feb2026 22:11:29.207] [Server thread/DEBUG] [net.minecraftforge.common.ForgeConfigSpec/CORE]: The comment on key server.voidUpgrade does not match the spec. This may create a backup.
[26Feb2026 22:11:29.207] [Server thread/WARN] [net.minecraftforge.common.ForgeConfigSpec/CORE]: Incorrect key server.advancedVoidUpgrade was corrected from null to its default, SimpleCommentedConfig:{}. 
[26Feb2026 22:11:29.207] [Server thread/WARN] [net.minecraftforge.common.ForgeConfigSpec/CORE]: Incorrect key server.advancedVoidUpgrade.filterSlots was corrected from null to its default, 16. 
[26Feb2026 22:11:29.211] [Server thread/DEBUG] [net.minecraftforge.common.ForgeConfigSpec/CORE]: The comment on key server.advancedVoidUpgrade.filterSlots does not match the spec. This may create a backup.
[26Feb2026 22:11:29.211] [Server thread/WARN] [net.minecraftforge.common.ForgeConfigSpec/CORE]: Incorrect key server.advancedVoidUpgrade.slotsInRow was corrected from null to its default, 4. 
[26Feb2026 22:11:29.212] [Server thread/DEBUG] [net.minecraftforge.common.ForgeConfigSpec/CORE]: The comment on key server.advancedVoidUpgrade.slotsInRow does not match the spec. This may create a backup.
[26Feb2026 22:11:29.212] [Server thread/WARN] [net.minecraftforge.common.ForgeConfigSpec/CORE]: Incorrect key server.advancedVoidUpgrade.voidAlwaysEnabled was corrected from null to its default, true. 
[26Feb2026 22:11:29.212] [Server thread/DEBUG] [net.minecraftforge.common.ForgeConfigSpec/CORE]: The comment on key server.advancedVoidUpgrade.voidAlwaysEnabled does not match the spec. This may create a backup.
[26Feb2026 22:11:29.212] [Server thread/DEBUG] [net.minecraftforge.common.ForgeConfigSpec/CORE]: The comment on key server.advancedVoidUpgrade does not match the spec. This may create a backup.
[26Feb2026 22:11:29.212] [Server thread/WARN] [net.minecraftforge.common.ForgeConfigSpec/CORE]: Incorrect key server.stackUpgrade was corrected from null to its default, SimpleCommentedConfig:{}. 
[26Feb2026 22:11:29.212] [Server thread/WARN] [net.minecraftforge.common.ForgeConfigSpec/CORE]: Incorrect key server.stackUpgrade.nonStackableItems was corrected from null to its default, [minecraft:bundle, minecraft:shulker_box, minecraft:white_shulker_box, minecraft:orange_shulker_box, minecraft:magenta_shulker_box, minecraft:light_blue_shulker_box, minecraft:yellow_shulker_box, minecraft:lime_shulker_box, minecraft:pink_shulker_box, minecraft:gray_shulker_box, minecraft:light_gray_shulker_box, minecraft:cyan_shulker_box, minecraft:purple_shulker_box, minecraft:blue_shulker_box, minecraft:brown_shulker_box, minecraft:green_shulker_box, minecraft:red_shulker_box, minecraft:black_shulker_box]. 
[26Feb2026 22:11:29.213] [Server thread/DEBUG] [net.minecraftforge.common.ForgeConfigSpec/CORE]: The comment on key server.stackUpgrade.nonStackableItems does not match the spec. This may create a backup.
[26Feb2026 22:11:29.213] [Server thread/DEBUG] [net.minecraftforge.common.ForgeConfigSpec/CORE]: The comment on key server.stackUpgrade does not match the spec. This may create a backup.
[26Feb2026 22:11:29.213] [Server thread/WARN] [net.minecraftforge.common.ForgeConfigSpec/CORE]: Incorrect key server.smeltingUpgrade was corrected from null to its default, SimpleCommentedConfig:{}. 
[26Feb2026 22:11:29.213] [Server thread/WARN] [net.minecraftforge.common.ForgeConfigSpec/CORE]: Incorrect key server.smeltingUpgrade.smeltingSpeedMultiplier was corrected from null to its default, 1.0. 
[26Feb2026 22:11:29.220] [Server thread/DEBUG] [net.minecraftforge.common.ForgeConfigSpec/CORE]: The comment on key server.smeltingUpgrade.smeltingSpeedMultiplier does not match the spec. This may create a backup.
[26Feb2026 22:11:29.222] [Server thread/WARN] [net.minecraftforge.common.ForgeConfigSpec/CORE]: Incorrect key server.smeltingUpgrade.fuelEfficiencyMultiplier was corrected from null to its default, 1.0. 
[26Feb2026 22:11:29.222] [Server thread/DEBUG] [net.minecraftforge.common.ForgeConfigSpec/CORE]: The comment on key server.smeltingUpgrade.fuelEfficiencyMultiplier does not match the spec. This may create a backup.
[26Feb2026 22:11:29.222] [Server thread/DEBUG] [net.minecraftforge.common.ForgeConfigSpec/CORE]: The comment on key server.smeltingUpgrade does not match the spec. This may create a backup.
[26Feb2026 22:11:29.222] [Server thread/WARN] [net.minecraftforge.common.ForgeConfigSpec/CORE]: Incorrect key server.smokingUpgrade was corrected from null to its default, SimpleCommentedConfig:{}. 
[26Feb2026 22:11:29.224] [Server thread/WARN] [net.minecraftforge.common.ForgeConfigSpec/CORE]: Incorrect key server.smokingUpgrade.smeltingSpeedMultiplier was corrected from null to its default, 1.0. 
[26Feb2026 22:11:29.224] [Server thread/DEBUG] [net.minecraftforge.common.ForgeConfigSpec/CORE]: The comment on key server.smokingUpgrade.smeltingSpeedMultiplier does not match the spec. This may create a backup.
[26Feb2026 22:11:29.225] [Server thread/WARN] [net.minecraftforge.common.ForgeConfigSpec/CORE]: Incorrect key server.smokingUpgrade.fuelEfficiencyMultiplier was corrected from null to its default, 1.0. 
[26Feb2026 22:11:29.226] [Server thread/DEBUG] [net.minecraftforge.common.ForgeConfigSpec/CORE]: The comment on key server.smokingUpgrade.fuelEfficiencyMultiplier does not match the spec. This may create a backup.
[26Feb2026 22:11:29.226] [Server thread/DEBUG] [net.minecraftforge.common.ForgeConfigSpec/CORE]: The comment on key server.smokingUpgrade does not match the spec. This may create a backup.
[26Feb2026 22:11:29.226] [Server thread/WARN] [net.minecraftforge.common.ForgeConfigSpec/CORE]: Incorrect key server.blastingUpgrade was corrected from null to its default, SimpleCommentedConfig:{}. 
[26Feb2026 22:11:29.229] [Server thread/WARN] [net.minecraftforge.common.ForgeConfigSpec/CORE]: Incorrect key server.blastingUpgrade.smeltingSpeedMultiplier was corrected from null to its default, 1.0. 
[26Feb2026 22:11:29.232] [Server thread/DEBUG] [net.minecraftforge.common.ForgeConfigSpec/CORE]: The comment on key server.blastingUpgrade.smeltingSpeedMultiplier does not match the spec. This may create a backup.
[26Feb2026 22:11:29.232] [Server thread/WARN] [net.minecraftforge.common.ForgeConfigSpec/CORE]: Incorrect key server.blastingUpgrade.fuelEfficiencyMultiplier was corrected from null to its default, 1.0. 
[26Feb2026 22:11:29.234] [Server thread/DEBUG] [net.minecraftforge.common.ForgeConfigSpec/CORE]: The comment on key server.blastingUpgrade.fuelEfficiencyMultiplier does not match the spec. This may create a backup.
[26Feb2026 22:11:29.234] [Server thread/DEBUG] [net.minecraftforge.common.ForgeConfigSpec/CORE]: The comment on key server.blastingUpgrade does not match the spec. This may create a backup.
[26Feb2026 22:11:29.235] [Server thread/WARN] [net.minecraftforge.common.ForgeConfigSpec/CORE]: Incorrect key server.autoSmeltingUpgrade was corrected from null to its default, SimpleCommentedConfig:{}. 
[26Feb2026 22:11:29.237] [Server thread/WARN] [net.minecraftforge.common.ForgeConfigSpec/CORE]: Incorrect key server.autoSmeltingUpgrade.smeltingSpeedMultiplier was corrected from null to its default, 1.0. 
[26Feb2026 22:11:29.238] [Server thread/DEBUG] [net.minecraftforge.common.ForgeConfigSpec/CORE]: The comment on key server.autoSmeltingUpgrade.smeltingSpeedMultiplier does not match the spec. This may create a backup.
[26Feb2026 22:11:29.238] [Server thread/WARN] [net.minecraftforge.common.ForgeConfigSpec/CORE]: Incorrect key server.autoSmeltingUpgrade.fuelEfficiencyMultiplier was corrected from null to its default, 1.0. 
[26Feb2026 22:11:29.239] [Server thread/DEBUG] [net.minecraftforge.common.ForgeConfigSpec/CORE]: The comment on key server.autoSmeltingUpgrade.fuelEfficiencyMultiplier does not match the spec. This may create a backup.
[26Feb2026 22:11:29.239] [Server thread/WARN] [net.minecraftforge.common.ForgeConfigSpec/CORE]: Incorrect key server.autoSmeltingUpgrade.inputFilterSlots was corrected from null to its default, 8. 
[26Feb2026 22:11:29.239] [Server thread/DEBUG] [net.minecraftforge.common.ForgeConfigSpec/CORE]: The comment on key server.autoSmeltingUpgrade.inputFilterSlots does not match the spec. This may create a backup.
[26Feb2026 22:11:29.240] [Server thread/WARN] [net.minecraftforge.common.ForgeConfigSpec/CORE]: Incorrect key server.autoSmeltingUpgrade.inputFilterSlotsInRow was corrected from null to its default, 4. 
[26Feb2026 22:11:29.240] [Server thread/DEBUG] [net.minecraftforge.common.ForgeConfigSpec/CORE]: The comment on key server.autoSmeltingUpgrade.inputFilterSlotsInRow does not match the spec. This may create a backup.
[26Feb2026 22:11:29.240] [Server thread/WARN] [net.minecraftforge.common.ForgeConfigSpec/CORE]: Incorrect key server.autoSmeltingUpgrade.fuelFilterSlots was corrected from null to its default, 4. 
[26Feb2026 22:11:29.240] [Server thread/DEBUG] [net.minecraftforge.common.ForgeConfigSpec/CORE]: The comment on key server.autoSmeltingUpgrade.fuelFilterSlots does not match the spec. This may create a backup.
[26Feb2026 22:11:29.240] [Server thread/WARN] [net.minecraftforge.common.ForgeConfigSpec/CORE]: Incorrect key server.autoSmeltingUpgrade.fuelFilterSlotsInRow was corrected from null to its default, 4. 
[26Feb2026 22:11:29.240] [Server thread/DEBUG] [net.minecraftforge.common.ForgeConfigSpec/CORE]: The comment on key server.autoSmeltingUpgrade.fuelFilterSlotsInRow does not match the spec. This may create a backup.
[26Feb2026 22:11:29.240] [Server thread/DEBUG] [net.minecraftforge.common.ForgeConfigSpec/CORE]: The comment on key server.autoSmeltingUpgrade does not match the spec. This may create a backup.
[26Feb2026 22:11:29.240] [Server thread/WARN] [net.minecraftforge.common.ForgeConfigSpec/CORE]: Incorrect key server.autoSmokingUpgrade was corrected from null to its default, SimpleCommentedConfig:{}. 
[26Feb2026 22:11:29.243] [Server thread/WARN] [net.minecraftforge.common.ForgeConfigSpec/CORE]: Incorrect key server.autoSmokingUpgrade.smeltingSpeedMultiplier was corrected from null to its default, 1.0. 
[26Feb2026 22:11:29.244] [Server thread/DEBUG] [net.minecraftforge.common.ForgeConfigSpec/CORE]: The comment on key server.autoSmokingUpgrade.smeltingSpeedMultiplier does not match the spec. This may create a backup.
[26Feb2026 22:11:29.244] [Server thread/WARN] [net.minecraftforge.common.ForgeConfigSpec/CORE]: Incorrect key server.autoSmokingUpgrade.fuelEfficiencyMultiplier was corrected from null to its default, 1.0. 
[26Feb2026 22:11:29.244] [Server thread/DEBUG] [net.minecraftforge.common.ForgeConfigSpec/CORE]: The comment on key server.autoSmokingUpgrade.fuelEfficiencyMultiplier does not match the spec. This may create a backup.
[26Feb2026 22:11:29.244] [Server thread/WARN] [net.minecraftforge.common.ForgeConfigSpec/CORE]: Incorrect key server.autoSmokingUpgrade.inputFilterSlots was corrected from null to its default, 8. 
[26Feb2026 22:11:29.244] [Server thread/DEBUG] [net.minecraftforge.common.ForgeConfigSpec/CORE]: The comment on key server.autoSmokingUpgrade.inputFilterSlots does not match the spec. This may create a backup.
[26Feb2026 22:11:29.244] [Server thread/WARN] [net.minecraftforge.common.ForgeConfigSpec/CORE]: Incorrect key server.autoSmokingUpgrade.inputFilterSlotsInRow was corrected from null to its default, 4. 
[26Feb2026 22:11:29.244] [Server thread/DEBUG] [net.minecraftforge.common.ForgeConfigSpec/CORE]: The comment on key server.autoSmokingUpgrade.inputFilterSlotsInRow does not match the spec. This may create a backup.
[26Feb2026 22:11:29.244] [Server thread/WARN] [net.minecraftforge.common.ForgeConfigSpec/CORE]: Incorrect key server.autoSmokingUpgrade.fuelFilterSlots was corrected from null to its default, 4. 
[26Feb2026 22:11:29.245] [Server thread/DEBUG] [net.minecraftforge.common.ForgeConfigSpec/CORE]: The comment on key server.autoSmokingUpgrade.fuelFilterSlots does not match the spec. This may create a backup.
[26Feb2026 22:11:29.245] [Server thread/WARN] [net.minecraftforge.common.ForgeConfigSpec/CORE]: Incorrect key server.autoSmokingUpgrade.fuelFilterSlotsInRow was corrected from null to its default, 4. 
[26Feb2026 22:11:29.245] [Server thread/DEBUG] [net.minecraftforge.common.ForgeConfigSpec/CORE]: The comment on key server.autoSmokingUpgrade.fuelFilterSlotsInRow does not match the spec. This may create a backup.
[26Feb2026 22:11:29.245] [Server thread/DEBUG] [net.minecraftforge.common.ForgeConfigSpec/CORE]: The comment on key server.autoSmokingUpgrade does not match the spec. This may create a backup.
[26Feb2026 22:11:29.245] [Server thread/WARN] [net.minecraftforge.common.ForgeConfigSpec/CORE]: Incorrect key server.autoBlastingUpgrade was corrected from null to its default, SimpleCommentedConfig:{}. 
[26Feb2026 22:11:29.245] [Server thread/WARN] [net.minecraftforge.common.ForgeConfigSpec/CORE]: Incorrect key server.autoBlastingUpgrade.smeltingSpeedMultiplier was corrected from null to its default, 1.0. 
[26Feb2026 22:11:29.250] [Server thread/DEBUG] [net.minecraftforge.common.ForgeConfigSpec/CORE]: The comment on key server.autoBlastingUpgrade.smeltingSpeedMultiplier does not match the spec. This may create a backup.
[26Feb2026 22:11:29.250] [Server thread/WARN] [net.minecraftforge.common.ForgeConfigSpec/CORE]: Incorrect key server.autoBlastingUpgrade.fuelEfficiencyMultiplier was corrected from null to its default, 1.0. 
[26Feb2026 22:11:29.251] [Server thread/DEBUG] [net.minecraftforge.common.ForgeConfigSpec/CORE]: The comment on key server.autoBlastingUpgrade.fuelEfficiencyMultiplier does not match the spec. This may create a backup.
[26Feb2026 22:11:29.251] [Server thread/WARN] [net.minecraftforge.common.ForgeConfigSpec/CORE]: Incorrect key server.autoBlastingUpgrade.inputFilterSlots was corrected from null to its default, 8. 
[26Feb2026 22:11:29.251] [Server thread/DEBUG] [net.minecraftforge.common.ForgeConfigSpec/CORE]: The comment on key server.autoBlastingUpgrade.inputFilterSlots does not match the spec. This may create a backup.
[26Feb2026 22:11:29.251] [Server thread/WARN] [net.minecraftforge.common.ForgeConfigSpec/CORE]: Incorrect key server.autoBlastingUpgrade.inputFilterSlotsInRow was corrected from null to its default, 4. 
[26Feb2026 22:11:29.254] [Server thread/DEBUG] [net.minecraftforge.common.ForgeConfigSpec/CORE]: The comment on key server.autoBlastingUpgrade.inputFilterSlotsInRow does not match the spec. This may create a backup.
[26Feb2026 22:11:29.254] [Server thread/WARN] [net.minecraftforge.common.ForgeConfigSpec/CORE]: Incorrect key server.autoBlastingUpgrade.fuelFilterSlots was corrected from null to its default, 4. 
[26Feb2026 22:11:29.256] [Server thread/DEBUG] [net.minecraftforge.common.ForgeConfigSpec/CORE]: The comment on key server.autoBlastingUpgrade.fuelFilterSlots does not match the spec. This may create a backup.
[26Feb2026 22:11:29.256] [Server thread/WARN] [net.minecraftforge.common.ForgeConfigSpec/CORE]: Incorrect key server.autoBlastingUpgrade.fuelFilterSlotsInRow was corrected from null to its default, 4. 
[26Feb2026 22:11:29.259] [Server thread/DEBUG] [net.minecraftforge.common.ForgeConfigSpec/CORE]: The comment on key server.autoBlastingUpgrade.fuelFilterSlotsInRow does not match the spec. This may create a backup.
[26Feb2026 22:11:29.259] [Server thread/DEBUG] [net.minecraftforge.common.ForgeConfigSpec/CORE]: The comment on key server.autoBlastingUpgrade does not match the spec. This may create a backup.
[26Feb2026 22:11:29.259] [Server thread/WARN] [net.minecraftforge.common.ForgeConfigSpec/CORE]: Incorrect key server.inceptionUpgrade was corrected from null to its default, SimpleCommentedConfig:{}. 
[26Feb2026 22:11:29.259] [Server thread/WARN] [net.minecraftforge.common.ForgeConfigSpec/CORE]: Incorrect key server.inceptionUpgrade.upgradesUseInventoriesOfBackpacksInBackpack was corrected from null to its default, true. 
[26Feb2026 22:11:29.262] [Server thread/DEBUG] [net.minecraftforge.common.ForgeConfigSpec/CORE]: The comment on key server.inceptionUpgrade.upgradesUseInventoriesOfBackpacksInBackpack does not match the spec. This may create a backup.
[26Feb2026 22:11:29.262] [Server thread/WARN] [net.minecraftforge.common.ForgeConfigSpec/CORE]: Incorrect key server.inceptionUpgrade.upgradesInContainedBackpacksAreFunctional was corrected from null to its default, true. 
[26Feb2026 22:11:29.262] [Server thread/DEBUG] [net.minecraftforge.common.ForgeConfigSpec/CORE]: The comment on key server.inceptionUpgrade.upgradesInContainedBackpacksAreFunctional does not match the spec. This may create a backup.
[26Feb2026 22:11:29.262] [Server thread/DEBUG] [net.minecraftforge.common.ForgeConfigSpec/CORE]: The comment on key server.inceptionUpgrade does not match the spec. This may create a backup.
[26Feb2026 22:11:29.262] [Server thread/WARN] [net.minecraftforge.common.ForgeConfigSpec/CORE]: Incorrect key server.toolSwapperUpgrade was corrected from null to its default, SimpleCommentedConfig:{}. 
[26Feb2026 22:11:29.262] [Server thread/WARN] [net.minecraftforge.common.ForgeConfigSpec/CORE]: Incorrect key server.toolSwapperUpgrade.filterSlots was corrected from null to its default, 8. 
[26Feb2026 22:11:29.271] [Server thread/DEBUG] [net.minecraftforge.common.ForgeConfigSpec/CORE]: The comment on key server.toolSwapperUpgrade.filterSlots does not match the spec. This may create a backup.
[26Feb2026 22:11:29.271] [Server thread/WARN] [net.minecraftforge.common.ForgeConfigSpec/CORE]: Incorrect key server.toolSwapperUpgrade.slotsInRow was corrected from null to its default, 4. 
[26Feb2026 22:11:29.272] [Server thread/DEBUG] [net.minecraftforge.common.ForgeConfigSpec/CORE]: The comment on key server.toolSwapperUpgrade.slotsInRow does not match the spec. This may create a backup.
[26Feb2026 22:11:29.272] [Server thread/DEBUG] [net.minecraftforge.common.ForgeConfigSpec/CORE]: The comment on key server.toolSwapperUpgrade does not match the spec. This may create a backup.
[26Feb2026 22:11:29.272] [Server thread/WARN] [net.minecraftforge.common.ForgeConfigSpec/CORE]: Incorrect key server.tankUpgrade was corrected from null to its default, SimpleCommentedConfig:{}. 
[26Feb2026 22:11:29.272] [Server thread/WARN] [net.minecraftforge.common.ForgeConfigSpec/CORE]: Incorrect key server.tankUpgrade.capacityPerSlotRow was corrected from null to its default, 4000. 
[26Feb2026 22:11:29.272] [Server thread/DEBUG] [net.minecraftforge.common.ForgeConfigSpec/CORE]: The comment on key server.tankUpgrade.capacityPerSlotRow does not match the spec. This may create a backup.
[26Feb2026 22:11:29.272] [Server thread/WARN] [net.minecraftforge.common.ForgeConfigSpec/CORE]: Incorrect key server.tankUpgrade.stackMultiplierRatio was corrected from null to its default, 1.0. 
[26Feb2026 22:11:29.272] [Server thread/DEBUG] [net.minecraftforge.common.ForgeConfigSpec/CORE]: The comment on key server.tankUpgrade.stackMultiplierRatio does not match the spec. This may create a backup.
[26Feb2026 22:11:29.272] [Server thread/WARN] [net.minecraftforge.common.ForgeConfigSpec/CORE]: Incorrect key server.tankUpgrade.autoFillDrainContainerCooldown was corrected from null to its default, 20. 
[26Feb2026 22:11:29.275] [Server thread/DEBUG] [net.minecraftforge.common.ForgeConfigSpec/CORE]: The comment on key server.tankUpgrade.autoFillDrainContainerCooldown does not match the spec. This may create a backup.
[26Feb2026 22:11:29.276] [Server thread/WARN] [net.minecraftforge.common.ForgeConfigSpec/CORE]: Incorrect key server.tankUpgrade.maxInputOutput was corrected from null to its default, 20. 
[26Feb2026 22:11:29.276] [Server thread/DEBUG] [net.minecraftforge.common.ForgeConfigSpec/CORE]: The comment on key server.tankUpgrade.maxInputOutput does not match the spec. This may create a backup.
[26Feb2026 22:11:29.276] [Server thread/WARN] [net.minecraftforge.common.ForgeConfigSpec/CORE]: Incorrect key server.tankUpgrade.energyPerSlotRow was corrected from null to its default, 10000. 
[26Feb2026 22:11:29.276] [Server thread/DEBUG] [net.minecraftforge.common.ForgeConfigSpec/CORE]: The comment on key server.tankUpgrade.energyPerSlotRow does not match the spec. This may create a backup.
[26Feb2026 22:11:29.276] [Server thread/DEBUG] [net.minecraftforge.common.ForgeConfigSpec/CORE]: The comment on key server.tankUpgrade does not match the spec. This may create a backup.
[26Feb2026 22:11:29.276] [Server thread/WARN] [net.minecraftforge.common.ForgeConfigSpec/CORE]: Incorrect key server.pumpUpgrade was corrected from null to its default, SimpleCommentedConfig:{}. 
[26Feb2026 22:11:29.276] [Server thread/WARN] [net.minecraftforge.common.ForgeConfigSpec/CORE]: Incorrect key server.pumpUpgrade.filterSlots was corrected from null to its default, 4. 
[26Feb2026 22:11:29.281] [Server thread/DEBUG] [net.minecraftforge.common.ForgeConfigSpec/CORE]: The comment on key server.pumpUpgrade.filterSlots does not match the spec. This may create a backup.
[26Feb2026 22:11:29.281] [Server thread/WARN] [net.minecraftforge.common.ForgeConfigSpec/CORE]: Incorrect key server.pumpUpgrade.maxInputOutput was corrected from null to its default, 20. 
[26Feb2026 22:11:29.281] [Server thread/DEBUG] [net.minecraftforge.common.ForgeConfigSpec/CORE]: The comment on key server.pumpUpgrade.maxInputOutput does not match the spec. This may create a backup.
[26Feb2026 22:11:29.281] [Server thread/WARN] [net.minecraftforge.common.ForgeConfigSpec/CORE]: Incorrect key server.pumpUpgrade.stackMultiplierRatio was corrected from null to its default, 1.0. 
[26Feb2026 22:11:29.281] [Server thread/DEBUG] [net.minecraftforge.common.ForgeConfigSpec/CORE]: The comment on key server.pumpUpgrade.stackMultiplierRatio does not match the spec. This may create a backup.
[26Feb2026 22:11:29.281] [Server thread/DEBUG] [net.minecraftforge.common.ForgeConfigSpec/CORE]: The comment on key server.pumpUpgrade does not match the spec. This may create a backup.
[26Feb2026 22:11:29.281] [Server thread/WARN] [net.minecraftforge.common.ForgeConfigSpec/CORE]: Incorrect key server.xpPumpUpgrade was corrected from null to its default, SimpleCommentedConfig:{}. 
[26Feb2026 22:11:29.282] [Server thread/WARN] [net.minecraftforge.common.ForgeConfigSpec/CORE]: Incorrect key server.xpPumpUpgrade.mendingOn was corrected from null to its default, true. 
[26Feb2026 22:11:29.282] [Server thread/DEBUG] [net.minecraftforge.common.ForgeConfigSpec/CORE]: The comment on key server.xpPumpUpgrade.mendingOn does not match the spec. This may create a backup.
[26Feb2026 22:11:29.282] [Server thread/WARN] [net.minecraftforge.common.ForgeConfigSpec/CORE]: Incorrect key server.xpPumpUpgrade.maxXpPointsPerMending was corrected from null to its default, 5. 
[26Feb2026 22:11:29.282] [Server thread/DEBUG] [net.minecraftforge.common.ForgeConfigSpec/CORE]: The comment on key server.xpPumpUpgrade.maxXpPointsPerMending does not match the spec. This may create a backup.
[26Feb2026 22:11:29.282] [Server thread/DEBUG] [net.minecraftforge.common.ForgeConfigSpec/CORE]: The comment on key server.xpPumpUpgrade does not match the spec. This may create a backup.
[26Feb2026 22:11:29.282] [Server thread/WARN] [net.minecraftforge.common.ForgeConfigSpec/CORE]: Incorrect key server.advancedJukeboxUpgrade was corrected from null to its default, SimpleCommentedConfig:{}. 
[26Feb2026 22:11:29.290] [Server thread/WARN] [net.minecraftforge.common.ForgeConfigSpec/CORE]: Incorrect key server.advancedJukeboxUpgrade.numberOfSlots was corrected from null to its default, 12. 
[26Feb2026 22:11:29.291] [Server thread/DEBUG] [net.minecraftforge.common.ForgeConfigSpec/CORE]: The comment on key server.advancedJukeboxUpgrade.numberOfSlots does not match the spec. This may create a backup.
[26Feb2026 22:11:29.291] [Server thread/WARN] [net.minecraftforge.common.ForgeConfigSpec/CORE]: Incorrect key server.advancedJukeboxUpgrade.slotsInRow was corrected from null to its default, 4. 
[26Feb2026 22:11:29.291] [Server thread/DEBUG] [net.minecraftforge.common.ForgeConfigSpec/CORE]: The comment on key server.advancedJukeboxUpgrade.slotsInRow does not match the spec. This may create a backup.
[26Feb2026 22:11:29.291] [Server thread/DEBUG] [net.minecraftforge.common.ForgeConfigSpec/CORE]: The comment on key server.advancedJukeboxUpgrade does not match the spec. This may create a backup.
[26Feb2026 22:11:29.291] [Server thread/WARN] [net.minecraftforge.common.ForgeConfigSpec/CORE]: Incorrect key server.alchemyUpgrade was corrected from null to its default, SimpleCommentedConfig:{}. 
[26Feb2026 22:11:29.291] [Server thread/WARN] [net.minecraftforge.common.ForgeConfigSpec/CORE]: Incorrect key server.alchemyUpgrade.filterSlots was corrected from null to its default, 4. 
[26Feb2026 22:11:29.291] [Server thread/DEBUG] [net.minecraftforge.common.ForgeConfigSpec/CORE]: The comment on key server.alchemyUpgrade.filterSlots does not match the spec. This may create a backup.
[26Feb2026 22:11:29.291] [Server thread/DEBUG] [net.minecraftforge.common.ForgeConfigSpec/CORE]: The comment on key server.alchemyUpgrade does not match the spec. This may create a backup.
[26Feb2026 22:11:29.291] [Server thread/WARN] [net.minecraftforge.common.ForgeConfigSpec/CORE]: Incorrect key server.advancedAlchemyUpgrade was corrected from null to its default, SimpleCommentedConfig:{}. 
[26Feb2026 22:11:29.292] [Server thread/WARN] [net.minecraftforge.common.ForgeConfigSpec/CORE]: Incorrect key server.advancedAlchemyUpgrade.filterSlots was corrected from null to its default, 8. 
[26Feb2026 22:11:29.292] [Server thread/DEBUG] [net.minecraftforge.common.ForgeConfigSpec/CORE]: The comment on key server.advancedAlchemyUpgrade.filterSlots does not match the spec. This may create a backup.
[26Feb2026 22:11:29.292] [Server thread/DEBUG] [net.minecraftforge.common.ForgeConfigSpec/CORE]: The comment on key server.advancedAlchemyUpgrade does not match the spec. This may create a backup.
[26Feb2026 22:11:29.292] [Server thread/WARN] [net.minecraftforge.common.ForgeConfigSpec/CORE]: Incorrect key server.entityBackpackAdditions was corrected from null to its default, SimpleCommentedConfig:{}. 
[26Feb2026 22:11:29.292] [Server thread/WARN] [net.minecraftforge.common.ForgeConfigSpec/CORE]: Incorrect key server.entityBackpackAdditions.chance was corrected from null to its default, 0.01. 
[26Feb2026 22:11:29.292] [Server thread/DEBUG] [net.minecraftforge.common.ForgeConfigSpec/CORE]: The comment on key server.entityBackpackAdditions.chance does not match the spec. This may create a backup.
[26Feb2026 22:11:29.292] [Server thread/WARN] [net.minecraftforge.common.ForgeConfigSpec/CORE]: Incorrect key server.entityBackpackAdditions.addLoot was corrected from null to its default, true. 
[26Feb2026 22:11:29.301] [Server thread/DEBUG] [net.minecraftforge.common.ForgeConfigSpec/CORE]: The comment on key server.entityBackpackAdditions.addLoot does not match the spec. This may create a backup.
[26Feb2026 22:11:29.302] [Server thread/WARN] [net.minecraftforge.common.ForgeConfigSpec/CORE]: Incorrect key server.entityBackpackAdditions.buffWithPotionEffects was corrected from null to its default, true. 
[26Feb2026 22:11:29.302] [Server thread/DEBUG] [net.minecraftforge.common.ForgeConfigSpec/CORE]: The comment on key server.entityBackpackAdditions.buffWithPotionEffects does not match the spec. This may create a backup.
[26Feb2026 22:11:29.302] [Server thread/WARN] [net.minecraftforge.common.ForgeConfigSpec/CORE]: Incorrect key server.entityBackpackAdditions.buffHealth was corrected from null to its default, true. 
[26Feb2026 22:11:29.302] [Server thread/DEBUG] [net.minecraftforge.common.ForgeConfigSpec/CORE]: The comment on key server.entityBackpackAdditions.buffHealth does not match the spec. This may create a backup.
[26Feb2026 22:11:29.302] [Server thread/WARN] [net.minecraftforge.common.ForgeConfigSpec/CORE]: Incorrect key server.entityBackpackAdditions.equipWithArmor was corrected from null to its default, true. 
[26Feb2026 22:11:29.302] [Server thread/DEBUG] [net.minecraftforge.common.ForgeConfigSpec/CORE]: The comment on key server.entityBackpackAdditions.equipWithArmor does not match the spec. This may create a backup.
[26Feb2026 22:11:29.302] [Server thread/DEBUG] [net.minecraftforge.common.ForgeConfigSpec/CORE]: List on key entityLootTableList is deemed to need correction. It is null, not a list, or an empty list. Modders, consider defineListAllowEmpty?
[26Feb2026 22:11:29.303] [Server thread/WARN] [net.minecraftforge.common.ForgeConfigSpec/CORE]: Incorrect key server.entityBackpackAdditions.entityLootTableList was corrected from null to its default, [minecraft:creeper|minecraft:chests/desert_pyramid, minecraft:drowned|minecraft:chests/shipwreck_treasure, minecraft:enderman|minecraft:chests/end_city_treasure, minecraft:evoker|minecraft:chests/woodland_mansion, minecraft:husk|minecraft:chests/desert_pyramid, minecraft:piglin|minecraft:chests/bastion_bridge, minecraft:piglin_brute|minecraft:chests/bastion_treasure, minecraft:pillager|minecraft:chests/pillager_outpost, minecraft:skeleton|minecraft:chests/simple_dungeon, minecraft:stray|minecraft:chests/igloo_chest, minecraft:vex|minecraft:chests/woodland_mansion, minecraft:vindicator|minecraft:chests/woodland_mansion, minecraft:witch|minecraft:chests/buried_treasure, minecraft:wither_skeleton|minecraft:chests/nether_bridge, minecraft:zombie|minecraft:chests/simple_dungeon, minecraft:zombie_villager|minecraft:chests/village/village_armorer, minecraft:zombified_piglin|minecraft:chests/bastion_other]. 
[26Feb2026 22:11:29.303] [Server thread/DEBUG] [net.minecraftforge.common.ForgeConfigSpec/CORE]: The comment on key server.entityBackpackAdditions.entityLootTableList does not match the spec. This may create a backup.
[26Feb2026 22:11:29.303] [Server thread/DEBUG] [net.minecraftforge.common.ForgeConfigSpec/CORE]: List on key discBlockList is deemed to need correction. It is null, not a list, or an empty list. Modders, consider defineListAllowEmpty?
[26Feb2026 22:11:29.303] [Server thread/WARN] [net.minecraftforge.common.ForgeConfigSpec/CORE]: Incorrect key server.entityBackpackAdditions.discBlockList was corrected from null to its default, [botania:record_gaia_1, botania:record_gaia_2]. 
[26Feb2026 22:11:29.317] [Server thread/DEBUG] [net.minecraftforge.common.ForgeConfigSpec/CORE]: The comment on key server.entityBackpackAdditions.discBlockList does not match the spec. This may create a backup.
[26Feb2026 22:11:29.317] [Server thread/WARN] [net.minecraftforge.common.ForgeConfigSpec/CORE]: Incorrect key server.entityBackpackAdditions.playJukebox was corrected from null to its default, true. 
[26Feb2026 22:11:29.317] [Server thread/DEBUG] [net.minecraftforge.common.ForgeConfigSpec/CORE]: The comment on key server.entityBackpackAdditions.playJukebox does not match the spec. This may create a backup.
[26Feb2026 22:11:29.317] [Server thread/WARN] [net.minecraftforge.common.ForgeConfigSpec/CORE]: Incorrect key server.entityBackpackAdditions.dropToFakePlayers was corrected from null to its default, false. 
[26Feb2026 22:11:29.317] [Server thread/DEBUG] [net.minecraftforge.common.ForgeConfigSpec/CORE]: The comment on key server.entityBackpackAdditions.dropToFakePlayers does not match the spec. This may create a backup.
[26Feb2026 22:11:29.317] [Server thread/WARN] [net.minecraftforge.common.ForgeConfigSpec/CORE]: Incorrect key server.entityBackpackAdditions.backpackDropChance was corrected from null to its default, 0.5. 
[26Feb2026 22:11:29.317] [Server thread/DEBUG] [net.minecraftforge.common.ForgeConfigSpec/CORE]: The comment on key server.entityBackpackAdditions.backpackDropChance does not match the spec. This may create a backup.
[26Feb2026 22:11:29.317] [Server thread/WARN] [net.minecraftforge.common.ForgeConfigSpec/CORE]: Incorrect key server.entityBackpackAdditions.lootingChanceIncreasePerLevel was corrected from null to its default, 0.15. 
[26Feb2026 22:11:29.319] [Server thread/DEBUG] [net.minecraftforge.common.ForgeConfigSpec/CORE]: The comment on key server.entityBackpackAdditions.lootingChanceIncreasePerLevel does not match the spec. This may create a backup.
[26Feb2026 22:11:29.319] [Server thread/WARN] [net.minecraftforge.common.ForgeConfigSpec/CORE]: Incorrect key server.entityBackpackAdditions.leatherWeight was corrected from null to its default, 625. 
[26Feb2026 22:11:29.319] [Server thread/DEBUG] [net.minecraftforge.common.ForgeConfigSpec/CORE]: The comment on key server.entityBackpackAdditions.leatherWeight does not match the spec. This may create a backup.
[26Feb2026 22:11:29.319] [Server thread/WARN] [net.minecraftforge.common.ForgeConfigSpec/CORE]: Incorrect key server.entityBackpackAdditions.copperWeight was corrected from null to its default, 250. 
[26Feb2026 22:11:29.320] [Server thread/DEBUG] [net.minecraftforge.common.ForgeConfigSpec/CORE]: The comment on key server.entityBackpackAdditions.copperWeight does not match the spec. This may create a backup.
[26Feb2026 22:11:29.320] [Server thread/WARN] [net.minecraftforge.common.ForgeConfigSpec/CORE]: Incorrect key server.entityBackpackAdditions.ironWeight was corrected from null to its default, 125. 
[26Feb2026 22:11:29.320] [Server thread/DEBUG] [net.minecraftforge.common.ForgeConfigSpec/CORE]: The comment on key server.entityBackpackAdditions.ironWeight does not match the spec. This may create a backup.
[26Feb2026 22:11:29.320] [Server thread/WARN] [net.minecraftforge.common.ForgeConfigSpec/CORE]: Incorrect key server.entityBackpackAdditions.goldWeight was corrected from null to its default, 25. 
[26Feb2026 22:11:29.320] [Server thread/DEBUG] [net.minecraftforge.common.ForgeConfigSpec/CORE]: The comment on key server.entityBackpackAdditions.goldWeight does not match the spec. This may create a backup.
[26Feb2026 22:11:29.320] [Server thread/WARN] [net.minecraftforge.common.ForgeConfigSpec/CORE]: Incorrect key server.entityBackpackAdditions.diamondWeight was corrected from null to its default, 5. 
[26Feb2026 22:11:29.320] [Server thread/DEBUG] [net.minecraftforge.common.ForgeConfigSpec/CORE]: The comment on key server.entityBackpackAdditions.diamondWeight does not match the spec. This may create a backup.
[26Feb2026 22:11:29.320] [Server thread/WARN] [net.minecraftforge.common.ForgeConfigSpec/CORE]: Incorrect key server.entityBackpackAdditions.netheriteWeight was corrected from null to its default, 1. 
[26Feb2026 22:11:29.324] [Server thread/DEBUG] [net.minecraftforge.common.ForgeConfigSpec/CORE]: The comment on key server.entityBackpackAdditions.netheriteWeight does not match the spec. This may create a backup.
[26Feb2026 22:11:29.324] [Server thread/WARN] [net.minecraftforge.common.ForgeConfigSpec/CORE]: Incorrect key server.entityBackpackAdditions.minBackpackTierMidDifficulty was corrected from null to its default, 1. 
[26Feb2026 22:11:29.325] [Server thread/DEBUG] [net.minecraftforge.common.ForgeConfigSpec/CORE]: The comment on key server.entityBackpackAdditions.minBackpackTierMidDifficulty does not match the spec. This may create a backup.
[26Feb2026 22:11:29.325] [Server thread/WARN] [net.minecraftforge.common.ForgeConfigSpec/CORE]: Incorrect key server.entityBackpackAdditions.minBackpackTierHighDifficulty was corrected from null to its default, 2. 
[26Feb2026 22:11:29.325] [Server thread/DEBUG] [net.minecraftforge.common.ForgeConfigSpec/CORE]: The comment on key server.entityBackpackAdditions.minBackpackTierHighDifficulty does not match the spec. This may create a backup.
[26Feb2026 22:11:29.325] [Server thread/WARN] [net.minecraftforge.common.ForgeConfigSpec/CORE]: Incorrect key server.entityBackpackAdditions.localDifficultyEffectsBackpackSpawns was corrected from null to its default, true. 
[26Feb2026 22:11:29.325] [Server thread/DEBUG] [net.minecraftforge.common.ForgeConfigSpec/CORE]: The comment on key server.entityBackpackAdditions.localDifficultyEffectsBackpackSpawns does not match the spec. This may create a backup.
[26Feb2026 22:11:29.325] [Server thread/DEBUG] [net.minecraftforge.common.ForgeConfigSpec/CORE]: The comment on key server.entityBackpackAdditions does not match the spec. This may create a backup.
[26Feb2026 22:11:29.325] [Server thread/WARN] [net.minecraftforge.common.ForgeConfigSpec/CORE]: Incorrect key server.nerfs was corrected from null to its default, SimpleCommentedConfig:{}. 
[26Feb2026 22:11:29.329] [Server thread/WARN] [net.minecraftforge.common.ForgeConfigSpec/CORE]: Incorrect key server.nerfs.tooManyBackpacksSlowness was corrected from null to its default, false. 
[26Feb2026 22:11:29.330] [Server thread/DEBUG] [net.minecraftforge.common.ForgeConfigSpec/CORE]: The comment on key server.nerfs.tooManyBackpacksSlowness does not match the spec. This may create a backup.
[26Feb2026 22:11:29.330] [Server thread/WARN] [net.minecraftforge.common.ForgeConfigSpec/CORE]: Incorrect key server.nerfs.maxNumberOfBackpacks was corrected from null to its default, 3. 
[26Feb2026 22:11:29.330] [Server thread/DEBUG] [net.minecraftforge.common.ForgeConfigSpec/CORE]: The comment on key server.nerfs.maxNumberOfBackpacks does not match the spec. This may create a backup.
[26Feb2026 22:11:29.330] [Server thread/WARN] [net.minecraftforge.common.ForgeConfigSpec/CORE]: Incorrect key server.nerfs.slownessLevelsPerAdditionalBackpack was corrected from null to its default, 1.0. 
[26Feb2026 22:11:29.330] [Server thread/DEBUG] [net.minecraftforge.common.ForgeConfigSpec/CORE]: The comment on key server.nerfs.slownessLevelsPerAdditionalBackpack does not match the spec. This may create a backup.
[26Feb2026 22:11:29.330] [Server thread/WARN] [net.minecraftforge.common.ForgeConfigSpec/CORE]: Incorrect key server.nerfs.onlyWornBackpackTriggersUpgrades was corrected from null to its default, false. 
[26Feb2026 22:11:29.332] [Server thread/DEBUG] [net.minecraftforge.common.ForgeConfigSpec/CORE]: The comment on key server.nerfs.onlyWornBackpackTriggersUpgrades does not match the spec. This may create a backup.
[26Feb2026 22:11:29.332] [Server thread/WARN] [net.minecraftforge.common.ForgeConfigSpec/CORE]: Incorrect key server.nerfs.nerfEffect was corrected from null to its default, minecraft:slowness. 
[26Feb2026 22:11:29.332] [Server thread/DEBUG] [net.minecraftforge.common.ForgeConfigSpec/CORE]: The comment on key server.nerfs.nerfEffect does not match the spec. This may create a backup.
[26Feb2026 22:11:29.332] [Server thread/DEBUG] [net.minecraftforge.common.ForgeConfigSpec/CORE]: List on key maxUpgradesPerStorage is deemed to need correction. It is null, not a list, or an empty list. Modders, consider defineListAllowEmpty?
[26Feb2026 22:11:29.332] [Server thread/WARN] [net.minecraftforge.common.ForgeConfigSpec/CORE]: Incorrect key server.maxUpgradesPerStorage was corrected from null to its default, [furnace_upgrades|1, jukebox_upgrades|1, stack_upgrades|3]. 
[26Feb2026 22:11:29.332] [Server thread/DEBUG] [net.minecraftforge.common.ForgeConfigSpec/CORE]: The comment on key server.maxUpgradesPerStorage does not match the spec. This may create a backup.
[26Feb2026 22:11:29.332] [Server thread/WARN] [net.minecraftforge.common.ForgeConfigSpec/CORE]: Incorrect key server.itemFluidHandlerEnabled was corrected from null to its default, true. 
[26Feb2026 22:11:29.333] [Server thread/DEBUG] [net.minecraftforge.common.ForgeConfigSpec/CORE]: The comment on key server.itemFluidHandlerEnabled does not match the spec. This may create a backup.
[26Feb2026 22:11:29.333] [Server thread/WARN] [net.minecraftforge.common.ForgeConfigSpec/CORE]: Incorrect key server.allowOpeningOtherPlayerBackpacks was corrected from null to its default, true. 
[26Feb2026 22:11:29.333] [Server thread/DEBUG] [net.minecraftforge.common.ForgeConfigSpec/CORE]: The comment on key server.allowOpeningOtherPlayerBackpacks does not match the spec. This may create a backup.
[26Feb2026 22:11:29.333] [Server thread/WARN] [net.minecraftforge.common.ForgeConfigSpec/CORE]: Incorrect key server.itemDisplayDisabled was corrected from null to its default, false. 
[26Feb2026 22:11:29.333] [Server thread/DEBUG] [net.minecraftforge.common.ForgeConfigSpec/CORE]: The comment on key server.itemDisplayDisabled does not match the spec. This may create a backup.
[26Feb2026 22:11:29.333] [Server thread/WARN] [net.minecraftforge.common.ForgeConfigSpec/CORE]: Incorrect key server.tickDedupeLogicDisabled was corrected from null to its default, false. 
[26Feb2026 22:11:29.333] [Server thread/DEBUG] [net.minecraftforge.common.ForgeConfigSpec/CORE]: The comment on key server.tickDedupeLogicDisabled does not match the spec. This may create a backup.
[26Feb2026 22:11:29.333] [Server thread/WARN] [net.minecraftforge.common.ForgeConfigSpec/CORE]: Incorrect key server.canBePlacedInContainerItems was corrected from null to its default, false. 
[26Feb2026 22:11:29.342] [Server thread/DEBUG] [net.minecraftforge.common.ForgeConfigSpec/CORE]: The comment on key server.canBePlacedInContainerItems does not match the spec. This may create a backup.
[26Feb2026 22:11:29.342] [Server thread/DEBUG] [net.minecraftforge.common.ForgeConfigSpec/CORE]: The comment on key server does not match the spec. This may create a backup.
[26Feb2026 22:11:29.357] [Thread-1/DEBUG] [net.minecraftforge.fml.config.ConfigFileTypeHandler/CONFIG]: Config file sophisticatedbackpacks-server.toml changed, sending notifies
[26Feb2026 22:11:29.360] [Server thread/DEBUG] [net.minecraftforge.fml.config.ConfigFileTypeHandler/CONFIG]: Built TOML config for ./world/serverconfig/forge-server.toml
[26Feb2026 22:11:29.368] [Server thread/DEBUG] [net.minecraftforge.fml.config.ConfigFileTypeHandler/CONFIG]: Loaded TOML config file ./world/serverconfig/forge-server.toml
[26Feb2026 22:11:29.370] [Server thread/DEBUG] [net.minecraftforge.fml.config.ConfigFileTypeHandler/CONFIG]: Watching TOML config file ./world/serverconfig/forge-server.toml for changes
[26Feb2026 22:11:29.370] [Server thread/DEBUG] [net.minecraftforge.common.ForgeConfig/FORGEMOD]: Loaded forge config file forge-server.toml
[26Feb2026 22:11:29.370] [Thread-1/DEBUG] [net.minecraftforge.fml.config.ConfigFileTypeHandler/CONFIG]: Config file forge-server.toml changed, sending notifies
[26Feb2026 22:11:29.370] [Thread-1/DEBUG] [net.minecraftforge.common.ForgeConfig/FORGEMOD]: Forge config just got changed on the file system!
[26Feb2026 22:11:29.371] [Thread-1/DEBUG] [net.minecraftforge.fml.config.ConfigFileTypeHandler/CONFIG]: Config file forge-server.toml changed, sending notifies
[26Feb2026 22:11:29.371] [Thread-1/DEBUG] [net.minecraftforge.common.ForgeConfig/FORGEMOD]: Forge config just got changed on the file system!
[26Feb2026 22:11:29.488] [Server thread/INFO] [Framework/]: Loading server configs...
[26Feb2026 22:11:29.511] [Server thread/DEBUG] [Framework/]: Started watching config: /workspaces/MI-serverXDD/servidor_minecraft/config/refurbished_furniture.server.toml
[26Feb2026 22:11:29.511] [Server thread/INFO] [net.minecraft.server.dedicated.DedicatedServer/]: Preparing level "world"
[26Feb2026 22:11:29.543] [Server thread/DEBUG] [net.minecraftforge.coremod.transformer.CoreModBaseTransformer/COREMOD]: Transforming net/minecraft/world/level/levelgen/PhantomSpawner
[26Feb2026 22:11:29.576] [Server thread/DEBUG] [net.minecraftforge.coremod.transformer.CoreModBaseTransformer/COREMOD]: Transforming net/minecraft/world/level/levelgen/PatrolSpawner
[26Feb2026 22:11:29.593] [Server thread/DEBUG] [net.minecraftforge.coremod.transformer.CoreModBaseTransformer/COREMOD]: Transforming net/minecraft/world/entity/npc/CatSpawner
[26Feb2026 22:11:29.604] [Server thread/DEBUG] [net.minecraftforge.coremod.transformer.CoreModBaseTransformer/COREMOD]: Transforming net/minecraft/world/entity/ai/village/VillageSiege
[26Feb2026 22:11:38.242] [Server thread/INFO] [net.minecraft.server.MinecraftServer/]: Preparing start region for dimension minecraft:overworld
[26Feb2026 22:11:41.110] [Server thread/DEBUG] [mixin/]: Mixing MixinChunkSerializer from architectury.mixins.json into net.minecraft.world.level.chunk.storage.ChunkSerializer
[26Feb2026 22:11:43.970] [Worker-Main-1/INFO] [net.minecraft.server.level.progress.LoggerChunkProgressListener/]: Preparing spawn area: 0%
[26Feb2026 22:11:43.971] [Worker-Main-1/INFO] [net.minecraft.server.level.progress.LoggerChunkProgressListener/]: Preparing spawn area: 0%
[26Feb2026 22:11:43.977] [Worker-Main-1/INFO] [net.minecraft.server.level.progress.LoggerChunkProgressListener/]: Preparing spawn area: 0%
[26Feb2026 22:11:43.979] [Worker-Main-1/INFO] [net.minecraft.server.level.progress.LoggerChunkProgressListener/]: Preparing spawn area: 0%
[26Feb2026 22:11:43.983] [Worker-Main-1/INFO] [net.minecraft.server.level.progress.LoggerChunkProgressListener/]: Preparing spawn area: 0%
[26Feb2026 22:11:43.984] [Worker-Main-1/INFO] [net.minecraft.server.level.progress.LoggerChunkProgressListener/]: Preparing spawn area: 0%
[26Feb2026 22:11:43.990] [Worker-Main-1/INFO] [net.minecraft.server.level.progress.LoggerChunkProgressListener/]: Preparing spawn area: 0%
[26Feb2026 22:11:43.995] [Worker-Main-1/INFO] [net.minecraft.server.level.progress.LoggerChunkProgressListener/]: Preparing spawn area: 0%
[26Feb2026 22:11:43.996] [Worker-Main-1/INFO] [net.minecraft.server.level.progress.LoggerChunkProgressListener/]: Preparing spawn area: 0%
[26Feb2026 22:11:43.998] [Worker-Main-1/INFO] [net.minecraft.server.level.progress.LoggerChunkProgressListener/]: Preparing spawn area: 0%
[26Feb2026 22:11:44.318] [Worker-Main-1/INFO] [net.minecraft.server.level.progress.LoggerChunkProgressListener/]: Preparing spawn area: 0%
[26Feb2026 22:11:44.325] [Worker-Main-1/INFO] [net.minecraft.server.level.progress.LoggerChunkProgressListener/]: Preparing spawn area: 0%
[26Feb2026 22:11:44.351] [Worker-Main-1/INFO] [net.minecraft.server.level.progress.LoggerChunkProgressListener/]: Preparing spawn area: 0%
[26Feb2026 22:11:44.956] [Worker-Main-1/INFO] [net.minecraft.server.level.progress.LoggerChunkProgressListener/]: Preparing spawn area: 0%
[26Feb2026 22:11:45.248] [Worker-Main-1/INFO] [net.minecraft.server.level.progress.LoggerChunkProgressListener/]: Preparing spawn area: 0%
[26Feb2026 22:11:45.745] [Worker-Main-1/INFO] [net.minecraft.server.level.progress.LoggerChunkProgressListener/]: Preparing spawn area: 0%
[26Feb2026 22:11:46.270] [Worker-Main-1/INFO] [net.minecraft.server.level.progress.LoggerChunkProgressListener/]: Preparing spawn area: 0%
[26Feb2026 22:11:46.762] [Worker-Main-1/INFO] [net.minecraft.server.level.progress.LoggerChunkProgressListener/]: Preparing spawn area: 0%
[26Feb2026 22:11:47.257] [Worker-Main-1/INFO] [net.minecraft.server.level.progress.LoggerChunkProgressListener/]: Preparing spawn area: 0%
[26Feb2026 22:11:47.756] [Worker-Main-1/INFO] [net.minecraft.server.level.progress.LoggerChunkProgressListener/]: Preparing spawn area: 0%
[26Feb2026 22:11:48.289] [Worker-Main-1/INFO] [net.minecraft.server.level.progress.LoggerChunkProgressListener/]: Preparing spawn area: 0%
[26Feb2026 22:11:48.366] [Server thread/DEBUG] [net.minecraftforge.coremod.transformer.CoreModBaseTransformer/COREMOD]: Transforming net/minecraft/world/level/levelgen/structure/templatesystem/StructureTemplate
[26Feb2026 22:11:48.770] [Worker-Main-1/INFO] [net.minecraft.server.level.progress.LoggerChunkProgressListener/]: Preparing spawn area: 0%
[26Feb2026 22:11:49.248] [Worker-Main-1/INFO] [net.minecraft.server.level.progress.LoggerChunkProgressListener/]: Preparing spawn area: 0%
[26Feb2026 22:11:49.746] [Worker-Main-1/INFO] [net.minecraft.server.level.progress.LoggerChunkProgressListener/]: Preparing spawn area: 1%
[26Feb2026 22:11:50.250] [Worker-Main-1/INFO] [net.minecraft.server.level.progress.LoggerChunkProgressListener/]: Preparing spawn area: 1%
[26Feb2026 22:11:50.750] [Worker-Main-1/INFO] [net.minecraft.server.level.progress.LoggerChunkProgressListener/]: Preparing spawn area: 2%
[26Feb2026 22:11:51.338] [Worker-Main-1/INFO] [net.minecraft.server.level.progress.LoggerChunkProgressListener/]: Preparing spawn area: 4%
[26Feb2026 22:11:51.750] [Worker-Main-1/INFO] [net.minecraft.server.level.progress.LoggerChunkProgressListener/]: Preparing spawn area: 4%
[26Feb2026 22:11:52.289] [Worker-Main-1/INFO] [net.minecraft.server.level.progress.LoggerChunkProgressListener/]: Preparing spawn area: 6%
[26Feb2026 22:11:52.747] [Worker-Main-1/INFO] [net.minecraft.server.level.progress.LoggerChunkProgressListener/]: Preparing spawn area: 10%
[26Feb2026 22:11:53.251] [Worker-Main-1/INFO] [net.minecraft.server.level.progress.LoggerChunkProgressListener/]: Preparing spawn area: 13%
[26Feb2026 22:11:53.746] [Worker-Main-1/INFO] [net.minecraft.server.level.progress.LoggerChunkProgressListener/]: Preparing spawn area: 13%
[26Feb2026 22:11:54.244] [Worker-Main-1/INFO] [net.minecraft.server.level.progress.LoggerChunkProgressListener/]: Preparing spawn area: 15%
[26Feb2026 22:11:54.912] [Worker-Main-1/INFO] [net.minecraft.server.level.progress.LoggerChunkProgressListener/]: Preparing spawn area: 18%
[26Feb2026 22:11:55.392] [Worker-Main-1/INFO] [net.minecraft.server.level.progress.LoggerChunkProgressListener/]: Preparing spawn area: 18%
[26Feb2026 22:11:55.746] [Worker-Main-1/INFO] [net.minecraft.server.level.progress.LoggerChunkProgressListener/]: Preparing spawn area: 31%
[26Feb2026 22:11:56.246] [Worker-Main-1/INFO] [net.minecraft.server.level.progress.LoggerChunkProgressListener/]: Preparing spawn area: 36%
[26Feb2026 22:11:56.754] [Worker-Main-1/INFO] [net.minecraft.server.level.progress.LoggerChunkProgressListener/]: Preparing spawn area: 40%
[26Feb2026 22:11:57.252] [Worker-Main-1/INFO] [net.minecraft.server.level.progress.LoggerChunkProgressListener/]: Preparing spawn area: 50%
[26Feb2026 22:11:57.772] [Worker-Main-1/INFO] [net.minecraft.server.level.progress.LoggerChunkProgressListener/]: Preparing spawn area: 64%
[26Feb2026 22:11:58.245] [Worker-Main-1/INFO] [net.minecraft.server.level.progress.LoggerChunkProgressListener/]: Preparing spawn area: 68%
[26Feb2026 22:11:58.744] [Worker-Main-1/INFO] [net.minecraft.server.level.progress.LoggerChunkProgressListener/]: Preparing spawn area: 83%
[26Feb2026 22:11:59.062] [Server thread/INFO] [net.minecraft.server.level.progress.LoggerChunkProgressListener/]: Time elapsed: 20819 ms
[26Feb2026 22:11:59.063] [Server thread/INFO] [net.minecraft.server.dedicated.DedicatedServer/]: Done (30.066s)! For help, type "help"
[26Feb2026 22:11:59.088] [Server thread/DEBUG] [net.minecraftforge.network.DualStackUtils/]: Detected IPv6 address: "0:0:0:0:0:0:0:0"
[26Feb2026 22:11:59.284] [Server thread/DEBUG] [net.minecraftforge.common.ForgeI18n/CORE]: Loading I18N data entries: 3921
[26Feb2026 22:11:59.296] [Server thread/INFO] [net.minecraftforge.server.permission.PermissionAPI/]: Successfully initialized permission handler forge:default_handler
[26Feb2026 22:11:59.543] [Server thread/DEBUG] [io.netty.buffer.AbstractByteBuf/]: -Dio.netty.buffer.checkAccessible: true
[26Feb2026 22:11:59.544] [Server thread/DEBUG] [io.netty.buffer.AbstractByteBuf/]: -Dio.netty.buffer.checkBounds: true
[26Feb2026 22:11:59.550] [Server thread/DEBUG] [io.netty.util.ResourceLeakDetectorFactory/]: Loaded default ResourceLeakDetector: io.netty.util.ResourceLeakDetector@7a5cabdf
[26Feb2026 22:11:59.574] [Server thread/INFO] [net.minecraft.server.MinecraftServer/]: Stopping server
[26Feb2026 22:11:59.580] [Server thread/INFO] [net.minecraft.server.MinecraftServer/]: Saving players
[26Feb2026 22:11:59.581] [Server thread/INFO] [net.minecraft.server.MinecraftServer/]: Saving worlds
[26Feb2026 22:12:03.029] [Server thread/INFO] [net.minecraft.server.MinecraftServer/]: Saving chunks for level 'ServerLevel[world]'/minecraft:overworld
[26Feb2026 22:12:08.940] [Server thread/INFO] [net.minecraft.server.MinecraftServer/]: Saving chunks for level 'ServerLevel[world]'/minecraft:the_end
[26Feb2026 22:12:08.947] [Server thread/INFO] [net.minecraft.server.MinecraftServer/]: Saving chunks for level 'ServerLevel[world]'/minecraft:the_nether
[26Feb2026 22:12:08.956] [Server thread/DEBUG] [net.minecraftforge.common.ForgeHooks/WP]: Gathering id map for writing to world save world
[26Feb2026 22:12:09.005] [Server thread/DEBUG] [net.minecraftforge.common.ForgeHooks/WP]: ID Map collection complete world
[26Feb2026 22:12:09.103] [Server thread/INFO] [net.minecraft.server.MinecraftServer/]: ThreadedAnvilChunkStorage (world): All chunks are saved
[26Feb2026 22:12:09.103] [Server thread/INFO] [net.minecraft.server.MinecraftServer/]: ThreadedAnvilChunkStorage (DIM1): All chunks are saved
[26Feb2026 22:12:09.104] [Server thread/INFO] [net.minecraft.server.MinecraftServer/]: ThreadedAnvilChunkStorage (DIM-1): All chunks are saved
[26Feb2026 22:12:09.104] [Server thread/INFO] [net.minecraft.server.MinecraftServer/]: ThreadedAnvilChunkStorage: All dimensions are saved
[26Feb2026 22:12:09.210] [Server thread/INFO] [Framework/]: Unloading server configs...
[26Feb2026 22:12:09.212] [Server thread/DEBUG] [Framework/]: Stopped watching config: /workspaces/MI-serverXDD/servidor_minecraft/config/refurbished_furniture.server.toml
[26Feb2026 22:12:09.212] [Server thread/INFO] [Framework/]: Sending config unload event for refurbished_furniture.server.toml
[26Feb2026 22:12:09.234] [Server thread/INFO] [Framework/]: Finished unloading server configs
[26Feb2026 22:12:09.237] [Server thread/DEBUG] [Framework/]: Stopping config watcher
[26Feb2026 22:12:09.237] [Server thread/DEBUG] [net.minecraftforge.fml.config.ConfigTracker/CONFIG]: Unloading configs type SERVER
[26Feb2026 22:12:09.244] [Server thread/INFO] [journeymap/]: Loading JourneyMap Forge Configs
