[26Feb2026 22:10:35.574] [main/INFO] [cpw.mods.modlauncher.Launcher/MODLAUNCHER]: ModLauncher running: args [--launchTarget, forgeserver, --fml.forgeVersion, 47.3.7, --fml.mcVersion, 1.20.1, --fml.forgeGroup, net.minecraftforge, --fml.mcpVersion, 20230612.114412, nogui]
[26Feb2026 22:10:35.578] [main/INFO] [cpw.mods.modlauncher.Launcher/MODLAUNCHER]: ModLauncher 10.0.9+10.0.9+main.dcd20f30 starting: java version 17.0.18 by Ubuntu; OS Linux arch amd64 version 6.8.0-1044-azure
[26Feb2026 22:10:36.740] [main/INFO] [net.minecraftforge.fml.loading.ImmediateWindowHandler/]: ImmediateWindowProvider not loading because launch target is forgeserver
[26Feb2026 22:10:36.818] [main/INFO] [mixin/]: SpongePowered MIXIN Subsystem Version=0.8.5 Source=union:/workspaces/MI-serverXDD/servidor_minecraft/libraries/org/spongepowered/mixin/0.8.5/mixin-0.8.5.jar%2365!/ Service=ModLauncher Env=SERVER
[26Feb2026 22:10:37.230] [main/WARN] [net.minecraftforge.fml.loading.moddiscovery.ModFileParser/LOADING]: Mod file /workspaces/MI-serverXDD/servidor_minecraft/libraries/net/minecraftforge/fmlcore/1.20.1-47.3.7/fmlcore-1.20.1-47.3.7.jar is missing mods.toml file
[26Feb2026 22:10:37.232] [main/WARN] [net.minecraftforge.fml.loading.moddiscovery.ModFileParser/LOADING]: Mod file /workspaces/MI-serverXDD/servidor_minecraft/libraries/net/minecraftforge/javafmllanguage/1.20.1-47.3.7/javafmllanguage-1.20.1-47.3.7.jar is missing mods.toml file
[26Feb2026 22:10:37.236] [main/WARN] [net.minecraftforge.fml.loading.moddiscovery.ModFileParser/LOADING]: Mod file /workspaces/MI-serverXDD/servidor_minecraft/libraries/net/minecraftforge/lowcodelanguage/1.20.1-47.3.7/lowcodelanguage-1.20.1-47.3.7.jar is missing mods.toml file
[26Feb2026 22:10:37.239] [main/WARN] [net.minecraftforge.fml.loading.moddiscovery.ModFileParser/LOADING]: Mod file /workspaces/MI-serverXDD/servidor_minecraft/libraries/net/minecraftforge/mclanguage/1.20.1-47.3.7/mclanguage-1.20.1-47.3.7.jar is missing mods.toml file
[26Feb2026 22:10:37.586] [main/INFO] [net.minecraftforge.fml.loading.moddiscovery.JarInJarDependencyLocator/]: Found 11 dependencies adding them to mods collection
[26Feb2026 22:10:42.293] [main/INFO] [mixin/]: Compatibility level set to JAVA_17
[26Feb2026 22:10:42.462] [main/INFO] [cpw.mods.modlauncher.LaunchServiceHandler/MODLAUNCHER]: Launching target 'forgeserver' with arguments [nogui]
[26Feb2026 22:10:42.617] [main/WARN] [mixin/]: Reference map 'handcrafted-forge-1.20.1-forge-refmap.json' for handcrafted.mixins.json could not be read. If this is a development environment you can ignore this message
[26Feb2026 22:10:42.659] [main/WARN] [mixin/]: Reference map 'cookingforblockheads.refmap.json' for cookingforblockheads.mixins.json could not be read. If this is a development environment you can ignore this message
[26Feb2026 22:10:56.746] [main/WARN] [mixin/]: @Inject(@At("INVOKE_ASSIGN")) Shift.BY=2 on refurbished_furniture.common.mixins.json:LevelChunkMixin::handler$zbh000$refurbishedFurniture$AfterRemoveBlockEntity exceeds the maximum allowed value: 0. Increase the value of maxShiftBy to suppress this warning.
[26Feb2026 22:11:00.100] [modloading-worker-0/INFO] [dev.architectury.networking.forge.NetworkManagerImpl/]: Registering C2S receiver with id architectury:sync_ids
[26Feb2026 22:11:00.105] [modloading-worker-0/INFO] [dev.architectury.networking.forge.NetworkManagerImpl/]: Registering C2S receiver with id ftbultimine:key_pressed
[26Feb2026 22:11:00.106] [modloading-worker-0/INFO] [dev.architectury.networking.forge.NetworkManagerImpl/]: Registering C2S receiver with id ftbultimine:mode_changed
[26Feb2026 22:11:00.112] [modloading-worker-0/INFO] [dev.architectury.networking.forge.NetworkManagerImpl/]: Registering C2S receiver with id ftbultimine:sync_config_to_server
[26Feb2026 22:11:00.219] [modloading-worker-0/INFO] [net.blay09.mods.balm.forge.config.ForgeBalmConfig/]: Registering config for cookingforblockheads:common (COMMON) with 11 properties.
[26Feb2026 22:11:00.599] [modloading-worker-0/INFO] [dev.architectury.networking.forge.NetworkManagerImpl/]: Registering C2S receiver with id ftblibrary:edit_nbt_response
[26Feb2026 22:11:01.037] [modloading-worker-0/INFO] [net.minecraftforge.common.ForgeMod/FORGEMOD]: Forge mod loading, version 47.3.7, for MC 1.20.1 with MCP 20230612.114412
[26Feb2026 22:11:01.040] [modloading-worker-0/INFO] [net.minecraftforge.common.MinecraftForge/FORGE]: MinecraftForge v47.3.7 Initialized
[26Feb2026 22:11:07.654] [main/WARN] [net.minecraftforge.common.ForgeConfigSpec/CORE]: Configuration file /workspaces/MI-serverXDD/servidor_minecraft/config/sophisticatedcore-common.toml is not correct. Correcting
[26Feb2026 22:11:07.659] [main/WARN] [net.minecraftforge.common.ForgeConfigSpec/CORE]: Incorrect key common was corrected from null to its default, SimpleCommentedConfig:{}. 
[26Feb2026 22:11:07.662] [main/WARN] [net.minecraftforge.common.ForgeConfigSpec/CORE]: Incorrect key common.enabledItems was corrected from null to its default, []. 
[26Feb2026 22:11:07.687] [main/WARN] [net.minecraftforge.common.ForgeConfigSpec/CORE]: Configuration file /workspaces/MI-serverXDD/servidor_minecraft/config/sophisticatedbackpacks-common.toml is not correct. Correcting
[26Feb2026 22:11:07.689] [main/WARN] [net.minecraftforge.common.ForgeConfigSpec/CORE]: Incorrect key common was corrected from null to its default, SimpleCommentedConfig:{}. 
[26Feb2026 22:11:07.689] [main/WARN] [net.minecraftforge.common.ForgeConfigSpec/CORE]: Incorrect key common.chestLootEnabled was corrected from null to its default, true. 
[26Feb2026 22:11:07.983] [main/INFO] [journeymap/]: Initializing Packet Registries
[26Feb2026 22:11:08.225] [main/INFO] [Framework/SYNCED_ENTITY_DATA]: Registered synced data key refurbished_furniture:lock_yaw for refurbished_furniture:seat
[26Feb2026 22:11:08.729] [Forge Version Check/INFO] [net.minecraftforge.fml.VersionChecker/]: [journeymap] Starting version check at https://forge.curseupdate.com/32274/journeymap
[26Feb2026 22:11:09.596] [Forge Version Check/INFO] [net.minecraftforge.fml.VersionChecker/]: [journeymap] Found status: UP_TO_DATE Current: 5.10.3 Target: null
[26Feb2026 22:11:09.597] [Forge Version Check/INFO] [net.minecraftforge.fml.VersionChecker/]: [forge] Starting version check at https://files.minecraftforge.net/net/minecraftforge/forge/promotions_slim.json
[26Feb2026 22:11:09.748] [Forge Version Check/INFO] [net.minecraftforge.fml.VersionChecker/]: [forge] Found status: OUTDATED Current: 47.3.7 Target: 47.4.10
[26Feb2026 22:11:14.545] [main/INFO] [com.mojang.authlib.yggdrasil.YggdrasilAuthenticationService/]: Environment: authHost='https://authserver.mojang.com', accountsHost='https://api.mojang.com', sessionHost='https://sessionserver.mojang.com', servicesHost='https://api.minecraftservices.com', name='PROD'
[26Feb2026 22:11:14.906] [main/WARN] [net.minecraftforge.registries.ForgeRegistry/REGISTRIES]: Registry minecraft:block: Object did not get ID it asked for. Name: sophisticatedbackpacks:backpack Expected: 1463 Got: 2112
[26Feb2026 22:11:14.907] [main/WARN] [net.minecraftforge.registries.ForgeRegistry/REGISTRIES]: Registry minecraft:block: Object did not get ID it asked for. Name: sophisticatedbackpacks:copper_backpack Expected: 1464 Got: 2113
[26Feb2026 22:11:14.908] [main/WARN] [net.minecraftforge.registries.ForgeRegistry/REGISTRIES]: Registry minecraft:block: Object did not get ID it asked for. Name: sophisticatedbackpacks:iron_backpack Expected: 1465 Got: 2114
[26Feb2026 22:11:14.909] [main/WARN] [net.minecraftforge.registries.ForgeRegistry/REGISTRIES]: Registry minecraft:block: Object did not get ID it asked for. Name: sophisticatedbackpacks:gold_backpack Expected: 1466 Got: 2115
[26Feb2026 22:11:14.910] [main/WARN] [net.minecraftforge.registries.ForgeRegistry/REGISTRIES]: Registry minecraft:block: Object did not get ID it asked for. Name: sophisticatedbackpacks:diamond_backpack Expected: 1467 Got: 2116
[26Feb2026 22:11:14.910] [main/WARN] [net.minecraftforge.registries.ForgeRegistry/REGISTRIES]: Registry minecraft:block: Object did not get ID it asked for. Name: sophisticatedbackpacks:netherite_backpack Expected: 1468 Got: 2117
[26Feb2026 22:11:14.910] [main/WARN] [net.minecraftforge.registries.ForgeRegistry/REGISTRIES]: Registry minecraft:fluid: Object did not get ID it asked for. Name: sophisticatedcore:xp_still Expected: 5 Got: 119
[26Feb2026 22:11:14.910] [main/WARN] [net.minecraftforge.registries.ForgeRegistry/REGISTRIES]: Registry minecraft:fluid: Object did not get ID it asked for. Name: sophisticatedcore:xp_flowing Expected: 6 Got: 120
[26Feb2026 22:11:14.914] [main/WARN] [net.minecraftforge.registries.ForgeRegistry/REGISTRIES]: Registry minecraft:item: Object did not get ID it asked for. Name: sophisticatedbackpacks:backpack Expected: 1835 Got: 2579
[26Feb2026 22:11:14.915] [main/WARN] [net.minecraftforge.registries.ForgeRegistry/REGISTRIES]: Registry minecraft:item: Object did not get ID it asked for. Name: sophisticatedbackpacks:copper_backpack Expected: 1836 Got: 2580
[26Feb2026 22:11:14.915] [main/WARN] [net.minecraftforge.registries.ForgeRegistry/REGISTRIES]: Registry minecraft:item: Object did not get ID it asked for. Name: sophisticatedbackpacks:iron_backpack Expected: 1837 Got: 2581
[26Feb2026 22:11:14.916] [main/WARN] [net.minecraftforge.registries.ForgeRegistry/REGISTRIES]: Registry minecraft:item: Object did not get ID it asked for. Name: sophisticatedbackpacks:gold_backpack Expected: 1838 Got: 2582
[26Feb2026 22:11:14.916] [main/WARN] [net.minecraftforge.registries.ForgeRegistry/REGISTRIES]: Registry minecraft:item: Object did not get ID it asked for. Name: sophisticatedbackpacks:diamond_backpack Expected: 1839 Got: 2583
[26Feb2026 22:11:14.917] [main/WARN] [net.minecraftforge.registries.ForgeRegistry/REGISTRIES]: Registry minecraft:item: Object did not get ID it asked for. Name: sophisticatedbackpacks:netherite_backpack Expected: 1840 Got: 2584
[26Feb2026 22:11:14.918] [main/WARN] [net.minecraftforge.registries.ForgeRegistry/REGISTRIES]: Registry minecraft:item: Object did not get ID it asked for. Name: sophisticatedbackpacks:pickup_upgrade Expected: 1841 Got: 2585
[26Feb2026 22:11:14.919] [main/WARN] [net.minecraftforge.registries.ForgeRegistry/REGISTRIES]: Registry minecraft:item: Object did not get ID it asked for. Name: sophisticatedbackpacks:advanced_pickup_upgrade Expected: 1842 Got: 2586
[26Feb2026 22:11:14.919] [main/WARN] [net.minecraftforge.registries.ForgeRegistry/REGISTRIES]: Registry minecraft:item: Object did not get ID it asked for. Name: sophisticatedbackpacks:filter_upgrade Expected: 1843 Got: 2587
[26Feb2026 22:11:14.919] [main/WARN] [net.minecraftforge.registries.ForgeRegistry/REGISTRIES]: Registry minecraft:item: Object did not get ID it asked for. Name: sophisticatedbackpacks:advanced_filter_upgrade Expected: 1844 Got: 2588
[26Feb2026 22:11:14.919] [main/WARN] [net.minecraftforge.registries.ForgeRegistry/REGISTRIES]: Registry minecraft:item: Object did not get ID it asked for. Name: sophisticatedbackpacks:magnet_upgrade Expected: 1845 Got: 2589
[26Feb2026 22:11:14.920] [main/WARN] [net.minecraftforge.registries.ForgeRegistry/REGISTRIES]: Registry minecraft:item: Object did not get ID it asked for. Name: sophisticatedbackpacks:advanced_magnet_upgrade Expected: 1846 Got: 2590
[26Feb2026 22:11:14.920] [main/WARN] [net.minecraftforge.registries.ForgeRegistry/REGISTRIES]: Registry minecraft:item: Object did not get ID it asked for. Name: sophisticatedbackpacks:feeding_upgrade Expected: 1847 Got: 2591
[26Feb2026 22:11:14.920] [main/WARN] [net.minecraftforge.registries.ForgeRegistry/REGISTRIES]: Registry minecraft:item: Object did not get ID it asked for. Name: sophisticatedbackpacks:advanced_feeding_upgrade Expected: 1848 Got: 2592
[26Feb2026 22:11:14.921] [main/WARN] [net.minecraftforge.registries.ForgeRegistry/REGISTRIES]: Registry minecraft:item: Object did not get ID it asked for. Name: sophisticatedbackpacks:compacting_upgrade Expected: 1849 Got: 2593
[26Feb2026 22:11:14.921] [main/WARN] [net.minecraftforge.registries.ForgeRegistry/REGISTRIES]: Registry minecraft:item: Object did not get ID it asked for. Name: sophisticatedbackpacks:advanced_compacting_upgrade Expected: 1850 Got: 2594
[26Feb2026 22:11:14.922] [main/WARN] [net.minecraftforge.registries.ForgeRegistry/REGISTRIES]: Registry minecraft:item: Object did not get ID it asked for. Name: sophisticatedbackpacks:void_upgrade Expected: 1851 Got: 2595
[26Feb2026 22:11:14.922] [main/WARN] [net.minecraftforge.registries.ForgeRegistry/REGISTRIES]: Registry minecraft:item: Object did not get ID it asked for. Name: sophisticatedbackpacks:advanced_void_upgrade Expected: 1852 Got: 2596
[26Feb2026 22:11:14.923] [main/WARN] [net.minecraftforge.registries.ForgeRegistry/REGISTRIES]: Registry minecraft:item: Object did not get ID it asked for. Name: sophisticatedbackpacks:restock_upgrade Expected: 1853 Got: 2597
[26Feb2026 22:11:14.923] [main/WARN] [net.minecraftforge.registries.ForgeRegistry/REGISTRIES]: Registry minecraft:item: Object did not get ID it asked for. Name: sophisticatedbackpacks:advanced_restock_upgrade Expected: 1854 Got: 2598
[26Feb2026 22:11:14.925] [main/WARN] [net.minecraftforge.registries.ForgeRegistry/REGISTRIES]: Registry minecraft:item: Object did not get ID it asked for. Name: sophisticatedbackpacks:deposit_upgrade Expected: 1855 Got: 2599
[26Feb2026 22:11:14.925] [main/WARN] [net.minecraftforge.registries.ForgeRegistry/REGISTRIES]: Registry minecraft:item: Object did not get ID it asked for. Name: sophisticatedbackpacks:advanced_deposit_upgrade Expected: 1856 Got: 2600
[26Feb2026 22:11:14.925] [main/WARN] [net.minecraftforge.registries.ForgeRegistry/REGISTRIES]: Registry minecraft:item: Object did not get ID it asked for. Name: sophisticatedbackpacks:refill_upgrade Expected: 1857 Got: 2601
[26Feb2026 22:11:14.925] [main/WARN] [net.minecraftforge.registries.ForgeRegistry/REGISTRIES]: Registry minecraft:item: Object did not get ID it asked for. Name: sophisticatedbackpacks:advanced_refill_upgrade Expected: 1858 Got: 2602
[26Feb2026 22:11:14.926] [main/WARN] [net.minecraftforge.registries.ForgeRegistry/REGISTRIES]: Registry minecraft:item: Object did not get ID it asked for. Name: sophisticatedbackpacks:inception_upgrade Expected: 1859 Got: 2603
[26Feb2026 22:11:14.927] [main/WARN] [net.minecraftforge.registries.ForgeRegistry/REGISTRIES]: Registry minecraft:item: Object did not get ID it asked for. Name: sophisticatedbackpacks:everlasting_upgrade Expected: 1860 Got: 2604
[26Feb2026 22:11:14.928] [main/WARN] [net.minecraftforge.registries.ForgeRegistry/REGISTRIES]: Registry minecraft:item: Object did not get ID it asked for. Name: sophisticatedbackpacks:smelting_upgrade Expected: 1861 Got: 2605
[26Feb2026 22:11:14.930] [main/WARN] [net.minecraftforge.registries.ForgeRegistry/REGISTRIES]: Registry minecraft:item: Object did not get ID it asked for. Name: sophisticatedbackpacks:auto_smelting_upgrade Expected: 1862 Got: 2606
[26Feb2026 22:11:14.930] [main/WARN] [net.minecraftforge.registries.ForgeRegistry/REGISTRIES]: Registry minecraft:item: Object did not get ID it asked for. Name: sophisticatedbackpacks:smoking_upgrade Expected: 1863 Got: 2607
[26Feb2026 22:11:14.930] [main/WARN] [net.minecraftforge.registries.ForgeRegistry/REGISTRIES]: Registry minecraft:item: Object did not get ID it asked for. Name: sophisticatedbackpacks:auto_smoking_upgrade Expected: 1864 Got: 2608
[26Feb2026 22:11:14.930] [main/WARN] [net.minecraftforge.registries.ForgeRegistry/REGISTRIES]: Registry minecraft:item: Object did not get ID it asked for. Name: sophisticatedbackpacks:blasting_upgrade Expected: 1865 Got: 2609
[26Feb2026 22:11:14.930] [main/WARN] [net.minecraftforge.registries.ForgeRegistry/REGISTRIES]: Registry minecraft:item: Object did not get ID it asked for. Name: sophisticatedbackpacks:auto_blasting_upgrade Expected: 1866 Got: 2610
[26Feb2026 22:11:14.930] [main/WARN] [net.minecraftforge.registries.ForgeRegistry/REGISTRIES]: Registry minecraft:item: Object did not get ID it asked for. Name: sophisticatedbackpacks:crafting_upgrade Expected: 1867 Got: 2611
[26Feb2026 22:11:14.931] [main/WARN] [net.minecraftforge.registries.ForgeRegistry/REGISTRIES]: Registry minecraft:item: Object did not get ID it asked for. Name: sophisticatedbackpacks:stonecutter_upgrade Expected: 1868 Got: 2612
[26Feb2026 22:11:14.931] [main/WARN] [net.minecraftforge.registries.ForgeRegistry/REGISTRIES]: Registry minecraft:item: Object did not get ID it asked for. Name: sophisticatedbackpacks:stack_upgrade_starter_tier Expected: 1869 Got: 2613
[26Feb2026 22:11:14.931] [main/WARN] [net.minecraftforge.registries.ForgeRegistry/REGISTRIES]: Registry minecraft:item: Object did not get ID it asked for. Name: sophisticatedbackpacks:stack_upgrade_tier_1 Expected: 1870 Got: 2614
[26Feb2026 22:11:14.931] [main/WARN] [net.minecraftforge.registries.ForgeRegistry/REGISTRIES]: Registry minecraft:item: Object did not get ID it asked for. Name: sophisticatedbackpacks:stack_upgrade_tier_2 Expected: 1871 Got: 2615
[26Feb2026 22:11:14.932] [main/WARN] [net.minecraftforge.registries.ForgeRegistry/REGISTRIES]: Registry minecraft:item: Object did not get ID it asked for. Name: sophisticatedbackpacks:stack_upgrade_tier_3 Expected: 1872 Got: 2616
[26Feb2026 22:11:14.932] [main/WARN] [net.minecraftforge.registries.ForgeRegistry/REGISTRIES]: Registry minecraft:item: Object did not get ID it asked for. Name: sophisticatedbackpacks:stack_upgrade_tier_4 Expected: 1873 Got: 2617
[26Feb2026 22:11:14.933] [main/WARN] [net.minecraftforge.registries.ForgeRegistry/REGISTRIES]: Registry minecraft:item: Object did not get ID it asked for. Name: sophisticatedbackpacks:stack_downgrade_tier_1 Expected: 1874 Got: 2618
[26Feb2026 22:11:14.934] [main/WARN] [net.minecraftforge.registries.ForgeRegistry/REGISTRIES]: Registry minecraft:item: Object did not get ID it asked for. Name: sophisticatedbackpacks:stack_downgrade_tier_2 Expected: 1875 Got: 2619
[26Feb2026 22:11:14.934] [main/WARN] [net.minecraftforge.registries.ForgeRegistry/REGISTRIES]: Registry minecraft:item: Object did not get ID it asked for. Name: sophisticatedbackpacks:stack_downgrade_tier_3 Expected: 1876 Got: 2620
[26Feb2026 22:11:14.935] [main/WARN] [net.minecraftforge.registries.ForgeRegistry/REGISTRIES]: Registry minecraft:item: Object did not get ID it asked for. Name: sophisticatedbackpacks:stack_upgrade_omega_tier Expected: 1877 Got: 2621
[26Feb2026 22:11:14.935] [main/WARN] [net.minecraftforge.registries.ForgeRegistry/REGISTRIES]: Registry minecraft:item: Object did not get ID it asked for. Name: sophisticatedbackpacks:jukebox_upgrade Expected: 1878 Got: 2622
[26Feb2026 22:11:14.936] [main/WARN] [net.minecraftforge.registries.ForgeRegistry/REGISTRIES]: Registry minecraft:item: Object did not get ID it asked for. Name: sophisticatedbackpacks:advanced_jukebox_upgrade Expected: 1879 Got: 2623
[26Feb2026 22:11:14.936] [main/WARN] [net.minecraftforge.registries.ForgeRegistry/REGISTRIES]: Registry minecraft:item: Object did not get ID it asked for. Name: sophisticatedbackpacks:tool_swapper_upgrade Expected: 1880 Got: 2624
[26Feb2026 22:11:14.937] [main/WARN] [net.minecraftforge.registries.ForgeRegistry/REGISTRIES]: Registry minecraft:item: Object did not get ID it asked for. Name: sophisticatedbackpacks:advanced_tool_swapper_upgrade Expected: 1881 Got: 2625
[26Feb2026 22:11:14.939] [main/WARN] [net.minecraftforge.registries.ForgeRegistry/REGISTRIES]: Registry minecraft:item: Object did not get ID it asked for. Name: sophisticatedbackpacks:tank_upgrade Expected: 1882 Got: 2626
[26Feb2026 22:11:14.939] [main/WARN] [net.minecraftforge.registries.ForgeRegistry/REGISTRIES]: Registry minecraft:item: Object did not get ID it asked for. Name: sophisticatedbackpacks:battery_upgrade Expected: 1883 Got: 2627
[26Feb2026 22:11:14.939] [main/WARN] [net.minecraftforge.registries.ForgeRegistry/REGISTRIES]: Registry minecraft:item: Object did not get ID it asked for. Name: sophisticatedbackpacks:pump_upgrade Expected: 1884 Got: 2628
[26Feb2026 22:11:14.939] [main/WARN] [net.minecraftforge.registries.ForgeRegistry/REGISTRIES]: Registry minecraft:item: Object did not get ID it asked for. Name: sophisticatedbackpacks:advanced_pump_upgrade Expected: 1885 Got: 2629
[26Feb2026 22:11:14.940] [main/WARN] [net.minecraftforge.registries.ForgeRegistry/REGISTRIES]: Registry minecraft:item: Object did not get ID it asked for. Name: sophisticatedbackpacks:xp_pump_upgrade Expected: 1886 Got: 2630
[26Feb2026 22:11:14.940] [main/WARN] [net.minecraftforge.registries.ForgeRegistry/REGISTRIES]: Registry minecraft:item: Object did not get ID it asked for. Name: sophisticatedbackpacks:anvil_upgrade Expected: 1887 Got: 2631
[26Feb2026 22:11:14.941] [main/WARN] [net.minecraftforge.registries.ForgeRegistry/REGISTRIES]: Registry minecraft:item: Object did not get ID it asked for. Name: sophisticatedbackpacks:smithing_upgrade Expected: 1888 Got: 2632
[26Feb2026 22:11:14.941] [main/WARN] [net.minecraftforge.registries.ForgeRegistry/REGISTRIES]: Registry minecraft:item: Object did not get ID it asked for. Name: sophisticatedbackpacks:infinity_upgrade Expected: 1889 Got: 2633
[26Feb2026 22:11:14.942] [main/WARN] [net.minecraftforge.registries.ForgeRegistry/REGISTRIES]: Registry minecraft:item: Object did not get ID it asked for. Name: sophisticatedbackpacks:survival_infinity_upgrade Expected: 1890 Got: 2634
[26Feb2026 22:11:14.944] [main/WARN] [net.minecraftforge.registries.ForgeRegistry/REGISTRIES]: Registry minecraft:item: Object did not get ID it asked for. Name: sophisticatedbackpacks:alchemy_upgrade Expected: 1891 Got: 2635
[26Feb2026 22:11:14.944] [main/WARN] [net.minecraftforge.registries.ForgeRegistry/REGISTRIES]: Registry minecraft:item: Object did not get ID it asked for. Name: sophisticatedbackpacks:advanced_alchemy_upgrade Expected: 1892 Got: 2636
[26Feb2026 22:11:14.944] [main/WARN] [net.minecraftforge.registries.ForgeRegistry/REGISTRIES]: Registry minecraft:item: Object did not get ID it asked for. Name: sophisticatedbackpacks:upgrade_base Expected: 1893 Got: 2637
[26Feb2026 22:11:14.947] [main/WARN] [net.minecraftforge.registries.ForgeRegistry/REGISTRIES]: Registry minecraft:entity_type: Object did not get ID it asked for. Name: sophisticatedbackpacks:everlasting_backpack_item Expected: 127 Got: 128
[26Feb2026 22:11:18.172] [main/WARN] [net.minecraft.server.packs.VanillaPackResourcesBuilder/]: Assets URL 'union:/workspaces/MI-serverXDD/servidor_minecraft/libraries/net/minecraft/server/1.20.1-20230612.114412/server-1.20.1-20230612.114412-srg.jar%23137!/assets/.mcassetsroot' uses unexpected schema
[26Feb2026 22:11:18.173] [main/WARN] [net.minecraft.server.packs.VanillaPackResourcesBuilder/]: Assets URL 'union:/workspaces/MI-serverXDD/servidor_minecraft/libraries/net/minecraft/server/1.20.1-20230612.114412/server-1.20.1-20230612.114412-srg.jar%23137!/data/.mcassetsroot' uses unexpected schema
[26Feb2026 22:11:22.245] [Worker-Main-1/ERROR] [net.minecraftforge.common.ForgeHooks/]: Couldn't parse element loot_tables:culturaldelights:blocks/exotic_roll_medley_block
com.google.gson.JsonSyntaxException: Expected name to be an item, was unknown string 'culturaldelights:exotic_roll_medley_block'
	at net.minecraft.util.GsonHelper.m_13866_(GsonHelper.java:145) ~[server-1.20.1-20230612.114412-srg.jar%23137!/:?]
	at java.util.Optional.orElseThrow(Optional.java:403) ~[?:?]
	at net.minecraft.util.GsonHelper.m_13874_(GsonHelper.java:145) ~[server-1.20.1-20230612.114412-srg.jar%23137!/:?]
	at net.minecraft.util.GsonHelper.m_13909_(GsonHelper.java:153) ~[server-1.20.1-20230612.114412-srg.jar%23137!/:?]
	at net.minecraft.world.level.storage.loot.entries.LootItem$Serializer.m_7267_(LootItem.java:55) ~[server-1.20.1-20230612.114412-srg.jar%23137!/:?]
	at net.minecraft.world.level.storage.loot.entries.LootItem$Serializer.m_7267_(LootItem.java:40) ~[server-1.20.1-20230612.114412-srg.jar%23137!/:?]
	at net.minecraft.world.level.storage.loot.entries.LootPoolSingletonContainer$Serializer.m_5921_(LootPoolSingletonContainer.java:151) ~[server-1.20.1-20230612.114412-srg.jar%23137!/:?]
	at net.minecraft.world.level.storage.loot.entries.LootPoolSingletonContainer$Serializer.m_5921_(LootPoolSingletonContainer.java:129) ~[server-1.20.1-20230612.114412-srg.jar%23137!/:?]
	at net.minecraft.world.level.storage.loot.entries.LootPoolEntryContainer$Serializer.m_7561_(LootPoolEntryContainer.java:86) ~[server-1.20.1-20230612.114412-srg.jar%23137!/:?]
	at net.minecraft.world.level.storage.loot.entries.LootPoolEntryContainer$Serializer.m_7561_(LootPoolEntryContainer.java:74) ~[server-1.20.1-20230612.114412-srg.jar%23137!/:?]
	at net.minecraft.world.level.storage.loot.GsonAdapterFactory$JsonAdapter.deserialize(GsonAdapterFactory.java:102) ~[server-1.20.1-20230612.114412-srg.jar%23137!/:?]
	at com.google.gson.internal.bind.TreeTypeAdapter.read(TreeTypeAdapter.java:76) ~[gson-2.10.jar%2372!/:?]
	at com.google.gson.internal.bind.TypeAdapterRuntimeTypeWrapper.read(TypeAdapterRuntimeTypeWrapper.java:40) ~[gson-2.10.jar%2372!/:?]
	at com.google.gson.internal.bind.ArrayTypeAdapter.read(ArrayTypeAdapter.java:72) ~[gson-2.10.jar%2372!/:?]
	at com.google.gson.Gson.fromJson(Gson.java:1214) ~[gson-2.10.jar%2372!/:?]
	at com.google.gson.Gson.fromJson(Gson.java:1319) ~[gson-2.10.jar%2372!/:?]
	at com.google.gson.Gson.fromJson(Gson.java:1290) ~[gson-2.10.jar%2372!/:?]
	at com.google.gson.internal.bind.TreeTypeAdapter$GsonContextImpl.deserialize(TreeTypeAdapter.java:179) ~[gson-2.10.jar%2372!/:?]
	at net.minecraft.util.GsonHelper.m_13808_(GsonHelper.java:463) ~[server-1.20.1-20230612.114412-srg.jar%23137!/:?]
	at net.minecraft.util.GsonHelper.m_13836_(GsonHelper.java:471) ~[server-1.20.1-20230612.114412-srg.jar%23137!/:?]
	at net.minecraft.world.level.storage.loot.LootPool$Serializer.deserialize(LootPool.java:192) ~[server-1.20.1-20230612.114412-srg.jar%23137!/:?]
	at net.minecraft.world.level.storage.loot.LootPool$Serializer.deserialize(LootPool.java:189) ~[server-1.20.1-20230612.114412-srg.jar%23137!/:?]
	at com.google.gson.internal.bind.TreeTypeAdapter.read(TreeTypeAdapter.java:76) ~[gson-2.10.jar%2372!/:?]
	at com.google.gson.internal.bind.TypeAdapterRuntimeTypeWrapper.read(TypeAdapterRuntimeTypeWrapper.java:40) ~[gson-2.10.jar%2372!/:?]
	at com.google.gson.internal.bind.ArrayTypeAdapter.read(ArrayTypeAdapter.java:72) ~[gson-2.10.jar%2372!/:?]
	at com.google.gson.Gson.fromJson(Gson.java:1214) ~[gson-2.10.jar%2372!/:?]
	at com.google.gson.Gson.fromJson(Gson.java:1319) ~[gson-2.10.jar%2372!/:?]
	at com.google.gson.Gson.fromJson(Gson.java:1290) ~[gson-2.10.jar%2372!/:?]
	at com.google.gson.internal.bind.TreeTypeAdapter$GsonContextImpl.deserialize(TreeTypeAdapter.java:179) ~[gson-2.10.jar%2372!/:?]
	at net.minecraft.util.GsonHelper.m_13808_(GsonHelper.java:463) ~[server-1.20.1-20230612.114412-srg.jar%23137!/:?]
	at net.minecraft.util.GsonHelper.m_13845_(GsonHelper.java:481) ~[server-1.20.1-20230612.114412-srg.jar%23137!/:?]
	at net.minecraft.world.level.storage.loot.LootTable$Serializer.deserialize(LootTable.java:294) ~[server-1.20.1-20230612.114412-srg.jar%23137!/:?]
	at net.minecraft.world.level.storage.loot.LootTable$Serializer.deserialize(LootTable.java:291) ~[server-1.20.1-20230612.114412-srg.jar%23137!/:?]
	at com.google.gson.internal.bind.TreeTypeAdapter.read(TreeTypeAdapter.java:76) ~[gson-2.10.jar%2372!/:?]
	at com.google.gson.Gson.fromJson(Gson.java:1214) ~[gson-2.10.jar%2372!/:?]
	at com.google.gson.Gson.fromJson(Gson.java:1319) ~[gson-2.10.jar%2372!/:?]
	at com.google.gson.Gson.fromJson(Gson.java:1261) ~[gson-2.10.jar%2372!/:?]
	at net.minecraftforge.common.ForgeHooks.loadLootTable(ForgeHooks.java:871) ~[forge-1.20.1-47.3.7-universal.jar%23142!/:?]
	at net.minecraftforge.common.ForgeHooks.lambda$getLootTableDeserializer$3(ForgeHooks.java:848) ~[forge-1.20.1-47.3.7-universal.jar%23142!/:?]
	at net.minecraft.world.level.storage.loot.LootDataType.deserialize(LootDataType.java:45) ~[server-1.20.1-20230612.114412-srg.jar%23137!/:?]
	at net.minecraft.world.level.storage.loot.LootDataManager.lambda$scheduleElementParse$4(LootDataManager.java:56) ~[server-1.20.1-20230612.114412-srg.jar%23137!/:?]
	at java.util.HashMap.forEach(HashMap.java:1421) ~[?:?]
	at net.minecraft.world.level.storage.loot.LootDataManager.m_278660_(LootDataManager.java:55) ~[server-1.20.1-20230612.114412-srg.jar%23137!/:?]
	at java.util.concurrent.CompletableFuture$AsyncRun.run(CompletableFuture.java:1804) ~[?:?]
	at java.util.concurrent.CompletableFuture$AsyncRun.exec(CompletableFuture.java:1796) ~[?:?]
	at java.util.concurrent.ForkJoinTask.doExec(ForkJoinTask.java:373) ~[?:?]
	at java.util.concurrent.ForkJoinPool$WorkQueue.topLevelExec(ForkJoinPool.java:1182) ~[?:?]
	at java.util.concurrent.ForkJoinPool.scan(ForkJoinPool.java:1655) ~[?:?]
	at java.util.concurrent.ForkJoinPool.runWorker(ForkJoinPool.java:1622) ~[?:?]
	at java.util.concurrent.ForkJoinWorkerThread.run(ForkJoinWorkerThread.java:165) ~[?:?]
[26Feb2026 22:11:22.323] [Worker-Main-1/ERROR] [net.minecraftforge.common.ForgeHooks/]: Couldn't parse element loot_tables:culturaldelights:blocks/avocado_leaves
com.google.gson.JsonSyntaxException: Unknown type 'minecraft:alternative'
	at net.minecraft.world.level.storage.loot.GsonAdapterFactory$JsonAdapter.deserialize(GsonAdapterFactory.java:99) ~[server-1.20.1-20230612.114412-srg.jar%23137!/:?]
	at com.google.gson.internal.bind.TreeTypeAdapter.read(TreeTypeAdapter.java:76) ~[gson-2.10.jar%2372!/:?]
	at com.google.gson.internal.bind.TypeAdapterRuntimeTypeWrapper.read(TypeAdapterRuntimeTypeWrapper.java:40) ~[gson-2.10.jar%2372!/:?]
	at com.google.gson.internal.bind.ArrayTypeAdapter.read(ArrayTypeAdapter.java:72) ~[gson-2.10.jar%2372!/:?]
	at com.google.gson.Gson.fromJson(Gson.java:1214) ~[gson-2.10.jar%2372!/:?]
	at com.google.gson.Gson.fromJson(Gson.java:1319) ~[gson-2.10.jar%2372!/:?]
	at com.google.gson.Gson.fromJson(Gson.java:1290) ~[gson-2.10.jar%2372!/:?]
	at com.google.gson.internal.bind.TreeTypeAdapter$GsonContextImpl.deserialize(TreeTypeAdapter.java:179) ~[gson-2.10.jar%2372!/:?]
	at net.minecraft.util.GsonHelper.m_13808_(GsonHelper.java:463) ~[server-1.20.1-20230612.114412-srg.jar%23137!/:?]
	at net.minecraft.util.GsonHelper.m_13845_(GsonHelper.java:481) ~[server-1.20.1-20230612.114412-srg.jar%23137!/:?]
	at net.minecraft.world.level.storage.loot.entries.LootPoolEntryContainer$Serializer.m_7561_(LootPoolEntryContainer.java:85) ~[server-1.20.1-20230612.114412-srg.jar%23137!/:?]
	at net.minecraft.world.level.storage.loot.entries.LootPoolEntryContainer$Serializer.m_7561_(LootPoolEntryContainer.java:74) ~[server-1.20.1-20230612.114412-srg.jar%23137!/:?]
	at net.minecraft.world.level.storage.loot.GsonAdapterFactory$JsonAdapter.deserialize(GsonAdapterFactory.java:102) ~[server-1.20.1-20230612.114412-srg.jar%23137!/:?]
	at com.google.gson.internal.bind.TreeTypeAdapter.read(TreeTypeAdapter.java:76) ~[gson-2.10.jar%2372!/:?]
	at com.google.gson.internal.bind.TypeAdapterRuntimeTypeWrapper.read(TypeAdapterRuntimeTypeWrapper.java:40) ~[gson-2.10.jar%2372!/:?]
	at com.google.gson.internal.bind.ArrayTypeAdapter.read(ArrayTypeAdapter.java:72) ~[gson-2.10.jar%2372!/:?]
	at com.google.gson.Gson.fromJson(Gson.java:1214) ~[gson-2.10.jar%2372!/:?]
	at com.google.gson.Gson.fromJson(Gson.java:1319) ~[gson-2.10.jar%2372!/:?]
	at com.google.gson.Gson.fromJson(Gson.java:1290) ~[gson-2.10.jar%2372!/:?]
	at com.google.gson.internal.bind.TreeTypeAdapter$GsonContextImpl.deserialize(TreeTypeAdapter.java:179) ~[gson-2.10.jar%2372!/:?]
	at net.minecraft.util.GsonHelper.m_13808_(GsonHelper.java:463) ~[server-1.20.1-20230612.114412-srg.jar%23137!/:?]
	at net.minecraft.util.GsonHelper.m_13836_(GsonHelper.java:471) ~[server-1.20.1-20230612.114412-srg.jar%23137!/:?]
	at net.minecraft.world.level.storage.loot.entries.CompositeEntryBase$1.m_5921_(CompositeEntryBase.java:61) ~[server-1.20.1-20230612.114412-srg.jar%23137!/:?]
	at net.minecraft.world.level.storage.loot.entries.CompositeEntryBase$1.m_5921_(CompositeEntryBase.java:53) ~[server-1.20.1-20230612.114412-srg.jar%23137!/:?]
	at net.minecraft.world.level.storage.loot.entries.LootPoolEntryContainer$Serializer.m_7561_(LootPoolEntryContainer.java:86) ~[server-1.20.1-20230612.114412-srg.jar%23137!/:?]
	at net.minecraft.world.level.storage.loot.entries.LootPoolEntryContainer$Serializer.m_7561_(LootPoolEntryContainer.java:74) ~[server-1.20.1-20230612.114412-srg.jar%23137!/:?]
	at net.minecraft.world.level.storage.loot.GsonAdapterFactory$JsonAdapter.deserialize(GsonAdapterFactory.java:102) ~[server-1.20.1-20230612.114412-srg.jar%23137!/:?]
	at com.google.gson.internal.bind.TreeTypeAdapter.read(TreeTypeAdapter.java:76) ~[gson-2.10.jar%2372!/:?]
	at com.google.gson.internal.bind.TypeAdapterRuntimeTypeWrapper.read(TypeAdapterRuntimeTypeWrapper.java:40) ~[gson-2.10.jar%2372!/:?]
	at com.google.gson.internal.bind.ArrayTypeAdapter.read(ArrayTypeAdapter.java:72) ~[gson-2.10.jar%2372!/:?]
	at com.google.gson.Gson.fromJson(Gson.java:1214) ~[gson-2.10.jar%2372!/:?]
	at com.google.gson.Gson.fromJson(Gson.java:1319) ~[gson-2.10.jar%2372!/:?]
	at com.google.gson.Gson.fromJson(Gson.java:1290) ~[gson-2.10.jar%2372!/:?]
	at com.google.gson.internal.bind.TreeTypeAdapter$GsonContextImpl.deserialize(TreeTypeAdapter.java:179) ~[gson-2.10.jar%2372!/:?]
	at net.minecraft.util.GsonHelper.m_13808_(GsonHelper.java:463) ~[server-1.20.1-20230612.114412-srg.jar%23137!/:?]
	at net.minecraft.util.GsonHelper.m_13836_(GsonHelper.java:471) ~[server-1.20.1-20230612.114412-srg.jar%23137!/:?]
	at net.minecraft.world.level.storage.loot.LootPool$Serializer.deserialize(LootPool.java:192) ~[server-1.20.1-20230612.114412-srg.jar%23137!/:?]
	at net.minecraft.world.level.storage.loot.LootPool$Serializer.deserialize(LootPool.java:189) ~[server-1.20.1-20230612.114412-srg.jar%23137!/:?]
	at com.google.gson.internal.bind.TreeTypeAdapter.read(TreeTypeAdapter.java:76) ~[gson-2.10.jar%2372!/:?]
	at com.google.gson.internal.bind.TypeAdapterRuntimeTypeWrapper.read(TypeAdapterRuntimeTypeWrapper.java:40) ~[gson-2.10.jar%2372!/:?]
	at com.google.gson.internal.bind.ArrayTypeAdapter.read(ArrayTypeAdapter.java:72) ~[gson-2.10.jar%2372!/:?]
	at com.google.gson.Gson.fromJson(Gson.java:1214) ~[gson-2.10.jar%2372!/:?]
	at com.google.gson.Gson.fromJson(Gson.java:1319) ~[gson-2.10.jar%2372!/:?]
	at com.google.gson.Gson.fromJson(Gson.java:1290) ~[gson-2.10.jar%2372!/:?]
	at com.google.gson.internal.bind.TreeTypeAdapter$GsonContextImpl.deserialize(TreeTypeAdapter.java:179) ~[gson-2.10.jar%2372!/:?]
	at net.minecraft.util.GsonHelper.m_13808_(GsonHelper.java:463) ~[server-1.20.1-20230612.114412-srg.jar%23137!/:?]
	at net.minecraft.util.GsonHelper.m_13845_(GsonHelper.java:481) ~[server-1.20.1-20230612.114412-srg.jar%23137!/:?]
	at net.minecraft.world.level.storage.loot.LootTable$Serializer.deserialize(LootTable.java:294) ~[server-1.20.1-20230612.114412-srg.jar%23137!/:?]
	at net.minecraft.world.level.storage.loot.LootTable$Serializer.deserialize(LootTable.java:291) ~[server-1.20.1-20230612.114412-srg.jar%23137!/:?]
	at com.google.gson.internal.bind.TreeTypeAdapter.read(TreeTypeAdapter.java:76) ~[gson-2.10.jar%2372!/:?]
	at com.google.gson.Gson.fromJson(Gson.java:1214) ~[gson-2.10.jar%2372!/:?]
	at com.google.gson.Gson.fromJson(Gson.java:1319) ~[gson-2.10.jar%2372!/:?]
	at com.google.gson.Gson.fromJson(Gson.java:1261) ~[gson-2.10.jar%2372!/:?]
	at net.minecraftforge.common.ForgeHooks.loadLootTable(ForgeHooks.java:871) ~[forge-1.20.1-47.3.7-universal.jar%23142!/:?]
	at net.minecraftforge.common.ForgeHooks.lambda$getLootTableDeserializer$3(ForgeHooks.java:848) ~[forge-1.20.1-47.3.7-universal.jar%23142!/:?]
	at net.minecraft.world.level.storage.loot.LootDataType.deserialize(LootDataType.java:45) ~[server-1.20.1-20230612.114412-srg.jar%23137!/:?]
	at net.minecraft.world.level.storage.loot.LootDataManager.lambda$scheduleElementParse$4(LootDataManager.java:56) ~[server-1.20.1-20230612.114412-srg.jar%23137!/:?]
	at java.util.HashMap.forEach(HashMap.java:1421) ~[?:?]
	at net.minecraft.world.level.storage.loot.LootDataManager.m_278660_(LootDataManager.java:55) ~[server-1.20.1-20230612.114412-srg.jar%23137!/:?]
	at java.util.concurrent.CompletableFuture$AsyncRun.run(CompletableFuture.java:1804) ~[?:?]
	at java.util.concurrent.CompletableFuture$AsyncRun.exec(CompletableFuture.java:1796) ~[?:?]
	at java.util.concurrent.ForkJoinTask.doExec(ForkJoinTask.java:373) ~[?:?]
	at java.util.concurrent.ForkJoinPool$WorkQueue.topLevelExec(ForkJoinPool.java:1182) ~[?:?]
	at java.util.concurrent.ForkJoinPool.scan(ForkJoinPool.java:1655) ~[?:?]
	at java.util.concurrent.ForkJoinPool.runWorker(ForkJoinPool.java:1622) ~[?:?]
	at java.util.concurrent.ForkJoinWorkerThread.run(ForkJoinWorkerThread.java:165) ~[?:?]
[26Feb2026 22:11:22.741] [Worker-Main-1/ERROR] [net.minecraftforge.common.ForgeHooks/]: Couldn't parse element loot_tables:culturaldelights:blocks/avocado_leaf_carpet
com.google.gson.JsonSyntaxException: Expected name to be an item, was unknown string 'culturaldelights:avocado_leaf_carpet'
	at net.minecraft.util.GsonHelper.m_13866_(GsonHelper.java:145) ~[server-1.20.1-20230612.114412-srg.jar%23137!/:?]
	at java.util.Optional.orElseThrow(Optional.java:403) ~[?:?]
	at net.minecraft.util.GsonHelper.m_13874_(GsonHelper.java:145) ~[server-1.20.1-20230612.114412-srg.jar%23137!/:?]
	at net.minecraft.util.GsonHelper.m_13909_(GsonHelper.java:153) ~[server-1.20.1-20230612.114412-srg.jar%23137!/:?]
	at net.minecraft.world.level.storage.loot.entries.LootItem$Serializer.m_7267_(LootItem.java:55) ~[server-1.20.1-20230612.114412-srg.jar%23137!/:?]
	at net.minecraft.world.level.storage.loot.entries.LootItem$Serializer.m_7267_(LootItem.java:40) ~[server-1.20.1-20230612.114412-srg.jar%23137!/:?]
	at net.minecraft.world.level.storage.loot.entries.LootPoolSingletonContainer$Serializer.m_5921_(LootPoolSingletonContainer.java:151) ~[server-1.20.1-20230612.114412-srg.jar%23137!/:?]
	at net.minecraft.world.level.storage.loot.entries.LootPoolSingletonContainer$Serializer.m_5921_(LootPoolSingletonContainer.java:129) ~[server-1.20.1-20230612.114412-srg.jar%23137!/:?]
	at net.minecraft.world.level.storage.loot.entries.LootPoolEntryContainer$Serializer.m_7561_(LootPoolEntryContainer.java:86) ~[server-1.20.1-20230612.114412-srg.jar%23137!/:?]
	at net.minecraft.world.level.storage.loot.entries.LootPoolEntryContainer$Serializer.m_7561_(LootPoolEntryContainer.java:74) ~[server-1.20.1-20230612.114412-srg.jar%23137!/:?]
	at net.minecraft.world.level.storage.loot.GsonAdapterFactory$JsonAdapter.deserialize(GsonAdapterFactory.java:102) ~[server-1.20.1-20230612.114412-srg.jar%23137!/:?]
	at com.google.gson.internal.bind.TreeTypeAdapter.read(TreeTypeAdapter.java:76) ~[gson-2.10.jar%2372!/:?]
	at com.google.gson.internal.bind.TypeAdapterRuntimeTypeWrapper.read(TypeAdapterRuntimeTypeWrapper.java:40) ~[gson-2.10.jar%2372!/:?]
	at com.google.gson.internal.bind.ArrayTypeAdapter.read(ArrayTypeAdapter.java:72) ~[gson-2.10.jar%2372!/:?]
	at com.google.gson.Gson.fromJson(Gson.java:1214) ~[gson-2.10.jar%2372!/:?]
	at com.google.gson.Gson.fromJson(Gson.java:1319) ~[gson-2.10.jar%2372!/:?]
	at com.google.gson.Gson.fromJson(Gson.java:1290) ~[gson-2.10.jar%2372!/:?]
	at com.google.gson.internal.bind.TreeTypeAdapter$GsonContextImpl.deserialize(TreeTypeAdapter.java:179) ~[gson-2.10.jar%2372!/:?]
	at net.minecraft.util.GsonHelper.m_13808_(GsonHelper.java:463) ~[server-1.20.1-20230612.114412-srg.jar%23137!/:?]
	at net.minecraft.util.GsonHelper.m_13836_(GsonHelper.java:471) ~[server-1.20.1-20230612.114412-srg.jar%23137!/:?]
	at net.minecraft.world.level.storage.loot.LootPool$Serializer.deserialize(LootPool.java:192) ~[server-1.20.1-20230612.114412-srg.jar%23137!/:?]
	at net.minecraft.world.level.storage.loot.LootPool$Serializer.deserialize(LootPool.java:189) ~[server-1.20.1-20230612.114412-srg.jar%23137!/:?]
	at com.google.gson.internal.bind.TreeTypeAdapter.read(TreeTypeAdapter.java:76) ~[gson-2.10.jar%2372!/:?]
	at com.google.gson.internal.bind.TypeAdapterRuntimeTypeWrapper.read(TypeAdapterRuntimeTypeWrapper.java:40) ~[gson-2.10.jar%2372!/:?]
	at com.google.gson.internal.bind.ArrayTypeAdapter.read(ArrayTypeAdapter.java:72) ~[gson-2.10.jar%2372!/:?]
	at com.google.gson.Gson.fromJson(Gson.java:1214) ~[gson-2.10.jar%2372!/:?]
	at com.google.gson.Gson.fromJson(Gson.java:1319) ~[gson-2.10.jar%2372!/:?]
	at com.google.gson.Gson.fromJson(Gson.java:1290) ~[gson-2.10.jar%2372!/:?]
	at com.google.gson.internal.bind.TreeTypeAdapter$GsonContextImpl.deserialize(TreeTypeAdapter.java:179) ~[gson-2.10.jar%2372!/:?]
	at net.minecraft.util.GsonHelper.m_13808_(GsonHelper.java:463) ~[server-1.20.1-20230612.114412-srg.jar%23137!/:?]
	at net.minecraft.util.GsonHelper.m_13845_(GsonHelper.java:481) ~[server-1.20.1-20230612.114412-srg.jar%23137!/:?]
	at net.minecraft.world.level.storage.loot.LootTable$Serializer.deserialize(LootTable.java:294) ~[server-1.20.1-20230612.114412-srg.jar%23137!/:?]
	at net.minecraft.world.level.storage.loot.LootTable$Serializer.deserialize(LootTable.java:291) ~[server-1.20.1-20230612.114412-srg.jar%23137!/:?]
	at com.google.gson.internal.bind.TreeTypeAdapter.read(TreeTypeAdapter.java:76) ~[gson-2.10.jar%2372!/:?]
	at com.google.gson.Gson.fromJson(Gson.java:1214) ~[gson-2.10.jar%2372!/:?]
	at com.google.gson.Gson.fromJson(Gson.java:1319) ~[gson-2.10.jar%2372!/:?]
	at com.google.gson.Gson.fromJson(Gson.java:1261) ~[gson-2.10.jar%2372!/:?]
	at net.minecraftforge.common.ForgeHooks.loadLootTable(ForgeHooks.java:871) ~[forge-1.20.1-47.3.7-universal.jar%23142!/:?]
	at net.minecraftforge.common.ForgeHooks.lambda$getLootTableDeserializer$3(ForgeHooks.java:848) ~[forge-1.20.1-47.3.7-universal.jar%23142!/:?]
	at net.minecraft.world.level.storage.loot.LootDataType.deserialize(LootDataType.java:45) ~[server-1.20.1-20230612.114412-srg.jar%23137!/:?]
	at net.minecraft.world.level.storage.loot.LootDataManager.lambda$scheduleElementParse$4(LootDataManager.java:56) ~[server-1.20.1-20230612.114412-srg.jar%23137!/:?]
	at java.util.HashMap.forEach(HashMap.java:1421) ~[?:?]
	at net.minecraft.world.level.storage.loot.LootDataManager.m_278660_(LootDataManager.java:55) ~[server-1.20.1-20230612.114412-srg.jar%23137!/:?]
	at java.util.concurrent.CompletableFuture$AsyncRun.run(CompletableFuture.java:1804) ~[?:?]
	at java.util.concurrent.CompletableFuture$AsyncRun.exec(CompletableFuture.java:1796) ~[?:?]
	at java.util.concurrent.ForkJoinTask.doExec(ForkJoinTask.java:373) ~[?:?]
	at java.util.concurrent.ForkJoinPool$WorkQueue.topLevelExec(ForkJoinPool.java:1182) ~[?:?]
	at java.util.concurrent.ForkJoinPool.scan(ForkJoinPool.java:1655) ~[?:?]
	at java.util.concurrent.ForkJoinPool.runWorker(ForkJoinPool.java:1622) ~[?:?]
	at java.util.concurrent.ForkJoinWorkerThread.run(ForkJoinWorkerThread.java:165) ~[?:?]
[26Feb2026 22:11:22.857] [Worker-Main-1/ERROR] [net.minecraftforge.common.ForgeHooks/]: Couldn't parse element loot_tables:culturaldelights:blocks/avocado_bundle
com.google.gson.JsonSyntaxException: Expected name to be an item, was unknown string 'culturaldelights:avocado_bundle'
	at net.minecraft.util.GsonHelper.m_13866_(GsonHelper.java:145) ~[server-1.20.1-20230612.114412-srg.jar%23137!/:?]
	at java.util.Optional.orElseThrow(Optional.java:403) ~[?:?]
	at net.minecraft.util.GsonHelper.m_13874_(GsonHelper.java:145) ~[server-1.20.1-20230612.114412-srg.jar%23137!/:?]
	at net.minecraft.util.GsonHelper.m_13909_(GsonHelper.java:153) ~[server-1.20.1-20230612.114412-srg.jar%23137!/:?]
	at net.minecraft.world.level.storage.loot.entries.LootItem$Serializer.m_7267_(LootItem.java:55) ~[server-1.20.1-20230612.114412-srg.jar%23137!/:?]
	at net.minecraft.world.level.storage.loot.entries.LootItem$Serializer.m_7267_(LootItem.java:40) ~[server-1.20.1-20230612.114412-srg.jar%23137!/:?]
	at net.minecraft.world.level.storage.loot.entries.LootPoolSingletonContainer$Serializer.m_5921_(LootPoolSingletonContainer.java:151) ~[server-1.20.1-20230612.114412-srg.jar%23137!/:?]
	at net.minecraft.world.level.storage.loot.entries.LootPoolSingletonContainer$Serializer.m_5921_(LootPoolSingletonContainer.java:129) ~[server-1.20.1-20230612.114412-srg.jar%23137!/:?]
	at net.minecraft.world.level.storage.loot.entries.LootPoolEntryContainer$Serializer.m_7561_(LootPoolEntryContainer.java:86) ~[server-1.20.1-20230612.114412-srg.jar%23137!/:?]
	at net.minecraft.world.level.storage.loot.entries.LootPoolEntryContainer$Serializer.m_7561_(LootPoolEntryContainer.java:74) ~[server-1.20.1-20230612.114412-srg.jar%23137!/:?]
	at net.minecraft.world.level.storage.loot.GsonAdapterFactory$JsonAdapter.deserialize(GsonAdapterFactory.java:102) ~[server-1.20.1-20230612.114412-srg.jar%23137!/:?]
	at com.google.gson.internal.bind.TreeTypeAdapter.read(TreeTypeAdapter.java:76) ~[gson-2.10.jar%2372!/:?]
	at com.google.gson.internal.bind.TypeAdapterRuntimeTypeWrapper.read(TypeAdapterRuntimeTypeWrapper.java:40) ~[gson-2.10.jar%2372!/:?]
	at com.google.gson.internal.bind.ArrayTypeAdapter.read(ArrayTypeAdapter.java:72) ~[gson-2.10.jar%2372!/:?]
	at com.google.gson.Gson.fromJson(Gson.java:1214) ~[gson-2.10.jar%2372!/:?]
	at com.google.gson.Gson.fromJson(Gson.java:1319) ~[gson-2.10.jar%2372!/:?]
	at com.google.gson.Gson.fromJson(Gson.java:1290) ~[gson-2.10.jar%2372!/:?]
	at com.google.gson.internal.bind.TreeTypeAdapter$GsonContextImpl.deserialize(TreeTypeAdapter.java:179) ~[gson-2.10.jar%2372!/:?]
	at net.minecraft.util.GsonHelper.m_13808_(GsonHelper.java:463) ~[server-1.20.1-20230612.114412-srg.jar%23137!/:?]
	at net.minecraft.util.GsonHelper.m_13836_(GsonHelper.java:471) ~[server-1.20.1-20230612.114412-srg.jar%23137!/:?]
	at net.minecraft.world.level.storage.loot.entries.CompositeEntryBase$1.m_5921_(CompositeEntryBase.java:61) ~[server-1.20.1-20230612.114412-srg.jar%23137!/:?]
	at net.minecraft.world.level.storage.loot.entries.CompositeEntryBase$1.m_5921_(CompositeEntryBase.java:53) ~[server-1.20.1-20230612.114412-srg.jar%23137!/:?]
	at net.minecraft.world.level.storage.loot.entries.LootPoolEntryContainer$Serializer.m_7561_(LootPoolEntryContainer.java:86) ~[server-1.20.1-20230612.114412-srg.jar%23137!/:?]
	at net.minecraft.world.level.storage.loot.entries.LootPoolEntryContainer$Serializer.m_7561_(LootPoolEntryContainer.java:74) ~[server-1.20.1-20230612.114412-srg.jar%23137!/:?]
	at net.minecraft.world.level.storage.loot.GsonAdapterFactory$JsonAdapter.deserialize(GsonAdapterFactory.java:102) ~[server-1.20.1-20230612.114412-srg.jar%23137!/:?]
	at com.google.gson.internal.bind.TreeTypeAdapter.read(TreeTypeAdapter.java:76) ~[gson-2.10.jar%2372!/:?]
	at com.google.gson.internal.bind.TypeAdapterRuntimeTypeWrapper.read(TypeAdapterRuntimeTypeWrapper.java:40) ~[gson-2.10.jar%2372!/:?]
	at com.google.gson.internal.bind.ArrayTypeAdapter.read(ArrayTypeAdapter.java:72) ~[gson-2.10.jar%2372!/:?]
	at com.google.gson.Gson.fromJson(Gson.java:1214) ~[gson-2.10.jar%2372!/:?]
	at com.google.gson.Gson.fromJson(Gson.java:1319) ~[gson-2.10.jar%2372!/:?]
	at com.google.gson.Gson.fromJson(Gson.java:1290) ~[gson-2.10.jar%2372!/:?]
	at com.google.gson.internal.bind.TreeTypeAdapter$GsonContextImpl.deserialize(TreeTypeAdapter.java:179) ~[gson-2.10.jar%2372!/:?]
	at net.minecraft.util.GsonHelper.m_13808_(GsonHelper.java:463) ~[server-1.20.1-20230612.114412-srg.jar%23137!/:?]
	at net.minecraft.util.GsonHelper.m_13836_(GsonHelper.java:471) ~[server-1.20.1-20230612.114412-srg.jar%23137!/:?]
	at net.minecraft.world.level.storage.loot.LootPool$Serializer.deserialize(LootPool.java:192) ~[server-1.20.1-20230612.114412-srg.jar%23137!/:?]
	at net.minecraft.world.level.storage.loot.LootPool$Serializer.deserialize(LootPool.java:189) ~[server-1.20.1-20230612.114412-srg.jar%23137!/:?]
	at com.google.gson.internal.bind.TreeTypeAdapter.read(TreeTypeAdapter.java:76) ~[gson-2.10.jar%2372!/:?]
	at com.google.gson.internal.bind.TypeAdapterRuntimeTypeWrapper.read(TypeAdapterRuntimeTypeWrapper.java:40) ~[gson-2.10.jar%2372!/:?]
	at com.google.gson.internal.bind.ArrayTypeAdapter.read(ArrayTypeAdapter.java:72) ~[gson-2.10.jar%2372!/:?]
	at com.google.gson.Gson.fromJson(Gson.java:1214) ~[gson-2.10.jar%2372!/:?]
	at com.google.gson.Gson.fromJson(Gson.java:1319) ~[gson-2.10.jar%2372!/:?]
	at com.google.gson.Gson.fromJson(Gson.java:1290) ~[gson-2.10.jar%2372!/:?]
	at com.google.gson.internal.bind.TreeTypeAdapter$GsonContextImpl.deserialize(TreeTypeAdapter.java:179) ~[gson-2.10.jar%2372!/:?]
	at net.minecraft.util.GsonHelper.m_13808_(GsonHelper.java:463) ~[server-1.20.1-20230612.114412-srg.jar%23137!/:?]
	at net.minecraft.util.GsonHelper.m_13845_(GsonHelper.java:481) ~[server-1.20.1-20230612.114412-srg.jar%23137!/:?]
	at net.minecraft.world.level.storage.loot.LootTable$Serializer.deserialize(LootTable.java:294) ~[server-1.20.1-20230612.114412-srg.jar%23137!/:?]
	at net.minecraft.world.level.storage.loot.LootTable$Serializer.deserialize(LootTable.java:291) ~[server-1.20.1-20230612.114412-srg.jar%23137!/:?]
	at com.google.gson.internal.bind.TreeTypeAdapter.read(TreeTypeAdapter.java:76) ~[gson-2.10.jar%2372!/:?]
	at com.google.gson.Gson.fromJson(Gson.java:1214) ~[gson-2.10.jar%2372!/:?]
	at com.google.gson.Gson.fromJson(Gson.java:1319) ~[gson-2.10.jar%2372!/:?]
	at com.google.gson.Gson.fromJson(Gson.java:1261) ~[gson-2.10.jar%2372!/:?]
	at net.minecraftforge.common.ForgeHooks.loadLootTable(ForgeHooks.java:871) ~[forge-1.20.1-47.3.7-universal.jar%23142!/:?]
	at net.minecraftforge.common.ForgeHooks.lambda$getLootTableDeserializer$3(ForgeHooks.java:848) ~[forge-1.20.1-47.3.7-universal.jar%23142!/:?]
	at net.minecraft.world.level.storage.loot.LootDataType.deserialize(LootDataType.java:45) ~[server-1.20.1-20230612.114412-srg.jar%23137!/:?]
	at net.minecraft.world.level.storage.loot.LootDataManager.lambda$scheduleElementParse$4(LootDataManager.java:56) ~[server-1.20.1-20230612.114412-srg.jar%23137!/:?]
	at java.util.HashMap.forEach(HashMap.java:1421) ~[?:?]
	at net.minecraft.world.level.storage.loot.LootDataManager.m_278660_(LootDataManager.java:55) ~[server-1.20.1-20230612.114412-srg.jar%23137!/:?]
	at java.util.concurrent.CompletableFuture$AsyncRun.run(CompletableFuture.java:1804) ~[?:?]
	at java.util.concurrent.CompletableFuture$AsyncRun.exec(CompletableFuture.java:1796) ~[?:?]
	at java.util.concurrent.ForkJoinTask.doExec(ForkJoinTask.java:373) ~[?:?]
	at java.util.concurrent.ForkJoinPool$WorkQueue.topLevelExec(ForkJoinPool.java:1182) ~[?:?]
	at java.util.concurrent.ForkJoinPool.scan(ForkJoinPool.java:1655) ~[?:?]
	at java.util.concurrent.ForkJoinPool.runWorker(ForkJoinPool.java:1622) ~[?:?]
	at java.util.concurrent.ForkJoinWorkerThread.run(ForkJoinWorkerThread.java:165) ~[?:?]
[26Feb2026 22:11:22.993] [Worker-Main-1/ERROR] [net.minecraftforge.common.ForgeHooks/]: Couldn't parse element loot_tables:culturaldelights:blocks/fruiting_avocado_leaves
com.google.gson.JsonSyntaxException: Unknown type 'minecraft:alternative'
	at net.minecraft.world.level.storage.loot.GsonAdapterFactory$JsonAdapter.deserialize(GsonAdapterFactory.java:99) ~[server-1.20.1-20230612.114412-srg.jar%23137!/:?]
	at com.google.gson.internal.bind.TreeTypeAdapter.read(TreeTypeAdapter.java:76) ~[gson-2.10.jar%2372!/:?]
	at com.google.gson.internal.bind.TypeAdapterRuntimeTypeWrapper.read(TypeAdapterRuntimeTypeWrapper.java:40) ~[gson-2.10.jar%2372!/:?]
	at com.google.gson.internal.bind.ArrayTypeAdapter.read(ArrayTypeAdapter.java:72) ~[gson-2.10.jar%2372!/:?]
	at com.google.gson.Gson.fromJson(Gson.java:1214) ~[gson-2.10.jar%2372!/:?]
	at com.google.gson.Gson.fromJson(Gson.java:1319) ~[gson-2.10.jar%2372!/:?]
	at com.google.gson.Gson.fromJson(Gson.java:1290) ~[gson-2.10.jar%2372!/:?]
	at com.google.gson.internal.bind.TreeTypeAdapter$GsonContextImpl.deserialize(TreeTypeAdapter.java:179) ~[gson-2.10.jar%2372!/:?]
	at net.minecraft.util.GsonHelper.m_13808_(GsonHelper.java:463) ~[server-1.20.1-20230612.114412-srg.jar%23137!/:?]
	at net.minecraft.util.GsonHelper.m_13845_(GsonHelper.java:481) ~[server-1.20.1-20230612.114412-srg.jar%23137!/:?]
	at net.minecraft.world.level.storage.loot.entries.LootPoolEntryContainer$Serializer.m_7561_(LootPoolEntryContainer.java:85) ~[server-1.20.1-20230612.114412-srg.jar%23137!/:?]
	at net.minecraft.world.level.storage.loot.entries.LootPoolEntryContainer$Serializer.m_7561_(LootPoolEntryContainer.java:74) ~[server-1.20.1-20230612.114412-srg.jar%23137!/:?]
	at net.minecraft.world.level.storage.loot.GsonAdapterFactory$JsonAdapter.deserialize(GsonAdapterFactory.java:102) ~[server-1.20.1-20230612.114412-srg.jar%23137!/:?]
	at com.google.gson.internal.bind.TreeTypeAdapter.read(TreeTypeAdapter.java:76) ~[gson-2.10.jar%2372!/:?]
	at com.google.gson.internal.bind.TypeAdapterRuntimeTypeWrapper.read(TypeAdapterRuntimeTypeWrapper.java:40) ~[gson-2.10.jar%2372!/:?]
	at com.google.gson.internal.bind.ArrayTypeAdapter.read(ArrayTypeAdapter.java:72) ~[gson-2.10.jar%2372!/:?]
	at com.google.gson.Gson.fromJson(Gson.java:1214) ~[gson-2.10.jar%2372!/:?]
	at com.google.gson.Gson.fromJson(Gson.java:1319) ~[gson-2.10.jar%2372!/:?]
	at com.google.gson.Gson.fromJson(Gson.java:1290) ~[gson-2.10.jar%2372!/:?]
	at com.google.gson.internal.bind.TreeTypeAdapter$GsonContextImpl.deserialize(TreeTypeAdapter.java:179) ~[gson-2.10.jar%2372!/:?]
	at net.minecraft.util.GsonHelper.m_13808_(GsonHelper.java:463) ~[server-1.20.1-20230612.114412-srg.jar%23137!/:?]
	at net.minecraft.util.GsonHelper.m_13836_(GsonHelper.java:471) ~[server-1.20.1-20230612.114412-srg.jar%23137!/:?]
	at net.minecraft.world.level.storage.loot.entries.CompositeEntryBase$1.m_5921_(CompositeEntryBase.java:61) ~[server-1.20.1-20230612.114412-srg.jar%23137!/:?]
	at net.minecraft.world.level.storage.loot.entries.CompositeEntryBase$1.m_5921_(CompositeEntryBase.java:53) ~[server-1.20.1-20230612.114412-srg.jar%23137!/:?]
	at net.minecraft.world.level.storage.loot.entries.LootPoolEntryContainer$Serializer.m_7561_(LootPoolEntryContainer.java:86) ~[server-1.20.1-20230612.114412-srg.jar%23137!/:?]
	at net.minecraft.world.level.storage.loot.entries.LootPoolEntryContainer$Serializer.m_7561_(LootPoolEntryContainer.java:74) ~[server-1.20.1-20230612.114412-srg.jar%23137!/:?]
	at net.minecraft.world.level.storage.loot.GsonAdapterFactory$JsonAdapter.deserialize(GsonAdapterFactory.java:102) ~[server-1.20.1-20230612.114412-srg.jar%23137!/:?]
	at com.google.gson.internal.bind.TreeTypeAdapter.read(TreeTypeAdapter.java:76) ~[gson-2.10.jar%2372!/:?]
	at com.google.gson.internal.bind.TypeAdapterRuntimeTypeWrapper.read(TypeAdapterRuntimeTypeWrapper.java:40) ~[gson-2.10.jar%2372!/:?]
	at com.google.gson.internal.bind.ArrayTypeAdapter.read(ArrayTypeAdapter.java:72) ~[gson-2.10.jar%2372!/:?]
	at com.google.gson.Gson.fromJson(Gson.java:1214) ~[gson-2.10.jar%2372!/:?]
	at com.google.gson.Gson.fromJson(Gson.java:1319) ~[gson-2.10.jar%2372!/:?]
	at com.google.gson.Gson.fromJson(Gson.java:1290) ~[gson-2.10.jar%2372!/:?]
	at com.google.gson.internal.bind.TreeTypeAdapter$GsonContextImpl.deserialize(TreeTypeAdapter.java:179) ~[gson-2.10.jar%2372!/:?]
	at net.minecraft.util.GsonHelper.m_13808_(GsonHelper.java:463) ~[server-1.20.1-20230612.114412-srg.jar%23137!/:?]
	at net.minecraft.util.GsonHelper.m_13836_(GsonHelper.java:471) ~[server-1.20.1-20230612.114412-srg.jar%23137!/:?]
	at net.minecraft.world.level.storage.loot.LootPool$Serializer.deserialize(LootPool.java:192) ~[server-1.20.1-20230612.114412-srg.jar%23137!/:?]
	at net.minecraft.world.level.storage.loot.LootPool$Serializer.deserialize(LootPool.java:189) ~[server-1.20.1-20230612.114412-srg.jar%23137!/:?]
	at com.google.gson.internal.bind.TreeTypeAdapter.read(TreeTypeAdapter.java:76) ~[gson-2.10.jar%2372!/:?]
	at com.google.gson.internal.bind.TypeAdapterRuntimeTypeWrapper.read(TypeAdapterRuntimeTypeWrapper.java:40) ~[gson-2.10.jar%2372!/:?]
	at com.google.gson.internal.bind.ArrayTypeAdapter.read(ArrayTypeAdapter.java:72) ~[gson-2.10.jar%2372!/:?]
	at com.google.gson.Gson.fromJson(Gson.java:1214) ~[gson-2.10.jar%2372!/:?]
	at com.google.gson.Gson.fromJson(Gson.java:1319) ~[gson-2.10.jar%2372!/:?]
	at com.google.gson.Gson.fromJson(Gson.java:1290) ~[gson-2.10.jar%2372!/:?]
	at com.google.gson.internal.bind.TreeTypeAdapter$GsonContextImpl.deserialize(TreeTypeAdapter.java:179) ~[gson-2.10.jar%2372!/:?]
	at net.minecraft.util.GsonHelper.m_13808_(GsonHelper.java:463) ~[server-1.20.1-20230612.114412-srg.jar%23137!/:?]
	at net.minecraft.util.GsonHelper.m_13845_(GsonHelper.java:481) ~[server-1.20.1-20230612.114412-srg.jar%23137!/:?]
	at net.minecraft.world.level.storage.loot.LootTable$Serializer.deserialize(LootTable.java:294) ~[server-1.20.1-20230612.114412-srg.jar%23137!/:?]
	at net.minecraft.world.level.storage.loot.LootTable$Serializer.deserialize(LootTable.java:291) ~[server-1.20.1-20230612.114412-srg.jar%23137!/:?]
	at com.google.gson.internal.bind.TreeTypeAdapter.read(TreeTypeAdapter.java:76) ~[gson-2.10.jar%2372!/:?]
	at com.google.gson.Gson.fromJson(Gson.java:1214) ~[gson-2.10.jar%2372!/:?]
	at com.google.gson.Gson.fromJson(Gson.java:1319) ~[gson-2.10.jar%2372!/:?]
	at com.google.gson.Gson.fromJson(Gson.java:1261) ~[gson-2.10.jar%2372!/:?]
	at net.minecraftforge.common.ForgeHooks.loadLootTable(ForgeHooks.java:871) ~[forge-1.20.1-47.3.7-universal.jar%23142!/:?]
	at net.minecraftforge.common.ForgeHooks.lambda$getLootTableDeserializer$3(ForgeHooks.java:848) ~[forge-1.20.1-47.3.7-universal.jar%23142!/:?]
	at net.minecraft.world.level.storage.loot.LootDataType.deserialize(LootDataType.java:45) ~[server-1.20.1-20230612.114412-srg.jar%23137!/:?]
	at net.minecraft.world.level.storage.loot.LootDataManager.lambda$scheduleElementParse$4(LootDataManager.java:56) ~[server-1.20.1-20230612.114412-srg.jar%23137!/:?]
	at java.util.HashMap.forEach(HashMap.java:1421) ~[?:?]
	at net.minecraft.world.level.storage.loot.LootDataManager.m_278660_(LootDataManager.java:55) ~[server-1.20.1-20230612.114412-srg.jar%23137!/:?]
	at java.util.concurrent.CompletableFuture$AsyncRun.run(CompletableFuture.java:1804) ~[?:?]
	at java.util.concurrent.CompletableFuture$AsyncRun.exec(CompletableFuture.java:1796) ~[?:?]
	at java.util.concurrent.ForkJoinTask.doExec(ForkJoinTask.java:373) ~[?:?]
	at java.util.concurrent.ForkJoinPool$WorkQueue.topLevelExec(ForkJoinPool.java:1182) ~[?:?]
	at java.util.concurrent.ForkJoinPool.scan(ForkJoinPool.java:1655) ~[?:?]
	at java.util.concurrent.ForkJoinPool.runWorker(ForkJoinPool.java:1622) ~[?:?]
	at java.util.concurrent.ForkJoinWorkerThread.run(ForkJoinWorkerThread.java:165) ~[?:?]
[26Feb2026 22:11:23.196] [Worker-Main-1/ERROR] [net.minecraft.server.packs.resources.SimpleJsonResourceReloadListener/]: Couldn't parse data file minecraft:beetroot_soup from minecraft:recipes/beetroot_soup.json
com.google.gson.JsonParseException: java.io.EOFException: End of input at line 1 column 1 path $
	at net.minecraft.util.GsonHelper.m_13780_(GsonHelper.java:526) ~[server-1.20.1-20230612.114412-srg.jar%23137!/:?]
	at net.minecraft.util.GsonHelper.m_263475_(GsonHelper.java:531) ~[server-1.20.1-20230612.114412-srg.jar%23137!/:?]
	at net.minecraft.util.GsonHelper.m_13776_(GsonHelper.java:581) ~[server-1.20.1-20230612.114412-srg.jar%23137!/:?]
	at net.minecraft.server.packs.resources.SimpleJsonResourceReloadListener.m_278771_(SimpleJsonResourceReloadListener.java:41) ~[server-1.20.1-20230612.114412-srg.jar%23137!/:?]
	at net.minecraft.server.packs.resources.SimpleJsonResourceReloadListener.m_5944_(SimpleJsonResourceReloadListener.java:29) ~[server-1.20.1-20230612.114412-srg.jar%23137!/:?]
	at net.minecraft.server.packs.resources.SimpleJsonResourceReloadListener.m_5944_(SimpleJsonResourceReloadListener.java:17) ~[server-1.20.1-20230612.114412-srg.jar%23137!/:?]
	at net.minecraft.server.packs.resources.SimplePreparableReloadListener.m_10786_(SimplePreparableReloadListener.java:11) ~[server-1.20.1-20230612.114412-srg.jar%23137!/:?]
	at java.util.concurrent.CompletableFuture$AsyncSupply.run(CompletableFuture.java:1768) ~[?:?]
	at java.util.concurrent.CompletableFuture$AsyncSupply.exec(CompletableFuture.java:1760) ~[?:?]
	at java.util.concurrent.ForkJoinTask.doExec(ForkJoinTask.java:373) ~[?:?]
	at java.util.concurrent.ForkJoinPool$WorkQueue.topLevelExec(ForkJoinPool.java:1182) ~[?:?]
	at java.util.concurrent.ForkJoinPool.scan(ForkJoinPool.java:1655) ~[?:?]
	at java.util.concurrent.ForkJoinPool.runWorker(ForkJoinPool.java:1622) ~[?:?]
	at java.util.concurrent.ForkJoinWorkerThread.run(ForkJoinWorkerThread.java:165) ~[?:?]
Caused by: java.io.EOFException: End of input at line 1 column 1 path $
	at com.google.gson.stream.JsonReader.nextNonWhitespace(JsonReader.java:1455) ~[gson-2.10.jar%2372!/:?]
	at com.google.gson.stream.JsonReader.doPeek(JsonReader.java:558) ~[gson-2.10.jar%2372!/:?]
	at com.google.gson.stream.JsonReader.peek(JsonReader.java:433) ~[gson-2.10.jar%2372!/:?]
	at com.google.gson.internal.bind.TypeAdapters$28.read(TypeAdapters.java:769) ~[gson-2.10.jar%2372!/:?]
	at com.google.gson.internal.bind.TypeAdapters$28.read(TypeAdapters.java:725) ~[gson-2.10.jar%2372!/:?]
	at com.google.gson.internal.bind.TypeAdapters$34$1.read(TypeAdapters.java:1007) ~[gson-2.10.jar%2372!/:?]
	at net.minecraft.util.GsonHelper.m_13780_(GsonHelper.java:524) ~[server-1.20.1-20230612.114412-srg.jar%23137!/:?]
	... 13 more
[26Feb2026 22:11:23.457] [Worker-Main-1/ERROR] [net.minecraft.server.packs.resources.SimpleJsonResourceReloadListener/]: Couldn't parse data file minecraft:mushroom_stew from minecraft:recipes/mushroom_stew.json
com.google.gson.JsonParseException: java.io.EOFException: End of input at line 1 column 1 path $
	at net.minecraft.util.GsonHelper.m_13780_(GsonHelper.java:526) ~[server-1.20.1-20230612.114412-srg.jar%23137!/:?]
	at net.minecraft.util.GsonHelper.m_263475_(GsonHelper.java:531) ~[server-1.20.1-20230612.114412-srg.jar%23137!/:?]
	at net.minecraft.util.GsonHelper.m_13776_(GsonHelper.java:581) ~[server-1.20.1-20230612.114412-srg.jar%23137!/:?]
	at net.minecraft.server.packs.resources.SimpleJsonResourceReloadListener.m_278771_(SimpleJsonResourceReloadListener.java:41) ~[server-1.20.1-20230612.114412-srg.jar%23137!/:?]
	at net.minecraft.server.packs.resources.SimpleJsonResourceReloadListener.m_5944_(SimpleJsonResourceReloadListener.java:29) ~[server-1.20.1-20230612.114412-srg.jar%23137!/:?]
	at net.minecraft.server.packs.resources.SimpleJsonResourceReloadListener.m_5944_(SimpleJsonResourceReloadListener.java:17) ~[server-1.20.1-20230612.114412-srg.jar%23137!/:?]
	at net.minecraft.server.packs.resources.SimplePreparableReloadListener.m_10786_(SimplePreparableReloadListener.java:11) ~[server-1.20.1-20230612.114412-srg.jar%23137!/:?]
	at java.util.concurrent.CompletableFuture$AsyncSupply.run(CompletableFuture.java:1768) ~[?:?]
	at java.util.concurrent.CompletableFuture$AsyncSupply.exec(CompletableFuture.java:1760) ~[?:?]
	at java.util.concurrent.ForkJoinTask.doExec(ForkJoinTask.java:373) ~[?:?]
	at java.util.concurrent.ForkJoinPool$WorkQueue.topLevelExec(ForkJoinPool.java:1182) ~[?:?]
	at java.util.concurrent.ForkJoinPool.scan(ForkJoinPool.java:1655) ~[?:?]
	at java.util.concurrent.ForkJoinPool.runWorker(ForkJoinPool.java:1622) ~[?:?]
	at java.util.concurrent.ForkJoinWorkerThread.run(ForkJoinWorkerThread.java:165) ~[?:?]
Caused by: java.io.EOFException: End of input at line 1 column 1 path $
	at com.google.gson.stream.JsonReader.nextNonWhitespace(JsonReader.java:1455) ~[gson-2.10.jar%2372!/:?]
	at com.google.gson.stream.JsonReader.doPeek(JsonReader.java:558) ~[gson-2.10.jar%2372!/:?]
	at com.google.gson.stream.JsonReader.peek(JsonReader.java:433) ~[gson-2.10.jar%2372!/:?]
	at com.google.gson.internal.bind.TypeAdapters$28.read(TypeAdapters.java:769) ~[gson-2.10.jar%2372!/:?]
	at com.google.gson.internal.bind.TypeAdapters$28.read(TypeAdapters.java:725) ~[gson-2.10.jar%2372!/:?]
	at com.google.gson.internal.bind.TypeAdapters$34$1.read(TypeAdapters.java:1007) ~[gson-2.10.jar%2372!/:?]
	at net.minecraft.util.GsonHelper.m_13780_(GsonHelper.java:524) ~[server-1.20.1-20230612.114412-srg.jar%23137!/:?]
	... 13 more
[26Feb2026 22:11:23.504] [Worker-Main-1/ERROR] [net.minecraft.server.packs.resources.SimpleJsonResourceReloadListener/]: Couldn't parse data file minecraft:rabbit_stew_from_brown_mushroom from minecraft:recipes/rabbit_stew_from_brown_mushroom.json
com.google.gson.JsonParseException: java.io.EOFException: End of input at line 1 column 1 path $
	at net.minecraft.util.GsonHelper.m_13780_(GsonHelper.java:526) ~[server-1.20.1-20230612.114412-srg.jar%23137!/:?]
	at net.minecraft.util.GsonHelper.m_263475_(GsonHelper.java:531) ~[server-1.20.1-20230612.114412-srg.jar%23137!/:?]
	at net.minecraft.util.GsonHelper.m_13776_(GsonHelper.java:581) ~[server-1.20.1-20230612.114412-srg.jar%23137!/:?]
	at net.minecraft.server.packs.resources.SimpleJsonResourceReloadListener.m_278771_(SimpleJsonResourceReloadListener.java:41) ~[server-1.20.1-20230612.114412-srg.jar%23137!/:?]
	at net.minecraft.server.packs.resources.SimpleJsonResourceReloadListener.m_5944_(SimpleJsonResourceReloadListener.java:29) ~[server-1.20.1-20230612.114412-srg.jar%23137!/:?]
	at net.minecraft.server.packs.resources.SimpleJsonResourceReloadListener.m_5944_(SimpleJsonResourceReloadListener.java:17) ~[server-1.20.1-20230612.114412-srg.jar%23137!/:?]
	at net.minecraft.server.packs.resources.SimplePreparableReloadListener.m_10786_(SimplePreparableReloadListener.java:11) ~[server-1.20.1-20230612.114412-srg.jar%23137!/:?]
	at java.util.concurrent.CompletableFuture$AsyncSupply.run(CompletableFuture.java:1768) ~[?:?]
	at java.util.concurrent.CompletableFuture$AsyncSupply.exec(CompletableFuture.java:1760) ~[?:?]
	at java.util.concurrent.ForkJoinTask.doExec(ForkJoinTask.java:373) ~[?:?]
	at java.util.concurrent.ForkJoinPool$WorkQueue.topLevelExec(ForkJoinPool.java:1182) ~[?:?]
	at java.util.concurrent.ForkJoinPool.scan(ForkJoinPool.java:1655) ~[?:?]
	at java.util.concurrent.ForkJoinPool.runWorker(ForkJoinPool.java:1622) ~[?:?]
	at java.util.concurrent.ForkJoinWorkerThread.run(ForkJoinWorkerThread.java:165) ~[?:?]
Caused by: java.io.EOFException: End of input at line 1 column 1 path $
	at com.google.gson.stream.JsonReader.nextNonWhitespace(JsonReader.java:1455) ~[gson-2.10.jar%2372!/:?]
	at com.google.gson.stream.JsonReader.doPeek(JsonReader.java:558) ~[gson-2.10.jar%2372!/:?]
	at com.google.gson.stream.JsonReader.peek(JsonReader.java:433) ~[gson-2.10.jar%2372!/:?]
	at com.google.gson.internal.bind.TypeAdapters$28.read(TypeAdapters.java:769) ~[gson-2.10.jar%2372!/:?]
	at com.google.gson.internal.bind.TypeAdapters$28.read(TypeAdapters.java:725) ~[gson-2.10.jar%2372!/:?]
	at com.google.gson.internal.bind.TypeAdapters$34$1.read(TypeAdapters.java:1007) ~[gson-2.10.jar%2372!/:?]
	at net.minecraft.util.GsonHelper.m_13780_(GsonHelper.java:524) ~[server-1.20.1-20230612.114412-srg.jar%23137!/:?]
	... 13 more
[26Feb2026 22:11:23.508] [Worker-Main-1/ERROR] [net.minecraft.server.packs.resources.SimpleJsonResourceReloadListener/]: Couldn't parse data file minecraft:rabbit_stew_from_red_mushroom from minecraft:recipes/rabbit_stew_from_red_mushroom.json
com.google.gson.JsonParseException: java.io.EOFException: End of input at line 1 column 1 path $
	at net.minecraft.util.GsonHelper.m_13780_(GsonHelper.java:526) ~[server-1.20.1-20230612.114412-srg.jar%23137!/:?]
	at net.minecraft.util.GsonHelper.m_263475_(GsonHelper.java:531) ~[server-1.20.1-20230612.114412-srg.jar%23137!/:?]
	at net.minecraft.util.GsonHelper.m_13776_(GsonHelper.java:581) ~[server-1.20.1-20230612.114412-srg.jar%23137!/:?]
	at net.minecraft.server.packs.resources.SimpleJsonResourceReloadListener.m_278771_(SimpleJsonResourceReloadListener.java:41) ~[server-1.20.1-20230612.114412-srg.jar%23137!/:?]
	at net.minecraft.server.packs.resources.SimpleJsonResourceReloadListener.m_5944_(SimpleJsonResourceReloadListener.java:29) ~[server-1.20.1-20230612.114412-srg.jar%23137!/:?]
	at net.minecraft.server.packs.resources.SimpleJsonResourceReloadListener.m_5944_(SimpleJsonResourceReloadListener.java:17) ~[server-1.20.1-20230612.114412-srg.jar%23137!/:?]
	at net.minecraft.server.packs.resources.SimplePreparableReloadListener.m_10786_(SimplePreparableReloadListener.java:11) ~[server-1.20.1-20230612.114412-srg.jar%23137!/:?]
	at java.util.concurrent.CompletableFuture$AsyncSupply.run(CompletableFuture.java:1768) ~[?:?]
	at java.util.concurrent.CompletableFuture$AsyncSupply.exec(CompletableFuture.java:1760) ~[?:?]
	at java.util.concurrent.ForkJoinTask.doExec(ForkJoinTask.java:373) ~[?:?]
	at java.util.concurrent.ForkJoinPool$WorkQueue.topLevelExec(ForkJoinPool.java:1182) ~[?:?]
	at java.util.concurrent.ForkJoinPool.scan(ForkJoinPool.java:1655) ~[?:?]
	at java.util.concurrent.ForkJoinPool.runWorker(ForkJoinPool.java:1622) ~[?:?]
	at java.util.concurrent.ForkJoinWorkerThread.run(ForkJoinWorkerThread.java:165) ~[?:?]
Caused by: java.io.EOFException: End of input at line 1 column 1 path $
	at com.google.gson.stream.JsonReader.nextNonWhitespace(JsonReader.java:1455) ~[gson-2.10.jar%2372!/:?]
	at com.google.gson.stream.JsonReader.doPeek(JsonReader.java:558) ~[gson-2.10.jar%2372!/:?]
	at com.google.gson.stream.JsonReader.peek(JsonReader.java:433) ~[gson-2.10.jar%2372!/:?]
	at com.google.gson.internal.bind.TypeAdapters$28.read(TypeAdapters.java:769) ~[gson-2.10.jar%2372!/:?]
	at com.google.gson.internal.bind.TypeAdapters$28.read(TypeAdapters.java:725) ~[gson-2.10.jar%2372!/:?]
	at com.google.gson.internal.bind.TypeAdapters$34$1.read(TypeAdapters.java:1007) ~[gson-2.10.jar%2372!/:?]
	at net.minecraft.util.GsonHelper.m_13780_(GsonHelper.java:524) ~[server-1.20.1-20230612.114412-srg.jar%23137!/:?]
	... 13 more
[26Feb2026 22:11:24.630] [main/ERROR] [net.minecraft.world.item.crafting.RecipeManager/]: Parsing error loading recipe culturaldelights:fermenting/pickle
com.google.gson.JsonSyntaxException: Invalid or unsupported recipe type 'brewinandchewin:fermenting'
	at net.minecraft.world.item.crafting.RecipeManager.m_220253_(RecipeManager.java:170) ~[server-1.20.1-20230612.114412-srg.jar%23137!/:?]
	at java.util.Optional.orElseThrow(Optional.java:403) ~[?:?]
	at net.minecraft.world.item.crafting.RecipeManager.fromJson(RecipeManager.java:169) ~[server-1.20.1-20230612.114412-srg.jar%23137!/:?]
	at net.minecraft.world.item.crafting.RecipeManager.m_5787_(RecipeManager.java:67) ~[server-1.20.1-20230612.114412-srg.jar%23137!/:?]
	at net.minecraft.world.item.crafting.RecipeManager.m_5787_(RecipeManager.java:34) ~[server-1.20.1-20230612.114412-srg.jar%23137!/:?]
	at net.minecraft.server.packs.resources.SimplePreparableReloadListener.m_10789_(SimplePreparableReloadListener.java:13) ~[server-1.20.1-20230612.114412-srg.jar%23137!/:?]
	at java.util.concurrent.CompletableFuture$UniAccept.tryFire(CompletableFuture.java:718) ~[?:?]
	at java.util.concurrent.CompletableFuture$Completion.run(CompletableFuture.java:482) ~[?:?]
	at net.minecraft.server.packs.resources.SimpleReloadInstance.m_143940_(SimpleReloadInstance.java:69) ~[server-1.20.1-20230612.114412-srg.jar%23137!/:?]
	at net.minecraft.Util.m_214652_(Util.java:783) ~[server-1.20.1-20230612.114412-srg.jar%23137!/:?]
	at net.minecraft.Util.m_214679_(Util.java:772) ~[server-1.20.1-20230612.114412-srg.jar%23137!/:?]
	at net.minecraft.server.Main.main(Main.java:166) ~[server-1.20.1-20230612.114412-srg.jar%23137!/:?]
	at jdk.internal.reflect.NativeMethodAccessorImpl.invoke0(Native Method) ~[?:?]
	at jdk.internal.reflect.NativeMethodAccessorImpl.invoke(NativeMethodAccessorImpl.java:77) ~[?:?]
	at jdk.internal.reflect.DelegatingMethodAccessorImpl.invoke(DelegatingMethodAccessorImpl.java:43) ~[?:?]
	at java.lang.reflect.Method.invoke(Method.java:569) ~[?:?]
	at net.minecraftforge.fml.loading.targets.CommonLaunchHandler.runTarget(CommonLaunchHandler.java:111) ~[fmlloader-1.20.1-47.3.7.jar%2369!/:?]
	at net.minecraftforge.fml.loading.targets.CommonLaunchHandler.serverService(CommonLaunchHandler.java:103) ~[fmlloader-1.20.1-47.3.7.jar%2369!/:?]
	at net.minecraftforge.fml.loading.targets.CommonServerLaunchHandler.lambda$makeService$0(CommonServerLaunchHandler.java:27) ~[fmlloader-1.20.1-47.3.7.jar%2369!/:?]
	at cpw.mods.modlauncher.LaunchServiceHandlerDecorator.launch(LaunchServiceHandlerDecorator.java:30) ~[modlauncher-10.0.9.jar%2355!/:?]
	at cpw.mods.modlauncher.LaunchServiceHandler.launch(LaunchServiceHandler.java:53) ~[modlauncher-10.0.9.jar%2355!/:?]
	at cpw.mods.modlauncher.LaunchServiceHandler.launch(LaunchServiceHandler.java:71) ~[modlauncher-10.0.9.jar%2355!/:?]
	at cpw.mods.modlauncher.Launcher.run(Launcher.java:108) ~[modlauncher-10.0.9.jar%2355!/:?]
	at cpw.mods.modlauncher.Launcher.main(Launcher.java:78) ~[modlauncher-10.0.9.jar%2355!/:?]
	at cpw.mods.modlauncher.BootstrapLaunchConsumer.accept(BootstrapLaunchConsumer.java:26) ~[modlauncher-10.0.9.jar%2355!/:?]
	at cpw.mods.modlauncher.BootstrapLaunchConsumer.accept(BootstrapLaunchConsumer.java:23) ~[modlauncher-10.0.9.jar%2355!/:?]
	at cpw.mods.bootstraplauncher.BootstrapLauncher.main(BootstrapLauncher.java:141) ~[bootstraplauncher-1.1.2.jar:?]
[26Feb2026 22:11:24.651] [main/INFO] [net.minecraft.world.item.crafting.RecipeManager/]: Loaded 17 recipes
[26Feb2026 22:11:24.965] [main/INFO] [net.minecraft.advancements.AdvancementList/]: Loaded 2721 advancements
[26Feb2026 22:11:27.623] [Server thread/INFO] [net.minecraft.server.dedicated.DedicatedServer/]: Starting minecraft server version 1.20.1
[26Feb2026 22:11:27.623] [Server thread/INFO] [net.minecraft.server.dedicated.DedicatedServer/]: Loading properties
[26Feb2026 22:11:27.623] [Server thread/INFO] [net.minecraft.server.dedicated.DedicatedServer/]: Default game type: SURVIVAL
[26Feb2026 22:11:27.625] [Server thread/INFO] [net.minecraft.server.MinecraftServer/]: Generating keypair
[26Feb2026 22:11:28.144] [Server thread/INFO] [net.minecraft.server.dedicated.DedicatedServer/]: Starting Minecraft server on *:25565
[26Feb2026 22:11:28.422] [Server thread/INFO] [net.minecraft.server.network.ServerConnectionListener/]: Using epoll channel type
[26Feb2026 22:11:28.944] [Server thread/WARN] [net.minecraft.server.dedicated.DedicatedServer/]: **** SERVER IS RUNNING IN OFFLINE/INSECURE MODE!
[26Feb2026 22:11:28.944] [Server thread/WARN] [net.minecraft.server.dedicated.DedicatedServer/]: The server will make no attempt to authenticate usernames. Beware.
[26Feb2026 22:11:28.944] [Server thread/WARN] [net.minecraft.server.dedicated.DedicatedServer/]: While this makes the game possible to play without internet access, it also opens up the ability for hackers to connect with any username they choose.
[26Feb2026 22:11:28.946] [Server thread/WARN] [net.minecraft.server.dedicated.DedicatedServer/]: To change this, set "online-mode" to "true" in the server.properties file.
[26Feb2026 22:11:29.105] [Server thread/INFO] [journeymap/]: Loading JourneyMap Forge Configs
[26Feb2026 22:11:29.107] [Thread-1/INFO] [journeymap/]: Loading JourneyMap Forge Configs
[26Feb2026 22:11:29.108] [Thread-1/INFO] [journeymap/]: Loading JourneyMap Forge Configs
[26Feb2026 22:11:29.109] [Server thread/WARN] [net.minecraftforge.common.ForgeConfigSpec/CORE]: Configuration file ./world/serverconfig/sophisticatedbackpacks-server.toml is not correct. Correcting
[26Feb2026 22:11:29.111] [Server thread/WARN] [net.minecraftforge.common.ForgeConfigSpec/CORE]: Incorrect key server was corrected from null to its default, SimpleCommentedConfig:{}. 
[26Feb2026 22:11:29.111] [Server thread/WARN] [net.minecraftforge.common.ForgeConfigSpec/CORE]: Incorrect key server.disallowedItems was corrected from null to its default, []. 
[26Feb2026 22:11:29.112] [Server thread/WARN] [net.minecraftforge.common.ForgeConfigSpec/CORE]: Incorrect key server.containerItemsDisallowed was corrected from null to its default, false. 
[26Feb2026 22:11:29.113] [Server thread/WARN] [net.minecraftforge.common.ForgeConfigSpec/CORE]: Incorrect key server.noInteractionBlocks was corrected from null to its default, []. 
[26Feb2026 22:11:29.114] [Server thread/WARN] [net.minecraftforge.common.ForgeConfigSpec/CORE]: Incorrect key server.noConnectionBlocks was corrected from null to its default, []. 
[26Feb2026 22:11:29.114] [Server thread/WARN] [net.minecraftforge.common.ForgeConfigSpec/CORE]: Incorrect key server.allBlockConnectionsDisallowed was corrected from null to its default, false. 
[26Feb2026 22:11:29.115] [Server thread/WARN] [net.minecraftforge.common.ForgeConfigSpec/CORE]: Incorrect key server.leatherBackpack was corrected from null to its default, SimpleCommentedConfig:{}. 
[26Feb2026 22:11:29.116] [Server thread/WARN] [net.minecraftforge.common.ForgeConfigSpec/CORE]: Incorrect key server.leatherBackpack.inventorySlotCount was corrected from null to its default, 27. 
[26Feb2026 22:11:29.117] [Server thread/WARN] [net.minecraftforge.common.ForgeConfigSpec/CORE]: Incorrect key server.leatherBackpack.upgradeSlotCount was corrected from null to its default, 1. 
[26Feb2026 22:11:29.118] [Server thread/WARN] [net.minecraftforge.common.ForgeConfigSpec/CORE]: Incorrect key server.copperBackpack was corrected from null to its default, SimpleCommentedConfig:{}. 
[26Feb2026 22:11:29.118] [Server thread/WARN] [net.minecraftforge.common.ForgeConfigSpec/CORE]: Incorrect key server.copperBackpack.inventorySlotCount was corrected from null to its default, 45. 
[26Feb2026 22:11:29.119] [Server thread/WARN] [net.minecraftforge.common.ForgeConfigSpec/CORE]: Incorrect key server.copperBackpack.upgradeSlotCount was corrected from null to its default, 1. 
[26Feb2026 22:11:29.119] [Server thread/WARN] [net.minecraftforge.common.ForgeConfigSpec/CORE]: Incorrect key server.ironBackpack was corrected from null to its default, SimpleCommentedConfig:{}. 
[26Feb2026 22:11:29.119] [Server thread/WARN] [net.minecraftforge.common.ForgeConfigSpec/CORE]: Incorrect key server.ironBackpack.inventorySlotCount was corrected from null to its default, 54. 
[26Feb2026 22:11:29.120] [Server thread/WARN] [net.minecraftforge.common.ForgeConfigSpec/CORE]: Incorrect key server.ironBackpack.upgradeSlotCount was corrected from null to its default, 2. 
[26Feb2026 22:11:29.120] [Server thread/WARN] [net.minecraftforge.common.ForgeConfigSpec/CORE]: Incorrect key server.goldBackpack was corrected from null to its default, SimpleCommentedConfig:{}. 
[26Feb2026 22:11:29.120] [Server thread/WARN] [net.minecraftforge.common.ForgeConfigSpec/CORE]: Incorrect key server.goldBackpack.inventorySlotCount was corrected from null to its default, 81. 
[26Feb2026 22:11:29.125] [Server thread/WARN] [net.minecraftforge.common.ForgeConfigSpec/CORE]: Incorrect key server.goldBackpack.upgradeSlotCount was corrected from null to its default, 3. 
[26Feb2026 22:11:29.127] [Server thread/WARN] [net.minecraftforge.common.ForgeConfigSpec/CORE]: Incorrect key server.diamondBackpack was corrected from null to its default, SimpleCommentedConfig:{}. 
[26Feb2026 22:11:29.129] [Server thread/WARN] [net.minecraftforge.common.ForgeConfigSpec/CORE]: Incorrect key server.diamondBackpack.inventorySlotCount was corrected from null to its default, 108. 
[26Feb2026 22:11:29.131] [Server thread/WARN] [net.minecraftforge.common.ForgeConfigSpec/CORE]: Incorrect key server.diamondBackpack.upgradeSlotCount was corrected from null to its default, 5. 
[26Feb2026 22:11:29.131] [Server thread/WARN] [net.minecraftforge.common.ForgeConfigSpec/CORE]: Incorrect key server.netheriteBackpack was corrected from null to its default, SimpleCommentedConfig:{}. 
[26Feb2026 22:11:29.135] [Server thread/WARN] [net.minecraftforge.common.ForgeConfigSpec/CORE]: Incorrect key server.netheriteBackpack.inventorySlotCount was corrected from null to its default, 120. 
[26Feb2026 22:11:29.135] [Server thread/WARN] [net.minecraftforge.common.ForgeConfigSpec/CORE]: Incorrect key server.netheriteBackpack.upgradeSlotCount was corrected from null to its default, 7. 
[26Feb2026 22:11:29.135] [Server thread/WARN] [net.minecraftforge.common.ForgeConfigSpec/CORE]: Incorrect key server.compactingUpgrade was corrected from null to its default, SimpleCommentedConfig:{}. 
[26Feb2026 22:11:29.136] [Server thread/WARN] [net.minecraftforge.common.ForgeConfigSpec/CORE]: Incorrect key server.compactingUpgrade.filterSlots was corrected from null to its default, 9. 
[26Feb2026 22:11:29.136] [Server thread/WARN] [net.minecraftforge.common.ForgeConfigSpec/CORE]: Incorrect key server.compactingUpgrade.slotsInRow was corrected from null to its default, 3. 
[26Feb2026 22:11:29.141] [Server thread/WARN] [net.minecraftforge.common.ForgeConfigSpec/CORE]: Incorrect key server.advancedCompactingUpgrade was corrected from null to its default, SimpleCommentedConfig:{}. 
[26Feb2026 22:11:29.141] [Server thread/WARN] [net.minecraftforge.common.ForgeConfigSpec/CORE]: Incorrect key server.advancedCompactingUpgrade.filterSlots was corrected from null to its default, 16. 
[26Feb2026 22:11:29.145] [Server thread/WARN] [net.minecraftforge.common.ForgeConfigSpec/CORE]: Incorrect key server.advancedCompactingUpgrade.slotsInRow was corrected from null to its default, 4. 
[26Feb2026 22:11:29.146] [Server thread/WARN] [net.minecraftforge.common.ForgeConfigSpec/CORE]: Incorrect key server.depositUpgrade was corrected from null to its default, SimpleCommentedConfig:{}. 
[26Feb2026 22:11:29.146] [Server thread/WARN] [net.minecraftforge.common.ForgeConfigSpec/CORE]: Incorrect key server.depositUpgrade.filterSlots was corrected from null to its default, 9. 
[26Feb2026 22:11:29.147] [Server thread/WARN] [net.minecraftforge.common.ForgeConfigSpec/CORE]: Incorrect key server.depositUpgrade.slotsInRow was corrected from null to its default, 3. 
[26Feb2026 22:11:29.149] [Server thread/WARN] [net.minecraftforge.common.ForgeConfigSpec/CORE]: Incorrect key server.advancedDepositUpgrade was corrected from null to its default, SimpleCommentedConfig:{}. 
[26Feb2026 22:11:29.150] [Server thread/WARN] [net.minecraftforge.common.ForgeConfigSpec/CORE]: Incorrect key server.advancedDepositUpgrade.filterSlots was corrected from null to its default, 16. 
[26Feb2026 22:11:29.151] [Server thread/WARN] [net.minecraftforge.common.ForgeConfigSpec/CORE]: Incorrect key server.advancedDepositUpgrade.slotsInRow was corrected from null to its default, 4. 
[26Feb2026 22:11:29.154] [Server thread/WARN] [net.minecraftforge.common.ForgeConfigSpec/CORE]: Incorrect key server.feedingUpgrade was corrected from null to its default, SimpleCommentedConfig:{}. 
[26Feb2026 22:11:29.155] [Server thread/WARN] [net.minecraftforge.common.ForgeConfigSpec/CORE]: Incorrect key server.feedingUpgrade.filterSlots was corrected from null to its default, 9. 
[26Feb2026 22:11:29.155] [Server thread/WARN] [net.minecraftforge.common.ForgeConfigSpec/CORE]: Incorrect key server.feedingUpgrade.slotsInRow was corrected from null to its default, 3. 
[26Feb2026 22:11:29.155] [Server thread/WARN] [net.minecraftforge.common.ForgeConfigSpec/CORE]: Incorrect key server.advancedFeedingUpgrade was corrected from null to its default, SimpleCommentedConfig:{}. 
[26Feb2026 22:11:29.155] [Server thread/WARN] [net.minecraftforge.common.ForgeConfigSpec/CORE]: Incorrect key server.advancedFeedingUpgrade.filterSlots was corrected from null to its default, 16. 
[26Feb2026 22:11:29.157] [Server thread/WARN] [net.minecraftforge.common.ForgeConfigSpec/CORE]: Incorrect key server.advancedFeedingUpgrade.slotsInRow was corrected from null to its default, 4. 
[26Feb2026 22:11:29.159] [Server thread/WARN] [net.minecraftforge.common.ForgeConfigSpec/CORE]: Incorrect key server.filterUpgrade was corrected from null to its default, SimpleCommentedConfig:{}. 
[26Feb2026 22:11:29.161] [Server thread/WARN] [net.minecraftforge.common.ForgeConfigSpec/CORE]: Incorrect key server.filterUpgrade.filterSlots was corrected from null to its default, 9. 
[26Feb2026 22:11:29.162] [Server thread/WARN] [net.minecraftforge.common.ForgeConfigSpec/CORE]: Incorrect key server.filterUpgrade.slotsInRow was corrected from null to its default, 3. 
[26Feb2026 22:11:29.164] [Server thread/WARN] [net.minecraftforge.common.ForgeConfigSpec/CORE]: Incorrect key server.advancedFilterUpgrade was corrected from null to its default, SimpleCommentedConfig:{}. 
[26Feb2026 22:11:29.165] [Server thread/WARN] [net.minecraftforge.common.ForgeConfigSpec/CORE]: Incorrect key server.advancedFilterUpgrade.filterSlots was corrected from null to its default, 16. 
[26Feb2026 22:11:29.166] [Server thread/WARN] [net.minecraftforge.common.ForgeConfigSpec/CORE]: Incorrect key server.advancedFilterUpgrade.slotsInRow was corrected from null to its default, 4. 
[26Feb2026 22:11:29.168] [Server thread/WARN] [net.minecraftforge.common.ForgeConfigSpec/CORE]: Incorrect key server.magnetUpgrade was corrected from null to its default, SimpleCommentedConfig:{}. 
[26Feb2026 22:11:29.169] [Server thread/WARN] [net.minecraftforge.common.ForgeConfigSpec/CORE]: Incorrect key server.magnetUpgrade.filterSlots was corrected from null to its default, 9. 
[26Feb2026 22:11:29.169] [Server thread/WARN] [net.minecraftforge.common.ForgeConfigSpec/CORE]: Incorrect key server.magnetUpgrade.slotsInRow was corrected from null to its default, 3. 
[26Feb2026 22:11:29.170] [Server thread/WARN] [net.minecraftforge.common.ForgeConfigSpec/CORE]: Incorrect key server.magnetUpgrade.magnetRange was corrected from null to its default, 3. 
[26Feb2026 22:11:29.172] [Server thread/WARN] [net.minecraftforge.common.ForgeConfigSpec/CORE]: Incorrect key server.advancedMagnetUpgrade was corrected from null to its default, SimpleCommentedConfig:{}. 
[26Feb2026 22:11:29.175] [Server thread/WARN] [net.minecraftforge.common.ForgeConfigSpec/CORE]: Incorrect key server.advancedMagnetUpgrade.filterSlots was corrected from null to its default, 16. 
[26Feb2026 22:11:29.177] [Server thread/WARN] [net.minecraftforge.common.ForgeConfigSpec/CORE]: Incorrect key server.advancedMagnetUpgrade.slotsInRow was corrected from null to its default, 4. 
[26Feb2026 22:11:29.177] [Server thread/WARN] [net.minecraftforge.common.ForgeConfigSpec/CORE]: Incorrect key server.advancedMagnetUpgrade.magnetRange was corrected from null to its default, 5. 
[26Feb2026 22:11:29.177] [Server thread/WARN] [net.minecraftforge.common.ForgeConfigSpec/CORE]: Incorrect key server.pickupUpgrade was corrected from null to its default, SimpleCommentedConfig:{}. 
[26Feb2026 22:11:29.178] [Server thread/WARN] [net.minecraftforge.common.ForgeConfigSpec/CORE]: Incorrect key server.pickupUpgrade.filterSlots was corrected from null to its default, 9. 
[26Feb2026 22:11:29.179] [Server thread/WARN] [net.minecraftforge.common.ForgeConfigSpec/CORE]: Incorrect key server.pickupUpgrade.slotsInRow was corrected from null to its default, 3. 
[26Feb2026 22:11:29.181] [Server thread/WARN] [net.minecraftforge.common.ForgeConfigSpec/CORE]: Incorrect key server.advancedPickupUpgrade was corrected from null to its default, SimpleCommentedConfig:{}. 
[26Feb2026 22:11:29.182] [Server thread/WARN] [net.minecraftforge.common.ForgeConfigSpec/CORE]: Incorrect key server.advancedPickupUpgrade.filterSlots was corrected from null to its default, 16. 
[26Feb2026 22:11:29.183] [Server thread/WARN] [net.minecraftforge.common.ForgeConfigSpec/CORE]: Incorrect key server.advancedPickupUpgrade.slotsInRow was corrected from null to its default, 4. 
[26Feb2026 22:11:29.185] [Server thread/WARN] [net.minecraftforge.common.ForgeConfigSpec/CORE]: Incorrect key server.refillUpgrade was corrected from null to its default, SimpleCommentedConfig:{}. 
[26Feb2026 22:11:29.185] [Server thread/WARN] [net.minecraftforge.common.ForgeConfigSpec/CORE]: Incorrect key server.refillUpgrade.filterSlots was corrected from null to its default, 6. 
[26Feb2026 22:11:29.186] [Server thread/WARN] [net.minecraftforge.common.ForgeConfigSpec/CORE]: Incorrect key server.refillUpgrade.slotsInRow was corrected from null to its default, 3. 
[26Feb2026 22:11:29.186] [Server thread/WARN] [net.minecraftforge.common.ForgeConfigSpec/CORE]: Incorrect key server.advancedRefillUpgrade was corrected from null to its default, SimpleCommentedConfig:{}. 
[26Feb2026 22:11:29.186] [Server thread/WARN] [net.minecraftforge.common.ForgeConfigSpec/CORE]: Incorrect key server.advancedRefillUpgrade.filterSlots was corrected from null to its default, 12. 
[26Feb2026 22:11:29.189] [Server thread/WARN] [net.minecraftforge.common.ForgeConfigSpec/CORE]: Incorrect key server.advancedRefillUpgrade.slotsInRow was corrected from null to its default, 4. 
[26Feb2026 22:11:29.190] [Server thread/WARN] [net.minecraftforge.common.ForgeConfigSpec/CORE]: Incorrect key server.restockUpgrade was corrected from null to its default, SimpleCommentedConfig:{}. 
[26Feb2026 22:11:29.192] [Server thread/WARN] [net.minecraftforge.common.ForgeConfigSpec/CORE]: Incorrect key server.restockUpgrade.filterSlots was corrected from null to its default, 9. 
[26Feb2026 22:11:29.194] [Server thread/WARN] [net.minecraftforge.common.ForgeConfigSpec/CORE]: Incorrect key server.restockUpgrade.slotsInRow was corrected from null to its default, 3. 
[26Feb2026 22:11:29.196] [Server thread/WARN] [net.minecraftforge.common.ForgeConfigSpec/CORE]: Incorrect key server.advancedRestockUpgrade was corrected from null to its default, SimpleCommentedConfig:{}. 
[26Feb2026 22:11:29.198] [Server thread/WARN] [net.minecraftforge.common.ForgeConfigSpec/CORE]: Incorrect key server.advancedRestockUpgrade.filterSlots was corrected from null to its default, 16. 
[26Feb2026 22:11:29.199] [Server thread/WARN] [net.minecraftforge.common.ForgeConfigSpec/CORE]: Incorrect key server.advancedRestockUpgrade.slotsInRow was corrected from null to its default, 4. 
[26Feb2026 22:11:29.199] [Server thread/WARN] [net.minecraftforge.common.ForgeConfigSpec/CORE]: Incorrect key server.voidUpgrade was corrected from null to its default, SimpleCommentedConfig:{}. 
[26Feb2026 22:11:29.199] [Server thread/WARN] [net.minecraftforge.common.ForgeConfigSpec/CORE]: Incorrect key server.voidUpgrade.filterSlots was corrected from null to its default, 9. 
[26Feb2026 22:11:29.204] [Server thread/WARN] [net.minecraftforge.common.ForgeConfigSpec/CORE]: Incorrect key server.voidUpgrade.slotsInRow was corrected from null to its default, 3. 
[26Feb2026 22:11:29.205] [Server thread/WARN] [net.minecraftforge.common.ForgeConfigSpec/CORE]: Incorrect key server.voidUpgrade.voidAlwaysEnabled was corrected from null to its default, true. 
[26Feb2026 22:11:29.207] [Server thread/WARN] [net.minecraftforge.common.ForgeConfigSpec/CORE]: Incorrect key server.advancedVoidUpgrade was corrected from null to its default, SimpleCommentedConfig:{}. 
[26Feb2026 22:11:29.207] [Server thread/WARN] [net.minecraftforge.common.ForgeConfigSpec/CORE]: Incorrect key server.advancedVoidUpgrade.filterSlots was corrected from null to its default, 16. 
[26Feb2026 22:11:29.211] [Server thread/WARN] [net.minecraftforge.common.ForgeConfigSpec/CORE]: Incorrect key server.advancedVoidUpgrade.slotsInRow was corrected from null to its default, 4. 
[26Feb2026 22:11:29.212] [Server thread/WARN] [net.minecraftforge.common.ForgeConfigSpec/CORE]: Incorrect key server.advancedVoidUpgrade.voidAlwaysEnabled was corrected from null to its default, true. 
[26Feb2026 22:11:29.212] [Server thread/WARN] [net.minecraftforge.common.ForgeConfigSpec/CORE]: Incorrect key server.stackUpgrade was corrected from null to its default, SimpleCommentedConfig:{}. 
[26Feb2026 22:11:29.212] [Server thread/WARN] [net.minecraftforge.common.ForgeConfigSpec/CORE]: Incorrect key server.stackUpgrade.nonStackableItems was corrected from null to its default, [minecraft:bundle, minecraft:shulker_box, minecraft:white_shulker_box, minecraft:orange_shulker_box, minecraft:magenta_shulker_box, minecraft:light_blue_shulker_box, minecraft:yellow_shulker_box, minecraft:lime_shulker_box, minecraft:pink_shulker_box, minecraft:gray_shulker_box, minecraft:light_gray_shulker_box, minecraft:cyan_shulker_box, minecraft:purple_shulker_box, minecraft:blue_shulker_box, minecraft:brown_shulker_box, minecraft:green_shulker_box, minecraft:red_shulker_box, minecraft:black_shulker_box]. 
[26Feb2026 22:11:29.213] [Server thread/WARN] [net.minecraftforge.common.ForgeConfigSpec/CORE]: Incorrect key server.smeltingUpgrade was corrected from null to its default, SimpleCommentedConfig:{}. 
[26Feb2026 22:11:29.213] [Server thread/WARN] [net.minecraftforge.common.ForgeConfigSpec/CORE]: Incorrect key server.smeltingUpgrade.smeltingSpeedMultiplier was corrected from null to its default, 1.0. 
[26Feb2026 22:11:29.222] [Server thread/WARN] [net.minecraftforge.common.ForgeConfigSpec/CORE]: Incorrect key server.smeltingUpgrade.fuelEfficiencyMultiplier was corrected from null to its default, 1.0. 
[26Feb2026 22:11:29.222] [Server thread/WARN] [net.minecraftforge.common.ForgeConfigSpec/CORE]: Incorrect key server.smokingUpgrade was corrected from null to its default, SimpleCommentedConfig:{}. 
[26Feb2026 22:11:29.224] [Server thread/WARN] [net.minecraftforge.common.ForgeConfigSpec/CORE]: Incorrect key server.smokingUpgrade.smeltingSpeedMultiplier was corrected from null to its default, 1.0. 
[26Feb2026 22:11:29.225] [Server thread/WARN] [net.minecraftforge.common.ForgeConfigSpec/CORE]: Incorrect key server.smokingUpgrade.fuelEfficiencyMultiplier was corrected from null to its default, 1.0. 
[26Feb2026 22:11:29.226] [Server thread/WARN] [net.minecraftforge.common.ForgeConfigSpec/CORE]: Incorrect key server.blastingUpgrade was corrected from null to its default, SimpleCommentedConfig:{}. 
[26Feb2026 22:11:29.229] [Server thread/WARN] [net.minecraftforge.common.ForgeConfigSpec/CORE]: Incorrect key server.blastingUpgrade.smeltingSpeedMultiplier was corrected from null to its default, 1.0. 
[26Feb2026 22:11:29.232] [Server thread/WARN] [net.minecraftforge.common.ForgeConfigSpec/CORE]: Incorrect key server.blastingUpgrade.fuelEfficiencyMultiplier was corrected from null to its default, 1.0. 
[26Feb2026 22:11:29.235] [Server thread/WARN] [net.minecraftforge.common.ForgeConfigSpec/CORE]: Incorrect key server.autoSmeltingUpgrade was corrected from null to its default, SimpleCommentedConfig:{}. 
[26Feb2026 22:11:29.237] [Server thread/WARN] [net.minecraftforge.common.ForgeConfigSpec/CORE]: Incorrect key server.autoSmeltingUpgrade.smeltingSpeedMultiplier was corrected from null to its default, 1.0. 
[26Feb2026 22:11:29.238] [Server thread/WARN] [net.minecraftforge.common.ForgeConfigSpec/CORE]: Incorrect key server.autoSmeltingUpgrade.fuelEfficiencyMultiplier was corrected from null to its default, 1.0. 
[26Feb2026 22:11:29.239] [Server thread/WARN] [net.minecraftforge.common.ForgeConfigSpec/CORE]: Incorrect key server.autoSmeltingUpgrade.inputFilterSlots was corrected from null to its default, 8. 
[26Feb2026 22:11:29.240] [Server thread/WARN] [net.minecraftforge.common.ForgeConfigSpec/CORE]: Incorrect key server.autoSmeltingUpgrade.inputFilterSlotsInRow was corrected from null to its default, 4. 
[26Feb2026 22:11:29.240] [Server thread/WARN] [net.minecraftforge.common.ForgeConfigSpec/CORE]: Incorrect key server.autoSmeltingUpgrade.fuelFilterSlots was corrected from null to its default, 4. 
[26Feb2026 22:11:29.240] [Server thread/WARN] [net.minecraftforge.common.ForgeConfigSpec/CORE]: Incorrect key server.autoSmeltingUpgrade.fuelFilterSlotsInRow was corrected from null to its default, 4. 
[26Feb2026 22:11:29.240] [Server thread/WARN] [net.minecraftforge.common.ForgeConfigSpec/CORE]: Incorrect key server.autoSmokingUpgrade was corrected from null to its default, SimpleCommentedConfig:{}. 
[26Feb2026 22:11:29.243] [Server thread/WARN] [net.minecraftforge.common.ForgeConfigSpec/CORE]: Incorrect key server.autoSmokingUpgrade.smeltingSpeedMultiplier was corrected from null to its default, 1.0. 
[26Feb2026 22:11:29.244] [Server thread/WARN] [net.minecraftforge.common.ForgeConfigSpec/CORE]: Incorrect key server.autoSmokingUpgrade.fuelEfficiencyMultiplier was corrected from null to its default, 1.0. 
[26Feb2026 22:11:29.244] [Server thread/WARN] [net.minecraftforge.common.ForgeConfigSpec/CORE]: Incorrect key server.autoSmokingUpgrade.inputFilterSlots was corrected from null to its default, 8. 
[26Feb2026 22:11:29.244] [Server thread/WARN] [net.minecraftforge.common.ForgeConfigSpec/CORE]: Incorrect key server.autoSmokingUpgrade.inputFilterSlotsInRow was corrected from null to its default, 4. 
[26Feb2026 22:11:29.244] [Server thread/WARN] [net.minecraftforge.common.ForgeConfigSpec/CORE]: Incorrect key server.autoSmokingUpgrade.fuelFilterSlots was corrected from null to its default, 4. 
[26Feb2026 22:11:29.245] [Server thread/WARN] [net.minecraftforge.common.ForgeConfigSpec/CORE]: Incorrect key server.autoSmokingUpgrade.fuelFilterSlotsInRow was corrected from null to its default, 4. 
[26Feb2026 22:11:29.245] [Server thread/WARN] [net.minecraftforge.common.ForgeConfigSpec/CORE]: Incorrect key server.autoBlastingUpgrade was corrected from null to its default, SimpleCommentedConfig:{}. 
[26Feb2026 22:11:29.245] [Server thread/WARN] [net.minecraftforge.common.ForgeConfigSpec/CORE]: Incorrect key server.autoBlastingUpgrade.smeltingSpeedMultiplier was corrected from null to its default, 1.0. 
[26Feb2026 22:11:29.250] [Server thread/WARN] [net.minecraftforge.common.ForgeConfigSpec/CORE]: Incorrect key server.autoBlastingUpgrade.fuelEfficiencyMultiplier was corrected from null to its default, 1.0. 
[26Feb2026 22:11:29.251] [Server thread/WARN] [net.minecraftforge.common.ForgeConfigSpec/CORE]: Incorrect key server.autoBlastingUpgrade.inputFilterSlots was corrected from null to its default, 8. 
[26Feb2026 22:11:29.251] [Server thread/WARN] [net.minecraftforge.common.ForgeConfigSpec/CORE]: Incorrect key server.autoBlastingUpgrade.inputFilterSlotsInRow was corrected from null to its default, 4. 
[26Feb2026 22:11:29.254] [Server thread/WARN] [net.minecraftforge.common.ForgeConfigSpec/CORE]: Incorrect key server.autoBlastingUpgrade.fuelFilterSlots was corrected from null to its default, 4. 
[26Feb2026 22:11:29.256] [Server thread/WARN] [net.minecraftforge.common.ForgeConfigSpec/CORE]: Incorrect key server.autoBlastingUpgrade.fuelFilterSlotsInRow was corrected from null to its default, 4. 
[26Feb2026 22:11:29.259] [Server thread/WARN] [net.minecraftforge.common.ForgeConfigSpec/CORE]: Incorrect key server.inceptionUpgrade was corrected from null to its default, SimpleCommentedConfig:{}. 
[26Feb2026 22:11:29.259] [Server thread/WARN] [net.minecraftforge.common.ForgeConfigSpec/CORE]: Incorrect key server.inceptionUpgrade.upgradesUseInventoriesOfBackpacksInBackpack was corrected from null to its default, true. 
[26Feb2026 22:11:29.262] [Server thread/WARN] [net.minecraftforge.common.ForgeConfigSpec/CORE]: Incorrect key server.inceptionUpgrade.upgradesInContainedBackpacksAreFunctional was corrected from null to its default, true. 
[26Feb2026 22:11:29.262] [Server thread/WARN] [net.minecraftforge.common.ForgeConfigSpec/CORE]: Incorrect key server.toolSwapperUpgrade was corrected from null to its default, SimpleCommentedConfig:{}. 
[26Feb2026 22:11:29.262] [Server thread/WARN] [net.minecraftforge.common.ForgeConfigSpec/CORE]: Incorrect key server.toolSwapperUpgrade.filterSlots was corrected from null to its default, 8. 
[26Feb2026 22:11:29.271] [Server thread/WARN] [net.minecraftforge.common.ForgeConfigSpec/CORE]: Incorrect key server.toolSwapperUpgrade.slotsInRow was corrected from null to its default, 4. 
[26Feb2026 22:11:29.272] [Server thread/WARN] [net.minecraftforge.common.ForgeConfigSpec/CORE]: Incorrect key server.tankUpgrade was corrected from null to its default, SimpleCommentedConfig:{}. 
[26Feb2026 22:11:29.272] [Server thread/WARN] [net.minecraftforge.common.ForgeConfigSpec/CORE]: Incorrect key server.tankUpgrade.capacityPerSlotRow was corrected from null to its default, 4000. 
[26Feb2026 22:11:29.272] [Server thread/WARN] [net.minecraftforge.common.ForgeConfigSpec/CORE]: Incorrect key server.tankUpgrade.stackMultiplierRatio was corrected from null to its default, 1.0. 
[26Feb2026 22:11:29.272] [Server thread/WARN] [net.minecraftforge.common.ForgeConfigSpec/CORE]: Incorrect key server.tankUpgrade.autoFillDrainContainerCooldown was corrected from null to its default, 20. 
[26Feb2026 22:11:29.276] [Server thread/WARN] [net.minecraftforge.common.ForgeConfigSpec/CORE]: Incorrect key server.tankUpgrade.maxInputOutput was corrected from null to its default, 20. 
[26Feb2026 22:11:29.276] [Server thread/WARN] [net.minecraftforge.common.ForgeConfigSpec/CORE]: Incorrect key server.tankUpgrade.energyPerSlotRow was corrected from null to its default, 10000. 
[26Feb2026 22:11:29.276] [Server thread/WARN] [net.minecraftforge.common.ForgeConfigSpec/CORE]: Incorrect key server.pumpUpgrade was corrected from null to its default, SimpleCommentedConfig:{}. 
[26Feb2026 22:11:29.276] [Server thread/WARN] [net.minecraftforge.common.ForgeConfigSpec/CORE]: Incorrect key server.pumpUpgrade.filterSlots was corrected from null to its default, 4. 
[26Feb2026 22:11:29.281] [Server thread/WARN] [net.minecraftforge.common.ForgeConfigSpec/CORE]: Incorrect key server.pumpUpgrade.maxInputOutput was corrected from null to its default, 20. 
[26Feb2026 22:11:29.281] [Server thread/WARN] [net.minecraftforge.common.ForgeConfigSpec/CORE]: Incorrect key server.pumpUpgrade.stackMultiplierRatio was corrected from null to its default, 1.0. 
[26Feb2026 22:11:29.281] [Server thread/WARN] [net.minecraftforge.common.ForgeConfigSpec/CORE]: Incorrect key server.xpPumpUpgrade was corrected from null to its default, SimpleCommentedConfig:{}. 
[26Feb2026 22:11:29.282] [Server thread/WARN] [net.minecraftforge.common.ForgeConfigSpec/CORE]: Incorrect key server.xpPumpUpgrade.mendingOn was corrected from null to its default, true. 
[26Feb2026 22:11:29.282] [Server thread/WARN] [net.minecraftforge.common.ForgeConfigSpec/CORE]: Incorrect key server.xpPumpUpgrade.maxXpPointsPerMending was corrected from null to its default, 5. 
[26Feb2026 22:11:29.282] [Server thread/WARN] [net.minecraftforge.common.ForgeConfigSpec/CORE]: Incorrect key server.advancedJukeboxUpgrade was corrected from null to its default, SimpleCommentedConfig:{}. 
[26Feb2026 22:11:29.290] [Server thread/WARN] [net.minecraftforge.common.ForgeConfigSpec/CORE]: Incorrect key server.advancedJukeboxUpgrade.numberOfSlots was corrected from null to its default, 12. 
[26Feb2026 22:11:29.291] [Server thread/WARN] [net.minecraftforge.common.ForgeConfigSpec/CORE]: Incorrect key server.advancedJukeboxUpgrade.slotsInRow was corrected from null to its default, 4. 
[26Feb2026 22:11:29.291] [Server thread/WARN] [net.minecraftforge.common.ForgeConfigSpec/CORE]: Incorrect key server.alchemyUpgrade was corrected from null to its default, SimpleCommentedConfig:{}. 
[26Feb2026 22:11:29.291] [Server thread/WARN] [net.minecraftforge.common.ForgeConfigSpec/CORE]: Incorrect key server.alchemyUpgrade.filterSlots was corrected from null to its default, 4. 
[26Feb2026 22:11:29.291] [Server thread/WARN] [net.minecraftforge.common.ForgeConfigSpec/CORE]: Incorrect key server.advancedAlchemyUpgrade was corrected from null to its default, SimpleCommentedConfig:{}. 
[26Feb2026 22:11:29.292] [Server thread/WARN] [net.minecraftforge.common.ForgeConfigSpec/CORE]: Incorrect key server.advancedAlchemyUpgrade.filterSlots was corrected from null to its default, 8. 
[26Feb2026 22:11:29.292] [Server thread/WARN] [net.minecraftforge.common.ForgeConfigSpec/CORE]: Incorrect key server.entityBackpackAdditions was corrected from null to its default, SimpleCommentedConfig:{}. 
[26Feb2026 22:11:29.292] [Server thread/WARN] [net.minecraftforge.common.ForgeConfigSpec/CORE]: Incorrect key server.entityBackpackAdditions.chance was corrected from null to its default, 0.01. 
[26Feb2026 22:11:29.292] [Server thread/WARN] [net.minecraftforge.common.ForgeConfigSpec/CORE]: Incorrect key server.entityBackpackAdditions.addLoot was corrected from null to its default, true. 
[26Feb2026 22:11:29.302] [Server thread/WARN] [net.minecraftforge.common.ForgeConfigSpec/CORE]: Incorrect key server.entityBackpackAdditions.buffWithPotionEffects was corrected from null to its default, true. 
[26Feb2026 22:11:29.302] [Server thread/WARN] [net.minecraftforge.common.ForgeConfigSpec/CORE]: Incorrect key server.entityBackpackAdditions.buffHealth was corrected from null to its default, true. 
[26Feb2026 22:11:29.302] [Server thread/WARN] [net.minecraftforge.common.ForgeConfigSpec/CORE]: Incorrect key server.entityBackpackAdditions.equipWithArmor was corrected from null to its default, true. 
[26Feb2026 22:11:29.303] [Server thread/WARN] [net.minecraftforge.common.ForgeConfigSpec/CORE]: Incorrect key server.entityBackpackAdditions.entityLootTableList was corrected from null to its default, [minecraft:creeper|minecraft:chests/desert_pyramid, minecraft:drowned|minecraft:chests/shipwreck_treasure, minecraft:enderman|minecraft:chests/end_city_treasure, minecraft:evoker|minecraft:chests/woodland_mansion, minecraft:husk|minecraft:chests/desert_pyramid, minecraft:piglin|minecraft:chests/bastion_bridge, minecraft:piglin_brute|minecraft:chests/bastion_treasure, minecraft:pillager|minecraft:chests/pillager_outpost, minecraft:skeleton|minecraft:chests/simple_dungeon, minecraft:stray|minecraft:chests/igloo_chest, minecraft:vex|minecraft:chests/woodland_mansion, minecraft:vindicator|minecraft:chests/woodland_mansion, minecraft:witch|minecraft:chests/buried_treasure, minecraft:wither_skeleton|minecraft:chests/nether_bridge, minecraft:zombie|minecraft:chests/simple_dungeon, minecraft:zombie_villager|minecraft:chests/village/village_armorer, minecraft:zombified_piglin|minecraft:chests/bastion_other]. 
[26Feb2026 22:11:29.303] [Server thread/WARN] [net.minecraftforge.common.ForgeConfigSpec/CORE]: Incorrect key server.entityBackpackAdditions.discBlockList was corrected from null to its default, [botania:record_gaia_1, botania:record_gaia_2]. 
[26Feb2026 22:11:29.317] [Server thread/WARN] [net.minecraftforge.common.ForgeConfigSpec/CORE]: Incorrect key server.entityBackpackAdditions.playJukebox was corrected from null to its default, true. 
[26Feb2026 22:11:29.317] [Server thread/WARN] [net.minecraftforge.common.ForgeConfigSpec/CORE]: Incorrect key server.entityBackpackAdditions.dropToFakePlayers was corrected from null to its default, false. 
[26Feb2026 22:11:29.317] [Server thread/WARN] [net.minecraftforge.common.ForgeConfigSpec/CORE]: Incorrect key server.entityBackpackAdditions.backpackDropChance was corrected from null to its default, 0.5. 
[26Feb2026 22:11:29.317] [Server thread/WARN] [net.minecraftforge.common.ForgeConfigSpec/CORE]: Incorrect key server.entityBackpackAdditions.lootingChanceIncreasePerLevel was corrected from null to its default, 0.15. 
[26Feb2026 22:11:29.319] [Server thread/WARN] [net.minecraftforge.common.ForgeConfigSpec/CORE]: Incorrect key server.entityBackpackAdditions.leatherWeight was corrected from null to its default, 625. 
[26Feb2026 22:11:29.319] [Server thread/WARN] [net.minecraftforge.common.ForgeConfigSpec/CORE]: Incorrect key server.entityBackpackAdditions.copperWeight was corrected from null to its default, 250. 
[26Feb2026 22:11:29.320] [Server thread/WARN] [net.minecraftforge.common.ForgeConfigSpec/CORE]: Incorrect key server.entityBackpackAdditions.ironWeight was corrected from null to its default, 125. 
[26Feb2026 22:11:29.320] [Server thread/WARN] [net.minecraftforge.common.ForgeConfigSpec/CORE]: Incorrect key server.entityBackpackAdditions.goldWeight was corrected from null to its default, 25. 
[26Feb2026 22:11:29.320] [Server thread/WARN] [net.minecraftforge.common.ForgeConfigSpec/CORE]: Incorrect key server.entityBackpackAdditions.diamondWeight was corrected from null to its default, 5. 
[26Feb2026 22:11:29.320] [Server thread/WARN] [net.minecraftforge.common.ForgeConfigSpec/CORE]: Incorrect key server.entityBackpackAdditions.netheriteWeight was corrected from null to its default, 1. 
[26Feb2026 22:11:29.324] [Server thread/WARN] [net.minecraftforge.common.ForgeConfigSpec/CORE]: Incorrect key server.entityBackpackAdditions.minBackpackTierMidDifficulty was corrected from null to its default, 1. 
[26Feb2026 22:11:29.325] [Server thread/WARN] [net.minecraftforge.common.ForgeConfigSpec/CORE]: Incorrect key server.entityBackpackAdditions.minBackpackTierHighDifficulty was corrected from null to its default, 2. 
[26Feb2026 22:11:29.325] [Server thread/WARN] [net.minecraftforge.common.ForgeConfigSpec/CORE]: Incorrect key server.entityBackpackAdditions.localDifficultyEffectsBackpackSpawns was corrected from null to its default, true. 
[26Feb2026 22:11:29.325] [Server thread/WARN] [net.minecraftforge.common.ForgeConfigSpec/CORE]: Incorrect key server.nerfs was corrected from null to its default, SimpleCommentedConfig:{}. 
[26Feb2026 22:11:29.329] [Server thread/WARN] [net.minecraftforge.common.ForgeConfigSpec/CORE]: Incorrect key server.nerfs.tooManyBackpacksSlowness was corrected from null to its default, false. 
[26Feb2026 22:11:29.330] [Server thread/WARN] [net.minecraftforge.common.ForgeConfigSpec/CORE]: Incorrect key server.nerfs.maxNumberOfBackpacks was corrected from null to its default, 3. 
[26Feb2026 22:11:29.330] [Server thread/WARN] [net.minecraftforge.common.ForgeConfigSpec/CORE]: Incorrect key server.nerfs.slownessLevelsPerAdditionalBackpack was corrected from null to its default, 1.0. 
[26Feb2026 22:11:29.330] [Server thread/WARN] [net.minecraftforge.common.ForgeConfigSpec/CORE]: Incorrect key server.nerfs.onlyWornBackpackTriggersUpgrades was corrected from null to its default, false. 
[26Feb2026 22:11:29.332] [Server thread/WARN] [net.minecraftforge.common.ForgeConfigSpec/CORE]: Incorrect key server.nerfs.nerfEffect was corrected from null to its default, minecraft:slowness. 
[26Feb2026 22:11:29.332] [Server thread/WARN] [net.minecraftforge.common.ForgeConfigSpec/CORE]: Incorrect key server.maxUpgradesPerStorage was corrected from null to its default, [furnace_upgrades|1, jukebox_upgrades|1, stack_upgrades|3]. 
[26Feb2026 22:11:29.332] [Server thread/WARN] [net.minecraftforge.common.ForgeConfigSpec/CORE]: Incorrect key server.itemFluidHandlerEnabled was corrected from null to its default, true. 
[26Feb2026 22:11:29.333] [Server thread/WARN] [net.minecraftforge.common.ForgeConfigSpec/CORE]: Incorrect key server.allowOpeningOtherPlayerBackpacks was corrected from null to its default, true. 
[26Feb2026 22:11:29.333] [Server thread/WARN] [net.minecraftforge.common.ForgeConfigSpec/CORE]: Incorrect key server.itemDisplayDisabled was corrected from null to its default, false. 
[26Feb2026 22:11:29.333] [Server thread/WARN] [net.minecraftforge.common.ForgeConfigSpec/CORE]: Incorrect key server.tickDedupeLogicDisabled was corrected from null to its default, false. 
[26Feb2026 22:11:29.333] [Server thread/WARN] [net.minecraftforge.common.ForgeConfigSpec/CORE]: Incorrect key server.canBePlacedInContainerItems was corrected from null to its default, false. 
[26Feb2026 22:11:29.488] [Server thread/INFO] [Framework/]: Loading server configs...
[26Feb2026 22:11:29.511] [Server thread/INFO] [net.minecraft.server.dedicated.DedicatedServer/]: Preparing level "world"
[26Feb2026 22:11:38.242] [Server thread/INFO] [net.minecraft.server.MinecraftServer/]: Preparing start region for dimension minecraft:overworld
[26Feb2026 22:11:43.970] [Worker-Main-1/INFO] [net.minecraft.server.level.progress.LoggerChunkProgressListener/]: Preparing spawn area: 0%
[26Feb2026 22:11:43.971] [Worker-Main-1/INFO] [net.minecraft.server.level.progress.LoggerChunkProgressListener/]: Preparing spawn area: 0%
[26Feb2026 22:11:43.977] [Worker-Main-1/INFO] [net.minecraft.server.level.progress.LoggerChunkProgressListener/]: Preparing spawn area: 0%
[26Feb2026 22:11:43.979] [Worker-Main-1/INFO] [net.minecraft.server.level.progress.LoggerChunkProgressListener/]: Preparing spawn area: 0%
[26Feb2026 22:11:43.983] [Worker-Main-1/INFO] [net.minecraft.server.level.progress.LoggerChunkProgressListener/]: Preparing spawn area: 0%
[26Feb2026 22:11:43.984] [Worker-Main-1/INFO] [net.minecraft.server.level.progress.LoggerChunkProgressListener/]: Preparing spawn area: 0%
[26Feb2026 22:11:43.990] [Worker-Main-1/INFO] [net.minecraft.server.level.progress.LoggerChunkProgressListener/]: Preparing spawn area: 0%
[26Feb2026 22:11:43.995] [Worker-Main-1/INFO] [net.minecraft.server.level.progress.LoggerChunkProgressListener/]: Preparing spawn area: 0%
[26Feb2026 22:11:43.996] [Worker-Main-1/INFO] [net.minecraft.server.level.progress.LoggerChunkProgressListener/]: Preparing spawn area: 0%
[26Feb2026 22:11:43.998] [Worker-Main-1/INFO] [net.minecraft.server.level.progress.LoggerChunkProgressListener/]: Preparing spawn area: 0%
[26Feb2026 22:11:44.318] [Worker-Main-1/INFO] [net.minecraft.server.level.progress.LoggerChunkProgressListener/]: Preparing spawn area: 0%
[26Feb2026 22:11:44.325] [Worker-Main-1/INFO] [net.minecraft.server.level.progress.LoggerChunkProgressListener/]: Preparing spawn area: 0%
[26Feb2026 22:11:44.351] [Worker-Main-1/INFO] [net.minecraft.server.level.progress.LoggerChunkProgressListener/]: Preparing spawn area: 0%
[26Feb2026 22:11:44.956] [Worker-Main-1/INFO] [net.minecraft.server.level.progress.LoggerChunkProgressListener/]: Preparing spawn area: 0%
[26Feb2026 22:11:45.248] [Worker-Main-1/INFO] [net.minecraft.server.level.progress.LoggerChunkProgressListener/]: Preparing spawn area: 0%
[26Feb2026 22:11:45.745] [Worker-Main-1/INFO] [net.minecraft.server.level.progress.LoggerChunkProgressListener/]: Preparing spawn area: 0%
[26Feb2026 22:11:46.270] [Worker-Main-1/INFO] [net.minecraft.server.level.progress.LoggerChunkProgressListener/]: Preparing spawn area: 0%
[26Feb2026 22:11:46.762] [Worker-Main-1/INFO] [net.minecraft.server.level.progress.LoggerChunkProgressListener/]: Preparing spawn area: 0%
[26Feb2026 22:11:47.257] [Worker-Main-1/INFO] [net.minecraft.server.level.progress.LoggerChunkProgressListener/]: Preparing spawn area: 0%
[26Feb2026 22:11:47.756] [Worker-Main-1/INFO] [net.minecraft.server.level.progress.LoggerChunkProgressListener/]: Preparing spawn area: 0%
[26Feb2026 22:11:48.289] [Worker-Main-1/INFO] [net.minecraft.server.level.progress.LoggerChunkProgressListener/]: Preparing spawn area: 0%
[26Feb2026 22:11:48.770] [Worker-Main-1/INFO] [net.minecraft.server.level.progress.LoggerChunkProgressListener/]: Preparing spawn area: 0%
[26Feb2026 22:11:49.248] [Worker-Main-1/INFO] [net.minecraft.server.level.progress.LoggerChunkProgressListener/]: Preparing spawn area: 0%
[26Feb2026 22:11:49.746] [Worker-Main-1/INFO] [net.minecraft.server.level.progress.LoggerChunkProgressListener/]: Preparing spawn area: 1%
[26Feb2026 22:11:50.250] [Worker-Main-1/INFO] [net.minecraft.server.level.progress.LoggerChunkProgressListener/]: Preparing spawn area: 1%
[26Feb2026 22:11:50.750] [Worker-Main-1/INFO] [net.minecraft.server.level.progress.LoggerChunkProgressListener/]: Preparing spawn area: 2%
[26Feb2026 22:11:51.338] [Worker-Main-1/INFO] [net.minecraft.server.level.progress.LoggerChunkProgressListener/]: Preparing spawn area: 4%
[26Feb2026 22:11:51.750] [Worker-Main-1/INFO] [net.minecraft.server.level.progress.LoggerChunkProgressListener/]: Preparing spawn area: 4%
[26Feb2026 22:11:52.289] [Worker-Main-1/INFO] [net.minecraft.server.level.progress.LoggerChunkProgressListener/]: Preparing spawn area: 6%
[26Feb2026 22:11:52.747] [Worker-Main-1/INFO] [net.minecraft.server.level.progress.LoggerChunkProgressListener/]: Preparing spawn area: 10%
[26Feb2026 22:11:53.251] [Worker-Main-1/INFO] [net.minecraft.server.level.progress.LoggerChunkProgressListener/]: Preparing spawn area: 13%
[26Feb2026 22:11:53.746] [Worker-Main-1/INFO] [net.minecraft.server.level.progress.LoggerChunkProgressListener/]: Preparing spawn area: 13%
[26Feb2026 22:11:54.244] [Worker-Main-1/INFO] [net.minecraft.server.level.progress.LoggerChunkProgressListener/]: Preparing spawn area: 15%
[26Feb2026 22:11:54.912] [Worker-Main-1/INFO] [net.minecraft.server.level.progress.LoggerChunkProgressListener/]: Preparing spawn area: 18%
[26Feb2026 22:11:55.392] [Worker-Main-1/INFO] [net.minecraft.server.level.progress.LoggerChunkProgressListener/]: Preparing spawn area: 18%
[26Feb2026 22:11:55.746] [Worker-Main-1/INFO] [net.minecraft.server.level.progress.LoggerChunkProgressListener/]: Preparing spawn area: 31%
[26Feb2026 22:11:56.246] [Worker-Main-1/INFO] [net.minecraft.server.level.progress.LoggerChunkProgressListener/]: Preparing spawn area: 36%
[26Feb2026 22:11:56.754] [Worker-Main-1/INFO] [net.minecraft.server.level.progress.LoggerChunkProgressListener/]: Preparing spawn area: 40%
[26Feb2026 22:11:57.252] [Worker-Main-1/INFO] [net.minecraft.server.level.progress.LoggerChunkProgressListener/]: Preparing spawn area: 50%
[26Feb2026 22:11:57.772] [Worker-Main-1/INFO] [net.minecraft.server.level.progress.LoggerChunkProgressListener/]: Preparing spawn area: 64%
[26Feb2026 22:11:58.245] [Worker-Main-1/INFO] [net.minecraft.server.level.progress.LoggerChunkProgressListener/]: Preparing spawn area: 68%
[26Feb2026 22:11:58.744] [Worker-Main-1/INFO] [net.minecraft.server.level.progress.LoggerChunkProgressListener/]: Preparing spawn area: 83%
[26Feb2026 22:11:59.062] [Server thread/INFO] [net.minecraft.server.level.progress.LoggerChunkProgressListener/]: Time elapsed: 20819 ms
[26Feb2026 22:11:59.063] [Server thread/INFO] [net.minecraft.server.dedicated.DedicatedServer/]: Done (30.066s)! For help, type "help"
[26Feb2026 22:11:59.296] [Server thread/INFO] [net.minecraftforge.server.permission.PermissionAPI/]: Successfully initialized permission handler forge:default_handler
[26Feb2026 22:11:59.574] [Server thread/INFO] [net.minecraft.server.MinecraftServer/]: Stopping server
[26Feb2026 22:11:59.580] [Server thread/INFO] [net.minecraft.server.MinecraftServer/]: Saving players
[26Feb2026 22:11:59.581] [Server thread/INFO] [net.minecraft.server.MinecraftServer/]: Saving worlds
[26Feb2026 22:12:03.029] [Server thread/INFO] [net.minecraft.server.MinecraftServer/]: Saving chunks for level 'ServerLevel[world]'/minecraft:overworld
[26Feb2026 22:12:08.940] [Server thread/INFO] [net.minecraft.server.MinecraftServer/]: Saving chunks for level 'ServerLevel[world]'/minecraft:the_end
[26Feb2026 22:12:08.947] [Server thread/INFO] [net.minecraft.server.MinecraftServer/]: Saving chunks for level 'ServerLevel[world]'/minecraft:the_nether
[26Feb2026 22:12:09.103] [Server thread/INFO] [net.minecraft.server.MinecraftServer/]: ThreadedAnvilChunkStorage (world): All chunks are saved
[26Feb2026 22:12:09.103] [Server thread/INFO] [net.minecraft.server.MinecraftServer/]: ThreadedAnvilChunkStorage (DIM1): All chunks are saved
[26Feb2026 22:12:09.104] [Server thread/INFO] [net.minecraft.server.MinecraftServer/]: ThreadedAnvilChunkStorage (DIM-1): All chunks are saved
[26Feb2026 22:12:09.104] [Server thread/INFO] [net.minecraft.server.MinecraftServer/]: ThreadedAnvilChunkStorage: All dimensions are saved
[26Feb2026 22:12:09.210] [Server thread/INFO] [Framework/]: Unloading server configs...
[26Feb2026 22:12:09.212] [Server thread/INFO] [Framework/]: Sending config unload event for refurbished_furniture.server.toml
[26Feb2026 22:12:09.234] [Server thread/INFO] [Framework/]: Finished unloading server configs
[26Feb2026 22:12:09.244] [Server thread/INFO] [journeymap/]: Loading JourneyMap Forge Configs
